phylum,revisedSpecies,8:0_mean,8:0_sd,9:0_mean,9:0_sd,10:0_mean,10:0_sd,11:0_mean,11:0_sd,11:1_mean,11:1_sd,12:0_mean,12:0_sd,13:0_mean,13:0_sd,13:1_mean,13:1_sd,14:0_mean,14:0_sd,14:1_mean,14:1_sd,15:0_mean,15:0_sd,16:0_mean,16:0_sd,16:1w7c_mean,16:1w7c_sd,17:0_mean,17:0_sd,17:1w7c_mean,17:1w7c_sd,18:0_mean,18:0_sd,18:1w9c_mean,18:1w9c_sd,18:1w7c_mean,18:1w7c_sd,18:2w6c_mean,18:2w6c_sd,18:3w6_mean,18:3w6_sd,19:0_mean,19:0_sd,18:3w3_mean,18:3w3_sd,20:0_mean,20:0_sd,20:1w9_mean,20:1w9_sd,20:2w6_mean,20:2w6_sd,20:3w6_mean,20:3w6_sd,20:4w6_mean,20:4w6_sd,20:3w3_mean,20:3w3_sd,20:5w3_mean,20:5w3_sd,22:0_mean,22:0_sd,22:1w9c_mean,22:1w9c_sd,22:2w6_mean,22:2w6_sd,23:0_mean,23:0_sd,22:4w6_mean,22:4w6_sd,22:5w6_mean,22:5w6_sd,22:3w6_mean,22:3w6_sd,22:5w3_mean,22:5w3_sd,22:6w3_mean,22:6w3_sd,24:0_mean,24:0_sd,24:1w9_mean,24:1w9_sd
Chlorophyta,Lambia antarctica,9.605362173725045e-5,5.9719903008566246e-5,0.00195424918198468,8.853914368890175e-4,1.644092442713435e-4,7.290682495023972e-5,4.454111169925395e-5,1.9817258800605045e-5,2.9517902052405366e-4,2.528420637482036e-4,0.001101674474976125,2.757581449147425e-4,4.685274273521973e-5,7.01566300438274e-5,1.31642412117095e-4,2.6328482423419e-4,0.021343653030413075,0.007950651341859509,0,0,0.00107826112833723,3.7325187836474813e-4,0.2053377076439775,0.012896153255464447,0.06966100942629075,0.041367976128669,4.515165420946275e-4,8.434916482405087e-5,0,0,0.013692478068901268,0.003452656109691341,0.015150694122023274,0.0033539641206658858,0.07347707761958197,0.02019015043894772,0.06355353018863195,0.011523995054796192,0.004692014469669322,0.0012051561838193425,0.3767418262545655,0.06539545150429221,0.31971745156199977,0.09533477009493567,7.50502259204225e-5,1.50100451840845e-4,0.0037949706781940425,0.0011522554171891513,0.0011705350755521276,2.393294499254779e-4,5.13912365911115e-4,3.4698620541554647e-4,0.0282665354140717,0.004501335562657334,0.00198853960241874,5.552447704752599e-4,0.16338195606378111,0.08819865380407069,0,0,0,0,0,0,0,0,3.607319221212225e-4,7.21463844242445e-4,4.330032044345575e-4,5.016580047515291e-4,1.2123498033299e-4,2.4246996066598e-4,0.002206908047441965,6.213653271804029e-4,0.00452100139864584,0.0023244794179802957,0.001175625409208375,0.0013657056704458048,0,0
Ochrophyta,Adenocystis utricularis,2.8035870118895e-4,NA,0.00695763424640766,NA,6.5548654080798e-4,NA,1.7374342045512e-4,NA,0.00120435780088214,NA,0.00117671680217337,NA,1.6979470635387e-4,NA,2.092818473664e-4,NA,0.115906605014077,NA,0,NA,0.0043791239382895,NA,0.202924417663388,NA,0.00538209732000774,NA,0.00117276808807212,NA,0,NA,0.04046642210964,NA,0.0648023471156618,NA,0.00150051135847611,NA,0.168681168977322,NA,0.0022981516069292,NA,0.737481589120503,NA,0.0880602731720415,NA,0,NA,0,NA,0.00108984509194581,NA,0,NA,0.109418867745719,NA,0,NA,0.180894541692498,NA,0.00219548504029663,NA,0,NA,0,NA,0,NA,0,NA,0,NA,0,NA,0,NA,0,NA,0,NA,0,NA
Ochrophyta,Ascoseira mirabilis,2.0733334698057965e-5,6.7733124729195605e-6,4.9075937211247e-4,2.6156044678883155e-4,5.393171480413863e-5,9.935112502492696e-6,2.8803501313817866e-5,1.0179859746928075e-5,4.55255570218002e-5,2.201258113409328e-5,3.4748431601375337e-4,1.2480117712012376e-4,4.746569898874663e-5,4.2517269488498526e-5,0,0,0.09870566803741807,0.005169375460779877,0,0,0.00310224688555925,5.441699465665844e-4,0.10647343853956066,0.0041621056640238335,0.00718030823394145,0.0017489209541475686,0.0014019971429575034,1.0567201654383015e-4,0,0,0.0069524549814240465,0.001685294977764285,0.29148350992564065,0.00962803861270726,0,0,0.06385150337780854,0.00530306986378227,0.006806550710547574,0.0010785781192007495,0.10146656842911722,0.024466884168968653,0.07688147969961567,0.008281315735580223,0,0,1.6901132579347e-4,1.4909920007484973e-4,0.0014351288329106167,8.982837126145301e-5,0.008998597778774467,0.0016224443097138253,0.11998512547851,0.0014626400420423664,6.472656645970267e-4,0.001121097017076886,0.203260889638155,0.014980554890144982,0.0015197718330025567,0.00136538486632036,0,0,2.178103333964807e-5,3.772585638562207e-5,5.704714332041566e-6,9.880855065762343e-6,0,0,0,0,0,0,8.2862671158692e-5,7.603070532145775e-5,0,0,0,0,0,0
Ochrophyta,Benthic diatoms,1.574595317971604e-4,7.199428557437621e-5,0.0022996268238293922,0.0013622331365044482,1.2597677562474865e-4,5.2885627756428883e-5,3.1713122133967896e-5,3.766520144418124e-6,2.452801767878875e-4,6.896238568797632e-5,0.0011424858434813624,0.0011662954960275711,3.48146987658189e-5,4.020055140840255e-5,1.97502212874255e-4,3.9500442574851e-4,0.09732526065510043,0.018576791525768247,0,0,0.00347146887396821,5.094604645745947e-4,0.268761153024396,0.0471787526816963,0.3084970186598765,0.016065288045467356,5.380591627574e-4,2.0799954817509887e-4,0,0,0.01000430713444189,0.0037956521920857827,0.015513344884671345,0.023789560862331957,0.007999745514749025,0.005944580873528707,0.002847932538598635,7.3815706795051e-4,0.0013332589661979276,9.550637183097546e-4,0.6446225101846532,0.2734551219147691,0,0,0,0,0.001265121693254145,0.00253024338650829,0,0,3.059546763603625e-4,4.2957283635480293e-4,0.024870817458079574,0.0036525445063461132,0,0,0.1718125315523035,0.0433168169315066,0,0,0,0,0,0,0,0,0,0,0.012951879532104478,0.00503627202718846,0.00343795150312462,0.003969804451579756,0.0016282694821351975,0.002684393083895634,0.0632010655025864,0.006804170269070823,0,0,0,0
Ochrophyta,Cystosphaera jacquinotii,7.24351795763434e-5,1.87821167187511e-5,0.00134015685295697,9.833516670533545e-4,1.217149543867118e-4,7.346187300461998e-5,5.8295649379635e-5,3.421609729119308e-5,2.0187595941546874e-4,1.4626853682478747e-4,2.9563066437495253e-4,1.5826246307723972e-4,4.23411837901777e-5,4.8946280302751023e-5,0,0,0.03396077272153835,0.005455602957579149,0,0,0.0024967496713105327,5.31485893349228e-4,0.19401816349356027,0.0046900766319133485,0.0016414425446038524,0.0020579343065531,0.0019689652847876323,2.1508200768518402e-4,0,0,0.0158308373809759,0.007973270989705067,0.08869678208271076,0.0047097847292935004,1.59238959330855e-4,3.1847791866171e-4,0.06973585995089172,0.009695376500220397,0.00518367627283505,0.001172031200500883,0.2893908707558265,0.006546968319022605,0.12520981569178724,0.01628927032827647,0,0,0,0,4.4179669367397e-4,5.278150843358967e-4,0.0021085011613956074,8.988421538704377e-4,0.2646913026342485,0.021027416004782973,3.1069274093325e-4,6.213854818665e-4,0.1857290432168515,0.023361435159529893,0.001881882861884535,0.002198672833323222,0,0,0,0,0,0,0,0,0,0,0,0,0.003196483822388295,8.059384957968891e-4,0,0,6.055423704118025e-4,4.2987116086452024e-4,0,0
Ochrophyta,Desmarestia anceps,1.85092067879431e-5,2.6175971268277285e-5,0.002011681852857275,4.193077552968964e-4,6.58378230884911e-5,3.1227121195452455e-5,3.88873622508935e-4,1.960648301445996e-4,1.13746206426005e-4,1.5826378264717313e-5,3.0143630753511996e-4,2.1937864364299662e-4,6.326162673217346e-5,2.1782427387754462e-5,0,0,0.0370992724850389,0.0014758384885853412,0,0,0.0024230143700735302,8.160288924170591e-4,0.145997058833428,0.013858673489090334,0.09835861357892894,0.021755387434787783,0.001307173466896315,2.6290590371534075e-4,0,0,0.01976723374809515,0.005430179964593301,0.0692145536796808,0.006392183681655367,0.003710388242543555,0.0017722415875015879,0.0151287485411258,0.001912239714869564,0.00353729574907455,2.588786024578047e-4,0.316687010421382,0.06617595878598431,0.07992580180642145,0.006812350222683297,0,0,0,0,5.8714172147413e-4,7.43302223997953e-7,0.00220749952708277,6.722411256096907e-4,0.237448381773636,0.003119391451955378,0,0,0.190361886101269,0.002090674457661557,1.72292848616115e-4,2.4365888321280438e-4,0,0,0,0,0,0,0.0181468126506708,0.025663468564422302,0,0,0,0,0.07164348423000745,0.004041278632015639,0,0,0,0,0,0
Ochrophyta,Desmarestia antarctica,4.056482158980807e-5,3.3368157179709714e-5,9.270462519947058e-4,9.581206715013605e-4,5.857269351389793e-5,2.675101621315437e-5,1.1018792899262246e-4,3.904509150300012e-5,1.0698077702514367e-4,8.598127174641697e-5,2.597533013387286e-4,8.266929412765789e-5,1.1189784594688366e-4,1.1431231832574597e-4,3.104451417166143e-5,8.213606407103648e-5,0.09264698033789591,0.00498170544966421,0,0,0.001749070883193,2.7860836101059296e-4,0.11168922423195445,0.022296655722635367,0.01576096434670669,0.013369332132208325,6.707724375604114e-4,1.0069078064314373e-4,0,0,0.013556329787347023,0.00485087761934399,0.12058812144886481,0.03880587575611645,2.809082808813257e-4,5.048216954555207e-4,0.0563326093943686,0.01823218788844954,0.008024480944005749,0.00292721163536683,0.22635693063170642,0.09311467224923077,0.07242743081500214,0.016965107677809912,7.702223567307615e-4,0.002037816810131671,0,0,2.1475143124113571e-4,2.072899625219765e-4,0.00714113568078737,0.004008702520407489,0.2514031069887089,0.061970818386552565,2.3872158169455858e-4,3.0561201472223393e-4,0.2447760089270433,0.03186797599053025,2.488879595051286e-5,6.584956451688846e-5,0,0,0,0,0,0,0,0,0,0,0,0,1.6933473043955714e-5,4.480175850692273e-5,0,0,4.128972244619857e-5,7.132730423850886e-5,0,0
Ochrophyta,Desmarestia menziesii,4.4121037290154187e-5,2.370025535455652e-5,5.048392418221499e-4,5.165779972815907e-4,5.091509221415945e-5,1.1967246883657168e-5,4.708932972733427e-5,1.8126082649545833e-5,2.4785757647512637e-5,2.630754076697005e-5,2.3819713009434e-4,8.879885002413432e-5,4.460925409371645e-5,3.330158915317423e-5,6.716464230890737e-6,1.899702961303892e-5,0.057258681239164576,0.011669634306780951,1.3422263094990737e-4,2.497461059741472e-4,0.0016573139548115576,3.9586785964300847e-4,0.13955288906843324,0.019353436703522162,0.02538830221488916,0.026444589267511216,0.00115809925804722,2.0921340095862042e-4,0,0,0.02097633634311536,0.010632062319537883,0.11614144931712454,0.029791945734308756,9.955850302979e-4,0.001088179962103418,0.06494233277565195,0.013029009681768068,0.007026638441046312,0.001987184244034588,0.1808974834866821,0.0405358793796742,0.09290479351532752,0.021324798242450368,0.005444802217248789,0.00863038700691162,3.7056354377328125e-6,1.0481119786504209e-5,0.002301021972393125,4.100997902266086e-4,0.005513144614200947,0.0021765437497682266,0.2387656837553865,0.030806332493128037,0.001162077293957995,0.001034576193407027,0.21628343971426486,0.042805147937014947,2.204050027077875e-4,1.5356164805910812e-4,0,0,1.3722431230354376e-4,3.881289670939855e-4,0,0,0,0,0,0,4.632044297166025e-7,1.3101399733130287e-6,1.8224672417361854e-4,3.360995769568886e-4,6.328940676464387e-4,6.961722999267646e-4,2.549743898694087e-4,2.2757378962588425e-4,0,0
Ochrophyta,Himantothallus grandifolius,6.56162447742158e-5,4.320123006623996e-5,3.9263779330260724e-4,3.5142465068228147e-4,5.88721742822767e-5,6.900230894927603e-6,7.313101494237439e-5,1.625564747291392e-5,7.519118914153743e-5,3.487224546003037e-5,1.9902646820612333e-4,4.6814980183734996e-5,1.62875086172284e-5,2.8210792453755498e-5,0,0,0.0459126828175845,0.005736662454292563,0.0012956853277445134,0.00224419281827503,0.00321625104673342,5.888899472129176e-4,0.16238595820277135,0.011719994900036826,0.033884960162925463,0.006877197042460434,0.0014490447924688232,2.7437368793860545e-4,0,0,0.014549009348027667,0.001499009501238883,0.10502240159862046,0.010321755378485696,4.817328315132433e-4,4.3923183453243176e-4,0.0408123749167756,0.014468372211044621,0.00505902830057724,2.5155804097612227e-4,0.23099322173524267,0.049074909641139516,0.0824291365015988,0.005675065601119581,0.010056121350434467,0.009393753489933829,0,0,0.00195986454983252,2.248178368829588e-4,0.004652076809458903,0.0023842174416249516,0.23922231462539,0.049742618655234584,0.00139086776005423,0.001206032238531207,0.160953620776905,0.01010962819630818,1.1187559433909333e-4,1.937742135222747e-4,0,0,0,0,0,0,0.0154905570327947,0.02683043181834381,0,0,0,0,0.06860443801480266,0.013227824369462031,0,0,1.7923524538095668e-4,3.104445515068919e-4,0,0
Ochrophyta,Microzonia australe,1.239900099090156e-5,6.753979771985531e-6,4.2671928786325503e-4,1.9131180208050683e-4,5.3919460334161655e-5,1.8202871215352335e-5,2.596579341874185e-5,1.0614241077420015e-6,6.943935532095991e-5,3.2687647938209915e-5,2.3137159101204e-4,6.680971464810041e-5,0,0,0,0,0.05024138063364795,0.004282089083298347,0,0,0.00356070376646012,9.253882861367172e-4,0.143586054642695,0.009152730732625503,0.06299621382084565,0.026752705056945564,0.002627273370151135,6.092560523173512e-4,0,0,0.018985025157846898,0.0018381473661222018,0.0457826163469463,5.909599860420421e-6,0.0073947420863940145,4.2511452020110266e-4,0.05051219710781085,0.011514527281534789,0.007151433035653319,0.001952611704670097,0.244627917726623,0.0625763540418014,0.1470068024157525,0.009632114562418045,0,0,0.005034125040978925,0.004635121870955872,0.0036813746948263747,0.0020028251812557333,0.01303690074469775,5.730841331178563e-4,0.1733343293590735,0.01722036135934057,0,0,0.24201365062311,0.010495571460489317,4.6139591218776e-4,3.461241135706651e-6,0,0,0,0,0,0,0,0,4.9821012850969e-4,1.7741803828013817e-5,0,0,0.002307773362459735,3.611709796570024e-4,0.01896798326101165,0.008134922069791467,0,0,0,0
Rhodophyta,Austropugetia crassa,3.62569814903978e-5,3.502719833198398e-6,0.0031819279636449748,0.0013065248068077657,1.29964789902735e-4,7.2916119735030096e-6,6.28914021252935e-4,1.468747557457604e-4,2.1495708094025498e-4,8.35072417112302e-5,9.069381442736949e-4,2.0936442376699342e-4,3.8688985441560496e-4,2.97986618203936e-5,4.06661452392025e-4,5.751061412671424e-4,0.04286095503189925,0.011077121976095911,0,0,0.0049708317103459455,3.1243202912547305e-4,0.225271104996874,0.009563455390769289,0.0373696625897558,0.004418499401683493,0.00115142677112625,2.503134965398877e-4,0,0,0.008392686191576255,9.144729556074529e-4,0.017925967967791948,0.0061907417754781535,0.00240745608008352,5.089149350000553e-4,0.00165384211545595,7.550473114515187e-4,0,0,0.4474896945470835,0.05201084116861128,4.76282016337045e-4,6.735644870182531e-4,0,0,4.1889864087475e-4,5.924121391847279e-4,0,0,2.725710334459e-4,3.854736522092423e-4,0.4684719020709,0.0059745066305176096,0,0,0.18201918133538803,0.011184046002846412,2.56790605193765e-4,3.631567565550174e-4,0,0,0,0,0,0,1.87930554639015e-4,2.6577393915479296e-4,0,0,0,0,0,0,0,0,0,0,0,0
Rhodophyta,Ballia callitricha,3.49898897634315e-5,NA,0.00361316651136066,NA,8.10292183995256e-5,NA,5.15640480724254e-5,NA,1.6758315623538e-4,NA,7.4767869705016e-4,NA,3.4069103190709e-4,NA,0,NA,0.0466175826037634,NA,0,NA,0.00483965422622621,NA,0.256781593108097,NA,0.0387153922366642,NA,0.00275499342558387,NA,0,NA,0.0332661772992962,NA,0.0242848250689669,NA,0.0135484536310298,NA,0.00635158577863554,NA,0.00149351582095489,NA,0.479501449318065,NA,0.00464813061910006,NA,0,NA,0.00701639368414074,NA,0.00217489788476909,NA,0.00144563491917335,NA,0.0878264648793585,NA,0,NA,0.429508263138704,NA,0,NA,0,NA,0,NA,0,NA,0,NA,0,NA,0,NA,0.00361500808450611,NA,0.0300747310382421,NA,0,NA,0,NA
Rhodophyta,Callophyllis atrosanguinea,3.62755265575929e-5,2.0312287870997e-5,2.4030083334533847e-4,2.3157578425006526e-4,6.300723750338123e-5,2.7968855666630362e-5,1.2870254630555e-4,2.6228982523767725e-5,2.279237636998867e-4,9.432152315272163e-5,6.300723696637667e-4,1.698005143098362e-4,0,0,1.4575243205780002e-4,2.5245061765084045e-4,0.01884216454690857,0.003608657420828642,0,0,0.005588635481931253,3.765926044195972e-4,0.2708655765379933,0.031914942988516014,0.018682986420070935,0.009683471062176244,0.00175763499718331,8.083734991398572e-5,0,0,0.00980931715608227,0.002333524763268411,0.011290263658832424,0.0030699735937165305,0.0029443555693026103,0.0011740774496458775,0.003920716585454363,0.001411987324035461,0.0019640005943623133,2.037582289905935e-4,0.18802443034887167,0.02576467348043638,8.489382148528134e-4,0.0014704041206118966,5.552473602201666e-5,9.617166386698269e-5,3.2953175537135334e-4,1.3634291897698248e-5,9.171496575065666e-5,1.588549804945768e-4,7.811302074274633e-4,1.2569718708451036e-5,0.379572210887778,0.027012925921244088,0,0,0.26590827991611465,0.020595961596867555,4.300505231173667e-5,7.448693558608531e-5,2.873643382897433e-4,4.977296342012459e-4,0,0,0,0,0,0,1.0321212554816667e-4,1.7876864540660242e-4,0,0,5.206765855744867e-4,3.094568831187475e-4,0.002971407748586127,0.0011410404475265905,1.4965178340476686e-4,7.401398649112468e-5,0.0011996654257129633,0.0010396068133883653
Rhodophyta,Curdiea racovitzae,1.36799945280022e-5,1.934643379469044e-5,0.00124043371779562,0.0013583880502587432,1.2446450835811983e-4,6.473622480198471e-5,6.80900750935041e-5,3.860946196715158e-6,4.407998236800705e-5,6.233850889400247e-5,0.0116387748614065,3.0934563407855685e-4,3.85249371506235e-4,7.836087125229671e-5,0,0,0.018995033128534303,0.002382325618207561,0,0,0.00238592546436591,4.366181987771806e-5,0.2283815673765895,0.004821757415048764,0.00287005676840274,3.4996409477860047e-4,9.994623351553748e-4,2.050995624011551e-5,0,0,0.008170909718055504,0.0021074701263611583,0.0144942736634277,0.003470083476299833,0.0150816857076023,0.0025361764164884763,0.009778383307695756,0.002568455151051657,0.00545955443034429,0.00233487044582208,0.359352602975477,0.030740879831717166,1.30399054831675e-4,1.8441211186358763e-4,0,0,0.00100006538607218,1.0116461500758542e-4,0.006472270155598595,0.0010295007538819012,0.021035293186980802,0.001926014415895564,0.21884300049551653,0.04807957629356884,0,0,0.431610372699582,0.03266901977281513,4.39534745165395e-4,6.215959977471038e-4,0,0,0,0,0,0,0,0,0,0,0,0,3.3743986502405e-4,4.772120336023581e-4,0,0,0,0,0,0
Rhodophyta,Delisea pulchra,1.3555112463707e-4,NA,0.00523948822891524,NA,1.2352642809668e-4,NA,1.2243327386574e-4,NA,1.5741420925595e-4,NA,0.0131025466120964,NA,0.00114015986287473,NA,0,NA,0.0537449277643684,NA,0,NA,0.00569642669744989,NA,0.264517088186938,NA,0.0237892223738063,NA,0.0014812239829293,NA,0,NA,0.0163284447476126,NA,0.0417322559205233,NA,0.0146034473711827,NA,0.0287313726519047,NA,0.00248583272116696,NA,0.310696295518942,NA,0,NA,0,NA,0,NA,0.00184852380452653,NA,0.0073809773673348,NA,0.113643220694721,NA,0,NA,0.403295204113758,NA,0,NA,0,NA,0,NA,0,NA,0,NA,0,NA,0,NA,0,NA,7.0071186203519e-4,NA,0,NA,0,NA
Rhodophyta,Georgiella confluens,7.1524475173475e-5,1.0115088283194608e-4,0.002528430317522697,0.00346223150627771,1.85712672380255e-4,2.626373799847079e-4,2.0777084337200285e-4,1.6045933973549866e-4,5.70940986033905e-4,8.074324857638163e-4,0.0015059930688777002,6.882322813135942e-4,2.1804110174081e-4,7.850107917328236e-5,0,0,0.0304007949290744,0.004618681511068121,0,0,0.002928102830903675,9.485237901626916e-4,0.260015232274288,0.0016466992063845294,0.05843804240201095,0.0040656073550583306,6.89730088942415e-4,1.3545948810050432e-4,0,0,0.021214875589011698,0.0084101266176179,0.023698629578127448,0.008006626755025751,0.0147277602654006,0.001900582519319455,0.0198423249376799,0.003781722710373965,0.0015382536363558901,1.6347318847314865e-4,0.5247265664416435,0.10328808136966143,0.002912541485907835,0.004118955670345147,0,0,4.07334427584765e-4,5.76057871911856e-4,0.0012431487753823802,1.1481965639701687e-4,0.001395752984436785,1.9464016145245445e-4,0.28913840267563296,0.008863892244316425,0,0,0.2624845896868455,0.031494913946413156,0,0,0,0,0,0,0,0,0,0,0,0,0,0,0.00103739851754347,0.0014671030530957186,0.0025986714497700097,8.997828186145307e-4,0,0,0,0
Rhodophyta,Gymnogongrus antarcticus,1.309252851004361e-4,6.260025661159084e-5,0.0031853769099860598,0.003971173691000903,2.10730710692465e-4,1.1173302207259059e-4,1.174491042500861e-4,4.354205888403329e-5,3.6831626683378997e-4,2.41450049303159e-4,0.0010585610759513,5.803121220927228e-4,2.9102295405083e-4,1.1253182892714681e-4,0,0,0.027179282824635248,0.002055210924274047,0,0,0.006996195178786534,0.0010357622899026563,0.3196585008089275,0.012030314790678353,0.0362099085082433,0.005049588808512378,0.001308006464387775,5.801197286541721e-4,0,0,0.020715508132140677,0.01546202481123557,0.04696577743135555,0.005633517758787876,0.0050259666003940745,7.99526682491347e-4,0.01110878174328005,5.083364633585954e-4,2.89445131948845e-4,4.093372311649267e-4,0.7531928209299665,0.3185640017655285,0,0,0,0,0,0,2.39182204843955e-4,3.3825471796862093e-4,0.001027790199075855,0.0014535148388072174,0.30034632604791,0.002138313097390739,0,0,0.21722030554062,0.008430065442382444,0,0,0,0,0,0,0,0,0,0,0,0,0,0,0,0,3.46640876585445e-4,4.902242289400346e-4,0,0,0,0
Rhodophyta,Hymenocladiopsis sp.,1.1035185283812948e-4,8.969137702452852e-5,0.0030211135219241256,0.001506910340063459,1.8780020758415235e-4,1.032151292851947e-4,1.3186788877209542e-4,5.2776994710428254e-5,3.2865964990204713e-4,2.587662103128057e-4,9.922794169155986e-4,5.574367757338082e-4,1.9099650772648715e-4,5.9748247759727994e-5,8.482621070233857e-5,2.2442905817835347e-4,0.020676969293993756,0.002594687490044863,0,0,0.006507513424690076,0.001894832049036721,0.3126906590785091,0.02238101664771744,0.01156360274317888,0.007201346270435383,0.0024669433497036416,5.798728344663383e-4,0,0,0.018005390882720643,0.004875891996917708,0.029533408377883912,0.0051851647133502,0.014021672537485418,0.004387520443136143,0.042278771269403825,0.005153279406531067,0.003908445933872713,0.00216174425176426,0.325722783579537,0.0717644855991854,3.5335727226793e-4,4.8638055596936046e-4,0,0,0,0,8.143288762757486e-4,2.0609817021250887e-4,0.004382945235773001,9.74385297824852e-4,0.14494851159308772,0.018349400233103774,0,0,0.38166286946052314,0.026137421290516053,1.4946971971328571e-5,3.9545970689588254e-5,0,0,0,0,0,0,0,0,0,0,0,0,2.0266750205796857e-4,1.9492660865679594e-4,9.191009402359614e-4,7.674027254478073e-4,0,0,0,0
Rhodophyta,Iridaea cordata,2.643356254374491e-4,1.6154833288800012e-4,0.001337902009282435,9.920342192674292e-4,2.1512996064020667e-4,8.575881094929995e-5,1.3746262137124887e-4,5.9600064878540486e-5,1.6789783829802051e-4,1.251751039676132e-4,0.008228582411595627,0.010977379662299936,2.66979974532075e-4,2.4276655985477796e-4,2.29917614941763e-4,2.1157703161163013e-4,0.01981177613552068,0.0031108329981494012,0,0,0.0027972700235174234,4.890005237396951e-4,0.2897646662931728,0.03442664278576738,0.00980140668587703,0.007147513472781288,0.0010876266540092983,2.1202897767670921e-4,0,0,0.016857683497209865,0.004491732343596358,0.02999057107368235,0.014857468135338798,0.009061152620239344,0.0036568440254685338,0.011997241997348937,0.004941729665370936,0.002735104957257192,0.0015688132963751213,0.9232285950988647,0.38455736960737336,0.0015684929357868617,0.001542013911572079,3.9101763500380834e-4,2.4875599844072265e-4,1.2499199270046667e-4,3.06166604049823e-4,0.001447505069248765,0.002265430501121966,0.0066912580184090385,0.00814811277356837,0.11782254681337641,0.061226385443413606,0,0,0.4647875958566303,0.04741911064236032,1.1171159347604167e-4,2.736364023695283e-4,3.550553792647667e-4,8.697045096290371e-4,3.905999771889616e-6,9.56770637655705e-6,5.624639671521e-5,1.3777497182242035e-4,0,0,0,0,3.51539979470065e-6,8.610935738901333e-6,2.6326438462535997e-4,6.448634097799448e-4,5.429097941753753e-4,0.001317262962023364,2.3357878635899834e-4,5.721488413181098e-4,8.436959507281567e-4,0.0020666245773363215
Rhodophyta,Meridionella antarctica,4.5234045544657104e-5,3.941928678740215e-5,0.0032573584098491014,0.0033483391519127923,8.225264317610566e-5,4.1237749181266515e-5,4.92232580014054e-5,1.0295894955562374e-5,1.7492244182435332e-4,5.666178921632412e-5,5.602137234095133e-4,2.565364142555029e-4,5.59998105262486e-5,4.901359201969867e-5,0,0,0.008753316450417777,0.0021128501948097602,0,0,0.008671920200698784,0.0011666601697590878,0.3971177881016697,0.013677670865186996,0.034948590253082,0.007879713749664835,0.0020009728752673566,3.2559843925657244e-4,0,0,0.020054172207794287,0.015022875270174624,0.0557615563057094,0.0031041814456440994,0.028232543520084235,0.0027892095643625514,0.0047430078914773265,2.9151154960305935e-4,0.016794437517774333,0.0021180873812438657,0.44546887735529933,0.046658549708715975,0.0011327988230102268,0.0018090105527311566,0,0,4.1326230193316663e-4,7.157913038011145e-4,1.9424036353313e-4,3.364341785200301e-4,0.005453914718087397,0.001910187274984699,0.11771422332769299,0.0013944567765899198,0,0,0.293081019858465,0.013774569173952386,0,0,0,0,0,0,0,0,0,0,0,0,0,0,1.6633927635684e-4,2.881080779442874e-4,5.4069167461448e-4,6.460870914519721e-4,0,0,0,0
Rhodophyta,Myriogramme manginii,1.3714396897501437e-4,3.715204919309439e-5,0.0019829300852097498,6.223962990169573e-4,2.1380220095230688e-4,1.7463303949279637e-4,1.544844952045903e-4,9.095970503283945e-5,3.7098802506115285e-4,1.9518657519235184e-4,6.421215838918442e-4,3.611808778708364e-4,4.1400461671611256e-5,8.053256202649427e-5,0,0,0.021201840760428886,0.005529549258318543,0,0,0.003139907022887554,7.806256755550372e-4,0.2785252306431321,0.04851174110148467,0.013146512237225957,0.006189482037352962,0.0012677349038891872,2.8086850258654094e-4,0,0,0.023793247796926337,0.013503999299472212,0.019183301807041885,0.007695646019864563,0.11106500896818793,0.016279316242245014,0.0221955696482275,0.0022942804244988017,0.006596339572929017,4.523040374269844e-4,0.5719402017700855,0.14939796005206782,0.0014325408110297242,0.001103921797404246,4.322195454583e-5,1.1435454290640386e-4,0,0,0.002074907307790297,3.32321633564814e-4,0.0025423487263879756,3.1064407651148915e-4,0.046379626714444226,0.009086543432903924,0,0,0.43337381442368145,0.09063439569334968,4.3556823713605e-4,4.234916042626658e-4,0,0,0,0,0,0,0,0,0,0,0,0,8.928674346180429e-5,2.3623051857475644e-4,9.053716766842485e-4,0.0019397811655104296,0.001107660888853467,8.200630515188215e-4,0.007958088334142258,0.009963444654104486
Rhodophyta,Myriogramme smithii,1.0628445937917051e-4,7.721734683608836e-5,0.0025464060483262,0.0020695182601465595,2.0559303067486495e-4,1.3812625417257733e-4,6.036869019693475e-4,3.3545970935664485e-4,3.509460057043075e-4,1.5405239995489866e-4,9.93570658755205e-4,6.888184906467007e-4,8.227777571855e-5,1.0112171755783297e-4,1.545435106802925e-4,3.09087021360585e-4,0.019423822943366302,0.006231749178647118,0,0,0.00273762569913047,9.345607623517892e-4,0.27724236710551753,0.05708902340352887,0.009177225276144351,0.006113874222800392,9.7999882498099e-4,3.3866332581398675e-4,0,0,0.01467226165015215,0.0037863932824479685,0.013215685339764072,0.002632154102775563,0.0733703675705661,0.024915768045538012,0.01574657662991955,0.004248496322181019,0.004340712756768855,0.0010385704748965808,0.3393067898069095,0.10076553585716023,0.0030998298103693525,0.0040291161757099025,0,0,0,0,0.0022379507186797575,7.526839138453117e-4,0.00397603370796648,3.97589275373212e-4,0.17982556904811325,0.014152655125037534,0,0,0.37329584275095096,0.1060386802837843,3.350942794968325e-4,2.4123386095130738e-4,0,0,0,0,0,0,0,0,0,0,0,0,4.599342218044225e-4,5.391279693572175e-4,5.93844576516515e-4,0.00118768915303303,2.259486985843925e-4,2.613941568276649e-4,0,0
Rhodophyta,Pachymenia orbicularis,3.03699823094853e-5,4.2949640871105084e-5,0.009152818902392156,0.0066053894604805475,2.2481752642640002e-4,1.4614143144696794e-4,1.4350895260173985e-4,7.052424773876412e-5,1.32868672603995e-4,1.8790467881108023e-4,0.00158893506057345,5.291078775488876e-4,1.91077805363845e-4,2.7022482381403615e-4,0,0,0.0110423263621004,9.166931132966923e-4,0,0,0.003570875121278155,5.334732871914244e-4,0.29291926451406747,0.00991173998534525,0.0251823220397233,2.1039826261735444e-4,0.001991182985636085,3.248788129290047e-4,0,0,0.028107530456469403,0.014613773456539568,0.04365634901980635,0.007151823089749006,0.003023199790874185,6.208089132881963e-4,0.0050723147577399,9.563758069285019e-4,0,0,1.177752098152069,0.5679397559874103,0,0,0,0,0,0,0,0,1.37930336322245e-4,1.9506295228960123e-4,0.13459765166690352,0.012648073989634153,0,0,0.43914481151580853,0.012086845199744647,8.984453099889e-5,1.2705935424368018e-4,0,0,0,0,0,0,0,0,0,0,0,0,0,0,0,0,0,0,0,0
Rhodophyta,Palmaria decipiens,7.364935656141723e-5,5.341013255622789e-5,9.220032108850667e-4,2.2479242872311753e-4,1.430924695389083e-4,9.790365252379871e-5,8.133784292019776e-5,5.319322355735648e-5,2.2388650484774823e-4,1.8746435203410253e-4,7.527547526371967e-4,4.83126092582034e-4,7.61347405599252e-5,8.690784617536349e-5,2.3009508340946666e-4,3.985363750369949e-4,0.07533204180720787,0.0078052163044274835,0.0016111489768986468,0.0027905918865510715,0.00582079165173989,0.0015003713863969697,0.151740145044116,0.013277511876377568,0.039692670200793104,0.025311819397329377,7.493293761938701e-4,2.7700551977779566e-4,0,0,0.014098277266313556,0.008584755240129449,0.03266641237845257,0.006213113508314796,0.019747172510395233,0.00409943251281431,0.00233546368564582,0.0013052204591061142,0.0017533710218535067,6.789368092080841e-4,0.32974100086034636,0.05403491396108323,0.0029701431092063,0.002111079158848427,0,0,0.0033807401295463967,0.0012333440763550995,0,0,4.899975812248233e-4,5.711582642056189e-4,0.006551722630857994,0.0026890863538478293,0,0,0.6317571640379697,0.059333647893087794,4.918701265897e-4,4.6746442593290484e-4,0,0,0.004535676822754266,0.007856022703722966,0,0,0,0,0,0,0,0,7.8552517243975e-4,7.57203936743011e-4,6.221226825930067e-4,0.0010775480947921336,3.652598258478267e-4,6.326485763321957e-4,0,0
Rhodophyta,Pantoneura plocamioides,1.1434085287121e-4,NA,0.00233422667934642,NA,6.6931230949001e-4,NA,3.0955694313913e-4,NA,8.1711877783572e-4,NA,0.0187435334670099,NA,5.3544984759201e-4,NA,0.0013971894460604,NA,0.0120587767759784,NA,0,NA,0.00324058709844747,NA,0.282767717951793,NA,0.0736048324348745,NA,0.00125217177900423,NA,0,NA,0.026507556257094,NA,0.0534417991114879,NA,0.0563811956706649,NA,0.0157678824910689,NA,6.5815710433184e-4,NA,0.499334870892444,NA,0.00123265016997744,NA,0,NA,0,NA,0.00193821689623149,NA,7.4739874559718e-4,NA,0.12286064081076,NA,0,NA,0.317399052365322,NA,0,NA,0,NA,0,NA,0,NA,0,NA,0,NA,0,NA,0.00165375916469824,NA,0.00356687684932385,NA,0,NA,0,NA
Rhodophyta,Paraglossum salicifolium,1.1217652846362e-4,NA,0.00214303909585718,NA,1.7994984774373e-4,NA,2.7576729913974e-4,NA,1.191875614926e-4,NA,0.00210097289768332,NA,2.5940822207213e-4,NA,0,NA,0.0289345333105864,NA,0,NA,0.00500354057167963,NA,0.310813116240591,NA,0.094286709184687,NA,0.00154476427738451,NA,0,NA,0.0172261081521955,NA,0.0438470005632196,NA,0.0211639717034707,NA,0.00333257769977354,NA,0.00277870609048439,NA,0.393515261850399,NA,0.00162655966272257,NA,0,NA,0,NA,0,NA,5.0245736707665e-4,NA,0.372316234981783,NA,0,NA,0.0849316541130225,NA,0,NA,0,NA,0,NA,0,NA,0,NA,9.3013038184422e-4,NA,0,NA,0.00171302907007995,NA,0.00385840517694679,NA,0,NA,0,NA
Rhodophyta,Phyllophora antarctica,8.279853658064855e-5,8.154222411608966e-5,4.959763959329937e-4,3.89330566374701e-4,6.99907718056864e-5,3.7183267269104376e-5,4.543179941538024e-5,1.7299783623212985e-5,1.5310142122571593e-4,7.167928610272883e-5,6.2039475668169e-4,1.8085980911399606e-4,5.3937039439636e-5,1.2060688669211326e-4,4.7654669880586e-5,1.0655908129830208e-4,0.01773499097107658,0.001886041089551487,1.88229843117664e-4,4.208947246052177e-4,0.00400499125774542,4.727604178210138e-4,0.2519890812611346,0.01867434331389874,0.034271630284620026,0.05100564613404,0.001901306414926552,6.074665700544101e-4,0,0,0.008971207758445144,0.0012539521518335356,0.02027463849957366,0.0039668283258719045,0.005113431696639144,0.0050070472247824216,0.016042151777503542,0.0021123861953961597,0.001320143139742242,6.262563366112125e-4,0.26294422607614376,0.050042514325077295,8.43776852983684e-4,8.978168273284829e-4,3.804985269535e-5,8.50820571606562e-5,7.0944214037722e-5,1.586360851986412e-4,3.41271236699262e-4,1.9610222452924868e-4,9.07452239738908e-4,3.2397044495205575e-4,0.39832971476970275,0.1905196188532404,0,0,0.23159176329275505,0.13351385442614103,2.0883958492094e-5,4.669795082760619e-5,9.8058843477656e-5,2.1926623981105068e-4,0,0,0,0,1.72043775547528e-4,2.3823269816824094e-4,0,0,0,0,0.001040878619943766,0.0023274753505204294,0.002191658632490878,0.0037652046568463302,7.814196389426201e-5,1.7473074316290402e-4,8.94275997416474e-4,0.001999661920869662
Rhodophyta,Picconiella plumosa,1.314516468262315e-5,1.859007017379348e-5,6.617425504459179e-4,9.082896716003393e-4,7.616051421808225e-5,2.36625971036197e-5,7.666173586930714e-5,5.1406518048471514e-5,5.959141322789e-5,8.42749847878615e-5,0.001040004702046925,4.718823172280489e-4,1.5068738753117e-4,6.934093778115618e-5,0,0,0.0199282948888636,0.0023370729665211963,0,0,0.004411079992215655,1.8776097713999807e-4,0.31015425004978603,0.006905907864046814,0.046571398590205704,9.904675160323886e-4,9.97275247642805e-4,1.065765924467261e-4,0,0,0.0164072480240172,0.001942815578300292,0.050890990668786454,0.005592000910712344,0.11129409345633151,0.005046751965713424,0.00789201785778609,1.0706251237027496e-4,0.002966896526561095,3.4396276601031444e-4,0.320560692206711,0.009097871132778485,0.001629476761114035,0.001097312911854276,0,0,0.001446330904215205,3.8222916887176774e-4,4.10154290106705e-4,5.800457597344112e-4,0.005225095157322625,0.001031596436738263,0.09086826672021214,0.003018850632540599,0,0,0.32275998586918253,0.003164388217277208,1.07166204065885e-4,1.515558992180173e-4,0,0,0,0,0,0,0,0,0,0,0,0,0.00142011896271629,0.001346544999069547,0.0025418663608464,4.146005435186559e-4,0,0,0,0
Rhodophyta,Plocamium sp.,5.6854902030152634e-5,1.7362063194916352e-5,4.2179730674606335e-4,2.3913673353434772e-4,1.5155006347589e-4,3.5115009024901044e-5,7.06456790085886e-5,1.0285147216291003e-5,3.389203259538395e-4,5.224493390449584e-4,0.00719886467723048,5.412670117204663e-4,2.589518672772533e-4,1.2214269582033348e-4,5.6816018428616664e-5,9.840823060213371e-5,0.046045652895705134,0.002613737371407652,0,0,0.0028492894845693097,7.381425811315719e-4,0.22899845534702834,0.001840322628303237,0.04048536499007313,0.05013462452774108,0.0010321924988352666,2.1661529267826094e-4,0,0,0.014375075082078267,0.006569476296569498,0.006605839779033814,0.0026937289975141466,0.00394041282691193,7.729312687609556e-4,0.006538575461640483,0.003454627618453747,0.00348213763216527,0.0013305775001486793,0.24276799731131632,0.025603229822052955,0.004227258344940223,0.00280247702843111,0.0025216390873893865,4.67365956640977e-4,2.2201151271122334e-4,1.9246757773225238e-4,0.0014602037569803267,1.5388024850084583e-4,0.049942507212688766,0.007046716717427506,0.13176966756466035,0.004992224057305179,0,0,0.43809585340514134,0.04367017703949355,0.004576874230887406,0.002951276216173546,1.9840986540255333e-4,3.4365596760012475e-4,0,0,0,0,1.3385972928208365e-5,2.318518522039843e-5,2.052515848991947e-5,3.5550617337944216e-5,8.3290498219963e-6,1.4426337470470104e-5,2.6355493365316665e-4,4.5649053567272914e-4,0.00373222514732828,0.0028384030055584315,4.015791878462333e-5,6.955555566119222e-5,0,0
Rhodophyta,Porphyra plocamiestris,1.0361033328095248e-4,6.691233191451177e-5,0.0035865737962205374,0.004903425193611594,1.7836109971371586e-4,1.4796681880467714e-4,6.6611887550550907e-05,3.890537883509821e-5,2.9205468276779297e-4,2.5057632750812703e-4,3.95842687588545e-4,1.9293282031524202e-4,0,0,0,0,0.0020317387661013776,7.787304534828424e-4,1.905034052483675e-4,3.81006810496735e-4,7.701802910430325e-4,2.2367848988807715e-4,0.21867745797406477,0.004854820019839903,0.00190056049111002,0.001705405390448256,3.82205248958615e-4,1.3148531546759335e-4,0,0,0.015402677672174018,0.007780960112318912,0.012018386583241072,0.003839205485705514,0.009286673752607213,0.0016574644398835527,0.029477712395610475,0.006581702550187121,0.0018556343159889174,6.542173925363755e-4,0.37602561557118197,0.11899038566073646,0.00146835754124518,0.0011685874557329178,0,0,0.028705659750282324,0.007319152954289267,0.03652242885198522,0.004991736879309487,0.015089194178485602,0.002676584099514339,0.05366896054757747,0.011143270149294218,0.0016579523319722273,0.0019413275181367113,0.5640591265868172,0.04358317536246212,0,0,0,0,0.0013567657095911998,1.4731148691666079e-4,0,0,0,0,0,0,0,0,8.54769118773395e-4,6.082846962312802e-4,0,0,0,0,0,0
Rhodophyta,Sarcopeltis antarctica,2.1979211349953145e-4,1.5175671669418072e-4,0.006401004165016443,0.0055427529838140395,3.7819956352724414e-4,3.015165067799977e-4,1.6137705001066784e-4,8.151185097825703e-5,9.424239299981816e-4,0.0013106392482842085,0.001691068981098405,5.40544289124394e-4,1.7264044862485168e-4,1.3942531552628223e-4,0,0,0.020906724004767833,0.008328465943769714,0,0,0.004562978163763778,5.024300734360145e-4,0.32666801699350584,0.040138512602216764,0.017512249256220483,0.006100890338745172,0.00191507099223994,2.916352008217382e-4,0,0,0.0347749984780752,0.019352156379590885,0.04686357603223433,0.015429867109577208,0.004431917782258292,0.0032825293762607,0.003523838546494215,5.01179406862583e-4,8.5638166958768e-4,7.866755422438634e-4,1.2378474099120054,0.5044881418715239,0,0,0,0,0,0,0,0,0,0,0.24865048493019315,0.09379974894902172,0,0,0.27936725689888414,0.10536564853886328,0,0,0,0,0,0,0,0,0,0,0,0,0,0,0,0,0,0,0,0,0,0
Rhodophyta,Trematocarpus antarcticus,1.0144836433297206e-4,4.841764793627213e-5,0.002581241446574518,0.0021411442925991747,1.7916927263810742e-4,1.6202315848372738e-4,2.0212551597095001e-4,7.070747225024583e-5,6.25784511853268e-4,6.674670553093339e-4,9.68514793724054e-4,5.618067448592797e-4,1.58051052306546e-4,1.779942497171944e-4,1.0981785789191999e-4,2.4556019538974483e-4,0.02374440320375702,0.008496722317400994,0,0,0.003909815425563374,0.001201219370159049,0.3063824104927194,0.030170440501295137,0.007645802417793064,0.003986508005537342,0.001592425897667394,3.876817503123999e-4,1.76381619271454e-4,3.9440129067245806e-4,0.01728667488470508,0.01308816711234716,0.0136712238964578,0.003577452278701274,0.001569079791800962,9.146345688370805e-4,0.003740501711460016,7.58357023273809e-4,0.001319635286116136,3.646692796563385e-4,0.3130170391695918,0.14174118076881148,1.45261116703522e-4,3.2481373143660537e-4,2.728471601158e-5,6.101047974866982e-5,0,0,3.9916528979904003e-5,8.925607222490568e-5,5.179472058808901e-4,4.7905174238411965e-4,0.4731241355692106,0.053252933492500105,0,0,0.1396181440575675,0.04984046359737668,0,0,0,0,0,0,0,0,0,0,0,0,0,0,1.62173495522274e-5,3.626309601365624e-5,2.25342816157402e-4,3.268684676355788e-4,1.9126112806316642e-5,4.276728838025328e-5,3.02117084526094e-4,6.75554338164396e-4
