Data Filename,Sample Type,FA,Ret Time,Area,Height,Conc,,,Area %,Height %,,Notes
DEME_03F0154_0033_342020_7.qgd,Unknown,8:0,6.202,2930,1208,0.0048,-----,-----,66.6667,64.358,1,
DEME_04F0245_0034_342020_27.qgd,Unknown,8:0,6.205,4120,1503,0.0067,-----,-----,87.4363,81.3752,1,
DEME_12F1165_0090_342020_21.qgd,Unknown,8:0,6.205,3827,1463,0.0062,-----,-----,87.6948,89.3162,1,
DEME_13F1242_0087_342020_22.qgd,Unknown,8:0,6.205,3689,1197,0.006,-----,-----,53.8619,49.668,1,
DEME_14F1312_0088_342020_12.qgd,Unknown,8:0,6.205,8771,3015,0.0143,-----,-----,86.6871,80.8745,1,
DEME_15F1416_0089_342020_13.qgd,Unknown,8:0,6.205,11435,4061,0.0186,-----,-----,83.4915,75.3852,1,
HIGR_07F0558_0050_342020_26.qgd,Unknown,8:0,6.204,3465,1269,0.0056,-----,-----,91.594,83.6519,1,
HIGR_11F0992_0124_342020_18.qgd,Unknown,8:0,6.208,2118,757,0.0035,-----,-----,74.7354,75.0992,1,
HIGR_12F1091_0125_342020_16.qgd,Unknown,8:0,6.205,5411,1978,0.0088,-----,-----,84.7588,75.9892,1,
IRCO_08F0676_0069_342020_10.qgd,Unknown,8:0,6.205,3072,1324,0.005,-----,-----,89.1727,87.22,1,
IRCO_09F0720_0070_342020_11.qgd,Unknown,8:0,6.207,3399,1098,0.0055,-----,-----,72.1197,78.9928,1,
IRCO_10F0875_0071_342020_23.qgd,Unknown,8:0,6.204,5208,1727,0.0085,-----,-----,86.526,79.3294,1,
IRCO_15F1424_0105_342020_20.qgd,Unknown,8:0,6.206,3058,1381,0.005,-----,-----,100,100,1,
PHAN_02F0095_0051_342020_8.qgd,Unknown,8:0,6.204,3952,1587,0.0064,-----,-----,63.2725,64.6436,1,
PHAN_03F0175_0052_342020_9.qgd,Unknown,8:0,6.203,3090,1193,0.005,-----,-----,64.3214,56.3267,1,
PHAN_04F0230_0053_342020_25.qgd,Unknown,8:0,6.202,3973,1434,0.0065,-----,-----,87.0318,77.6394,1,
PLCA_09F0719_0108_342020_19.qgd,Unknown,8:0,6.204,3852,1430,0.0063,-----,-----,70.2151,69.1824,1,
PLCA_14F1214_0106_342020_14.qgd,Unknown,8:0,6.208,5206,1689,0.0085,-----,-----,54.297,49.2276,1,
PLCA_15F1397_0107_342020_15.qgd,Unknown,8:0,6.205,2340,877,0.0038,-----,-----,75.6058,73.4506,1,
DEME_03F0154_0033_342020_7.qgd,Unknown,9:0,7.356,21027,7921,0.0327,-----,-----,72.0843,71.515,1,
DEME_04F0245_0034_342020_27.qgd,Unknown,9:0,7.364,10991,3645,0.0171,-----,-----,72.7977,71.1636,1,
DEME_12F1165_0090_342020_21.qgd,Unknown,9:0,7.369,12970,4297,0.0202,-----,-----,52.0111,50.1576,1,
DEME_13F1242_0087_342020_22.qgd,Unknown,9:0,7.355,37020,13311,0.0576,-----,-----,79.3127,82.4619,1,
DEME_14F1312_0088_342020_12.qgd,Unknown,9:0,7.356,32823,11625,0.0511,-----,-----,79.8769,79.1355,1,
DEME_15F1416_0089_342020_13.qgd,Unknown,9:0,7.369,27491,9462,0.0428,-----,-----,81.1926,81.038,1,
HIGR_07F0558_0050_342020_26.qgd,Unknown,9:0,7.365,11088,3912,0.0173,-----,-----,72.5559,69.1044,1,
HIGR_11F0992_0124_342020_18.qgd,Unknown,9:0,7.364,12641,4426,0.0197,-----,-----,56.9132,57.8486,1,
HIGR_12F1091_0125_342020_16.qgd,Unknown,9:0,7.369,13347,5659,0.0208,-----,-----,27.9829,33.7689,1,
IRCO_08F0676_0069_342020_10.qgd,Unknown,9:0,7.363,17719,6544,0.0276,-----,-----,51.7343,54.1946,1,
IRCO_09F0720_0070_342020_11.qgd,Unknown,9:0,7.354,20014,7038,0.0311,-----,-----,65.256,67.1501,1,
IRCO_10F0875_0071_342020_23.qgd,Unknown,9:0,7.365,11854,4131,0.0184,-----,-----,63.2382,67.2911,1,
IRCO_15F1424_0105_342020_20.qgd,Unknown,9:0,7.368,3422,1441,0.0053,-----,-----,30.007,34.2362,1,
PHAN_02F0095_0051_342020_8.qgd,Unknown,9:0,7.358,24897,9235,0.0387,-----,-----,68.0302,74.8986,1,
PHAN_03F0175_0052_342020_9.qgd,Unknown,9:0,7.356,37343,13947,0.0581,-----,-----,71.7555,75.7783,1,
PHAN_04F0230_0053_342020_25.qgd,Unknown,9:0,7.355,25773,8902,0.0401,-----,-----,55.1695,57.0349,1,
PLCA_09F0719_0108_342020_19.qgd,Unknown,9:0,7.357,28188,10173,0.0439,-----,-----,59.8586,60.5896,1,
PLCA_14F1214_0106_342020_14.qgd,Unknown,9:0,7.359,47949,16972,0.0746,-----,-----,66.9118,68.933,1,
PLCA_15F1397_0107_342020_15.qgd,Unknown,9:0,7.356,9537,3707,0.0148,-----,-----,48.9403,51.124,1,
DEME_03F0154_0033_342020_7.qgd,Unknown,10:0,8.484,4039,2242,0.0064,-----,-----,37.4432,45.1107,1,
DEME_04F0245_0034_342020_27.qgd,Unknown,10:0,8.485,5306,2905,0.0084,-----,-----,56.6034,65.9777,1,
DEME_12F1165_0090_342020_21.qgd,Unknown,10:0,8.485,5019,2782,0.0079,-----,-----,43.1742,48.56,1,
DEME_13F1242_0087_342020_22.qgd,Unknown,10:0,8.486,5029,2906,0.0079,-----,-----,37.4991,40.5074,1,
DEME_14F1312_0088_342020_12.qgd,Unknown,10:0,8.488,5235,3227,0.0083,-----,-----,34.4862,41.0194,1,
DEME_15F1416_0089_342020_13.qgd,Unknown,10:0,8.489,7022,4079,0.0111,-----,-----,46.0127,51.8627,1,
HIGR_07F0558_0050_342020_26.qgd,Unknown,10:0,8.482,4383,2814,0.0069,-----,-----,70.6138,75.5639,1,
HIGR_11F0992_0124_342020_18.qgd,Unknown,10:0,8.489,2936,1583,0.0046,-----,-----,45.6397,49.8897,1,
HIGR_12F1091_0125_342020_16.qgd,Unknown,10:0,8.488,4085,2239,0.0064,-----,-----,40.4856,44.771,1,
IRCO_08F0676_0069_342020_10.qgd,Unknown,10:0,8.488,2643,1619,0.0042,-----,-----,53.1898,59.1524,1,
IRCO_09F0720_0070_342020_11.qgd,Unknown,10:0,8.488,1829,756,0.0029,-----,-----,51.8571,69.5492,1,
IRCO_10F0875_0071_342020_23.qgd,Unknown,10:0,8.484,7053,4315,0.0111,-----,-----,84.2149,86.9609,1,
IRCO_15F1424_0105_342020_20.qgd,Unknown,10:0,8.485,1751,1116,0.0028,-----,-----,44.3403,54.6791,1,
PHAN_02F0095_0051_342020_8.qgd,Unknown,10:0,8.484,3513,1999,0.0055,-----,-----,57.1405,59.0896,1,
PHAN_03F0175_0052_342020_9.qgd,Unknown,10:0,8.485,4180,2547,0.0066,-----,-----,49.5907,60.9476,1,
PHAN_04F0230_0053_342020_25.qgd,Unknown,10:0,8.483,3454,2312,0.0054,-----,-----,62.88,72.2952,1,
PLCA_09F0719_0108_342020_19.qgd,Unknown,10:0,8.486,7322,3948,0.0116,-----,-----,57.4049,61.8712,1,
PLCA_14F1214_0106_342020_14.qgd,Unknown,10:0,8.489,8433,4611,0.0133,-----,-----,49.0234,52.6911,1,
PLCA_15F1397_0107_342020_15.qgd,Unknown,10:0,8.49,4614,2498,0.0073,-----,-----,65.7078,66.9346,1,
DEME_03F0154_0033_342020_7.qgd,Unknown,11:0,9.544,4928,1892,0.0077,-----,-----,69.068,64.7723,1,
DEME_04F0245_0034_342020_27.qgd,Unknown,11:0,9.548,10440,6040,0.0162,-----,-----,91.5388,93.7888,1,
DEME_12F1165_0090_342020_21.qgd,Unknown,11:0,9.546,5863,2189,0.0091,-----,-----,53.4458,51.9582,1,
DEME_13F1242_0087_342020_22.qgd,Unknown,11:0,9.548,8060,4520,0.0125,-----,-----,57.4442,61.413,1,
DEME_14F1312_0088_342020_12.qgd,Unknown,11:0,9.549,9869,4942,0.0153,-----,-----,68.3212,71.9255,1,
DEME_15F1416_0089_342020_13.qgd,Unknown,11:0,9.55,12667,7558,0.0197,-----,-----,68.5889,79.0917,1,
HIGR_07F0558_0050_342020_26.qgd,Unknown,11:0,9.548,7193,3838,0.0112,-----,-----,77.3358,80.0083,1,
HIGR_11F0992_0124_342020_18.qgd,Unknown,11:0,9.55,5861,2963,0.0091,-----,-----,76.8353,84.224,1,
HIGR_12F1091_0125_342020_16.qgd,Unknown,11:0,9.55,4413,2932,0.0069,-----,-----,53.8631,56.7887,1,
IRCO_08F0676_0069_342020_10.qgd,Unknown,11:0,9.545,952,485,0.0015,-----,-----,30.251,26.766,1,
IRCO_09F0720_0070_342020_11.qgd,Unknown,11:0,9.505,2248,772,0.0035,-----,-----,66.4892,55.2613,1,
IRCO_10F0875_0071_342020_23.qgd,Unknown,11:0,9.547,3570,1603,0.0055,-----,-----,72.4138,77.5895,1,
IRCO_15F1424_0105_342020_20.qgd,Unknown,11:0,9.551,1447,909,0.0022,-----,-----,28.7617,31.8724,1,
PHAN_02F0095_0051_342020_8.qgd,Unknown,11:0,9.548,9985,5244,0.0155,-----,-----,85.3638,88.8362,1,
PHAN_03F0175_0052_342020_9.qgd,Unknown,11:0,9.548,11038,6171,0.0171,-----,-----,74.1004,81.0055,1,
PHAN_04F0230_0053_342020_25.qgd,Unknown,11:0,9.548,1781,1242,0.0028,-----,-----,48.2525,50.5083,1,
PLCA_09F0719_0108_342020_19.qgd,Unknown,11:0,9.548,2179,1219,0.0034,-----,-----,29.6301,28.362,1,
PLCA_14F1214_0106_342020_14.qgd,Unknown,11:0,9.553,4889,1979,0.0076,-----,-----,19.8885,15.1381,1,
PLCA_15F1397_0107_342020_15.qgd,Unknown,11:0,9.547,4139,1816,0.0064,-----,-----,45.2449,43.269,1,
DEME_03F0154_0033_342020_7.qgd,Unknown,11:1,10.032,1220,259,0.0053,-----,-----,21.6044,8.5875,1,
DEME_04F0245_0034_342020_27.qgd,Unknown,11:1,10.031,632,331,0.0028,-----,-----,5.5139,4.4234,1,
DEME_12F1165_0090_342020_21.qgd,Unknown,11:1,10.03,1113,456,0.0048,-----,-----,13.4307,10.238,1,
DEME_13F1242_0087_342020_22.qgd,Unknown,11:1,10.03,1314,505,0.0057,-----,-----,11.6644,7.3146,1,
DEME_14F1312_0088_342020_12.qgd,Unknown,11:1,10.03,552,271,0.0024,-----,-----,5.1311,3.9066,1,
DEME_15F1416_0089_342020_13.qgd,Unknown,11:1,10.042,905,340,0.0039,-----,-----,6.5737,3.7946,1,
HIGR_07F0558_0050_342020_26.qgd,Unknown,11:1,10.031,1013,412,0.0044,-----,-----,10.8831,7.6537,1,
HIGR_11F0992_0124_342020_18.qgd,Unknown,11:1,10.033,1430,652,0.0062,-----,-----,18.2398,15.2479,1,
HIGR_12F1091_0125_342020_16.qgd,Unknown,11:1,10.034,4081,1747,0.0178,-----,-----,39.1275,29.3811,1,
IRCO_08F0676_0069_342020_10.qgd,Unknown,11:1,10.031,969,634,0.0042,-----,-----,41.6774,42.9831,1,
IRCO_09F0720_0070_342020_11.qgd,Unknown,11:1,10.033,740,334,0.0032,-----,-----,70.0758,68.1633,1,
IRCO_10F0875_0071_342020_23.qgd,Unknown,11:1,10.03,682,270,0.003,-----,-----,15.5886,11.2688,1,
IRCO_15F1424_0105_342020_20.qgd,Unknown,11:1,10.038,1007,279,0.0044,-----,-----,27.9489,15.4914,1,
PHAN_02F0095_0051_342020_8.qgd,Unknown,11:1,10.029,1239,500,0.0054,-----,-----,10.8087,7.5438,1,
PHAN_03F0175_0052_342020_9.qgd,Unknown,11:1,10.035,1815,763,0.0079,-----,-----,13.3006,9.2205,1,
PHAN_04F0230_0053_342020_25.qgd,Unknown,11:1,10.034,1575,523,0.0069,-----,-----,29.5442,18.1408,1,
PLCA_09F0719_0108_342020_19.qgd,Unknown,11:1,10.038,1787,830,0.0078,-----,-----,26.7235,22.659,1,
PLCA_14F1214_0106_342020_14.qgd,Unknown,11:1,10.051,24199,13961,0.1054,-----,-----,46.1989,45.3972,1,
PLCA_15F1397_0107_342020_15.qgd,Unknown,11:1,10.032,1592,651,0.0069,-----,-----,16.2981,12.6432,1,
DEME_03F0154_0033_342020_7.qgd,Unknown,12:0,10.584,18106,11872,0.028,-----,-----,83.5071,85.3548,1,
DEME_04F0245_0034_342020_27.qgd,Unknown,12:0,10.588,24124,14366,0.0373,-----,-----,81.07,82.2512,1,
DEME_12F1165_0090_342020_21.qgd,Unknown,12:0,10.589,17987,10859,0.0278,-----,-----,86.2644,86.8651,1,
DEME_13F1242_0087_342020_22.qgd,Unknown,12:0,10.587,16608,9666,0.0257,-----,-----,79.506,83.2056,1,
DEME_14F1312_0088_342020_12.qgd,Unknown,12:0,10.589,24347,14053,0.0376,-----,-----,83.4659,86.3684,1,
DEME_15F1416_0089_342020_13.qgd,Unknown,12:0,10.589,22946,14393,0.0355,-----,-----,86.1336,88.4363,1,
HIGR_07F0558_0050_342020_26.qgd,Unknown,12:0,10.586,14955,9355,0.0231,-----,-----,86.3652,87.0881,1,
HIGR_11F0992_0124_342020_18.qgd,Unknown,12:0,10.59,11579,7703,0.0179,-----,-----,78.8921,85.4275,1,
HIGR_12F1091_0125_342020_16.qgd,Unknown,12:0,10.59,12117,7498,0.0187,-----,-----,71.605,74.8901,1,
IRCO_08F0676_0069_342020_10.qgd,Unknown,12:0,10.586,18304,11325,0.0283,-----,-----,93.4593,94.7461,1,
IRCO_09F0720_0070_342020_11.qgd,Unknown,12:0,10.588,10984,6387,0.017,-----,-----,91.2899,92.8478,1,
IRCO_10F0875_0071_342020_23.qgd,Unknown,12:0,10.588,474507,310857,0.7336,-----,-----,99.3193,99.4596,1,
IRCO_15F1424_0105_342020_20.qgd,Unknown,12:0,10.589,18366,12058,0.0284,-----,-----,89.6777,94.159,1,
PHAN_02F0095_0051_342020_8.qgd,Unknown,12:0,10.585,35590,22450,0.055,-----,-----,91.9258,92.9915,1,
PHAN_03F0175_0052_342020_9.qgd,Unknown,12:0,10.587,48164,29972,0.0745,-----,-----,94.1181,95.3217,1,
PHAN_04F0230_0053_342020_25.qgd,Unknown,12:0,10.585,25181,16159,0.0389,-----,-----,91.5639,92.9961,1,
PLCA_09F0719_0108_342020_19.qgd,Unknown,12:0,10.59,462506,296267,0.715,-----,-----,99.7034,99.7455,1,
PLCA_14F1214_0106_342020_14.qgd,Unknown,12:0,10.592,500036,317513,0.773,-----,-----,93.6937,95.5734,1,
PLCA_15F1397_0107_342020_15.qgd,Unknown,12:0,10.59,426060,279490,0.6587,-----,-----,98.9029,99.0492,1,
DEME_03F0154_0033_342020_7.qgd,Unknown,13:0,11.793,4533,2577,0.0073,-----,-----,100,100,1,
DEME_04F0245_0034_342020_27.qgd,Unknown,13:0,11.793,3303,2196,0.0053,-----,-----,100,100,1,
DEME_12F1165_0090_342020_21.qgd,Unknown,13:0,11.803,2071,1147,0.0033,-----,-----,100,100,1,
DEME_13F1242_0087_342020_22.qgd,Unknown,13:0,11.795,5964,3501,0.0096,-----,-----,100,100,1,
DEME_14F1312_0088_342020_12.qgd,Unknown,13:0,11.8,3258,1785,0.0053,-----,-----,100,100,1,
DEME_15F1416_0089_342020_13.qgd,Unknown,13:0,11.807,2384,2005,0.0038,-----,-----,100,100,1,
HIGR_07F0558_0050_342020_26.qgd,Unknown,13:0,11.79,2155,1438,0.0035,-----,-----,100,100,1,
HIGR_11F0992_0124_342020_18.qgd,Unknown,13:0,11.802,3851,2187,0.0062,-----,-----,100,100,1,
HIGR_12F1091_0125_342020_16.qgd,Unknown,13:0,11.797,1298,740,0.0021,-----,-----,100,100,1,
IRCO_08F0676_0069_342020_10.qgd,Unknown,13:0,11.797,2523,1376,0.0041,-----,-----,100,100,1,
IRCO_09F0720_0070_342020_11.qgd,Unknown,13:0,11.792,1277,763,0.0021,-----,-----,100,100,1,
IRCO_10F0875_0071_342020_23.qgd,Unknown,13:0,11.795,12683,6813,0.0205,-----,-----,80.3281,80.5034,1,
IRCO_15F1424_0105_342020_20.qgd,Unknown,13:0,11.793,2708,1624,0.0044,-----,-----,100,100,1,
PHAN_02F0095_0051_342020_8.qgd,Unknown,13:0,11.789,12262,6598,0.0198,-----,-----,100,100,1,
PHAN_03F0175_0052_342020_9.qgd,Unknown,13:0,11.793,13531,7402,0.0218,-----,-----,100,100,1,
PHAN_04F0230_0053_342020_25.qgd,Unknown,13:0,11.792,6860,3822,0.0111,-----,-----,100,100,1,
PLCA_09F0719_0108_342020_19.qgd,Unknown,13:0,11.797,14137,8064,0.0228,-----,-----,100,100,1,
PLCA_14F1214_0106_342020_14.qgd,Unknown,13:0,11.8,15448,8530,0.0249,-----,-----,100,100,1,
PLCA_15F1397_0107_342020_15.qgd,Unknown,13:0,11.797,17500,10256,0.0282,-----,-----,100,100,1,
DEME_03F0154_0033_342020_7.qgd,Unknown,13:1,12.568,1355,722,0.0058,-----,-----,100,100,1,
DEME_04F0245_0034_342020_27.qgd,Unknown,13:1,12.58,58918,27722,0.2512,-----,-----,91.4918,90.282,1,
DEME_12F1165_0090_342020_21.qgd,Unknown,13:1,12.578,2606,1048,0.0111,-----,-----,35.9994,34.037,1,
DEME_13F1242_0087_342020_22.qgd,Unknown,13:1,12.575,2486,1751,0.0106,-----,-----,100,100,1,
DEME_14F1312_0088_342020_12.qgd,Unknown,13:1,12.584,1510,889,0.0064,-----,-----,100,100,1,
DEME_15F1416_0089_342020_13.qgd,Unknown,13:1,12.577,2888,1362,0.0123,-----,-----,16.5407,21.2912,1,
HIGR_07F0558_0050_342020_26.qgd,Unknown,13:1,-----,-----,-----,-----,-----,-----,-----,-----,1,
HIGR_11F0992_0124_342020_18.qgd,Unknown,13:1,-----,-----,-----,-----,-----,-----,-----,-----,1,
HIGR_12F1091_0125_342020_16.qgd,Unknown,13:1,-----,-----,-----,-----,-----,-----,-----,-----,1,
IRCO_08F0676_0069_342020_10.qgd,Unknown,13:1,12.583,2228,923,0.0095,-----,-----,48.3088,46.6869,1,
IRCO_09F0720_0070_342020_11.qgd,Unknown,13:1,12.57,635,410,0.0027,-----,-----,100,100,1,
IRCO_10F0875_0071_342020_23.qgd,Unknown,13:1,12.575,806,441,0.0034,-----,-----,100,100,1,
IRCO_15F1424_0105_342020_20.qgd,Unknown,13:1,12.573,1039,482,0.0044,-----,-----,100,100,1,
PHAN_02F0095_0051_342020_8.qgd,Unknown,13:1,12.572,3986,2094,0.017,-----,-----,100,100,1,
PHAN_03F0175_0052_342020_9.qgd,Unknown,13:1,12.576,1192,680,0.0051,-----,-----,100,100,1,
PHAN_04F0230_0053_342020_25.qgd,Unknown,13:1,12.573,1272,622,0.0054,-----,-----,100,100,1,
PLCA_09F0719_0108_342020_19.qgd,Unknown,13:1,12.581,5753,3138,0.0245,-----,-----,100,100,1,
PLCA_14F1214_0106_342020_14.qgd,Unknown,13:1,12.585,4474,2196,0.0191,-----,-----,100,100,1,
PLCA_15F1397_0107_342020_15.qgd,Unknown,13:1,12.583,9527,4256,0.0406,-----,-----,45.6121,50.8787,1,
DEME_03F0154_0033_342020_7.qgd,Unknown,14:0,13.288,2517042,1110799,3.8897,-----,-----,99.8087,99.8247,1,
DEME_04F0245_0034_342020_27.qgd,Unknown,14:0,13.307,7513796,3151304,11.6114,-----,-----,99.7205,99.7901,1,
DEME_12F1165_0090_342020_21.qgd,Unknown,14:0,13.307,6855334,2882209,10.5939,-----,-----,99.9307,99.9317,1,
DEME_13F1242_0087_342020_22.qgd,Unknown,14:0,13.298,3826378,1684924,5.9131,-----,-----,99.6106,99.6595,1,
DEME_14F1312_0088_342020_12.qgd,Unknown,14:0,13.318,11202246,4399174,17.3114,-----,-----,99.9406,99.9291,1,
DEME_15F1416_0089_342020_13.qgd,Unknown,14:0,13.304,5638216,2432595,8.713,-----,-----,99.7086,99.7385,1,
HIGR_07F0558_0050_342020_26.qgd,Unknown,14:0,13.293,2936786,1312121,4.5384,-----,-----,99.883,99.8321,1,
HIGR_11F0992_0124_342020_18.qgd,Unknown,14:0,13.299,3206021,1420324,4.9544,-----,-----,99.7289,99.8248,1,
HIGR_12F1091_0125_342020_16.qgd,Unknown,14:0,13.295,2077751,955989,3.2108,-----,-----,99.862,99.9201,1,
IRCO_08F0676_0069_342020_10.qgd,Unknown,14:0,13.285,164817,75187,0.2547,-----,-----,98.6332,98.5956,1,
IRCO_09F0720_0070_342020_11.qgd,Unknown,14:0,13.287,124356,56526,0.1922,-----,-----,99.4776,99.1823,1,
IRCO_10F0875_0071_342020_23.qgd,Unknown,14:0,13.287,502166,220489,0.776,-----,-----,99.4252,99.5629,1,
IRCO_15F1424_0105_342020_20.qgd,Unknown,14:0,13.29,299289,135124,0.4625,-----,-----,99.269,99.2122,1,
PHAN_02F0095_0051_342020_8.qgd,Unknown,14:0,13.288,1591984,718160,2.4602,-----,-----,99.7088,99.7267,1,
PHAN_03F0175_0052_342020_9.qgd,Unknown,14:0,13.288,1114328,516584,1.722,-----,-----,99.8545,99.8593,1,
PHAN_04F0230_0053_342020_25.qgd,Unknown,14:0,13.285,635343,294963,0.9818,-----,-----,99.5403,99.5568,1,
PLCA_09F0719_0108_342020_19.qgd,Unknown,14:0,13.302,4112542,1871375,6.3553,-----,-----,99.618,99.7824,1,
PLCA_14F1214_0106_342020_14.qgd,Unknown,14:0,13.303,3124689,1402394,4.8287,-----,-----,99.2758,99.4477,1,
PLCA_15F1397_0107_342020_15.qgd,Unknown,14:0,13.297,2998023,1335558,4.633,-----,-----,99.4677,99.5841,1,
DEME_03F0154_0033_342020_7.qgd,Unknown,14:1,13.92,122,175,0.0009,-----,-----,100,100,1,
DEME_04F0245_0034_342020_27.qgd,Unknown,14:1,13.934,5137,1771,0.0394,-----,-----,100,100,1,
DEME_12F1165_0090_342020_21.qgd,Unknown,14:1,13.93,8485,3573,0.0651,-----,-----,100,100,1,
DEME_13F1242_0087_342020_22.qgd,Unknown,14:1,-----,-----,-----,-----,-----,-----,-----,-----,1,
DEME_14F1312_0088_342020_12.qgd,Unknown,14:1,13.934,16605,6626,0.1273,-----,-----,100,100,1,
DEME_15F1416_0089_342020_13.qgd,Unknown,14:1,-----,-----,-----,-----,-----,-----,-----,-----,1,
HIGR_07F0558_0050_342020_26.qgd,Unknown,14:1,13.936,3186,1396,0.0244,-----,-----,100,100,1,
HIGR_11F0992_0124_342020_18.qgd,Unknown,14:1,13.941,1586,1063,0.0122,-----,-----,100,100,1,
HIGR_12F1091_0125_342020_16.qgd,Unknown,14:1,13.936,2331,1064,0.0179,-----,-----,100,100,1,
IRCO_08F0676_0069_342020_10.qgd,Unknown,14:1,-----,-----,-----,-----,-----,-----,-----,-----,1,
IRCO_09F0720_0070_342020_11.qgd,Unknown,14:1,-----,-----,-----,-----,-----,-----,-----,-----,1,
IRCO_10F0875_0071_342020_23.qgd,Unknown,14:1,-----,-----,-----,-----,-----,-----,-----,-----,1,
IRCO_15F1424_0105_342020_20.qgd,Unknown,14:1,-----,-----,-----,-----,-----,-----,-----,-----,1,
PHAN_02F0095_0051_342020_8.qgd,Unknown,14:1,13.925,35,91,0.0003,-----,-----,100,100,1,
PHAN_03F0175_0052_342020_9.qgd,Unknown,14:1,13.923,6,31,0,-----,-----,100,100,1,
PHAN_04F0230_0053_342020_25.qgd,Unknown,14:1,-----,-----,-----,-----,-----,-----,-----,-----,1,
PLCA_09F0719_0108_342020_19.qgd,Unknown,14:1,-----,-----,-----,-----,-----,-----,-----,-----,1,
PLCA_14F1214_0106_342020_14.qgd,Unknown,14:1,-----,-----,-----,-----,-----,-----,-----,-----,1,
PLCA_15F1397_0107_342020_15.qgd,Unknown,14:1,13.954,1429,679,0.011,-----,-----,100,100,1,
DEME_03F0154_0033_342020_7.qgd,Unknown,15:0,15.148,129295,47305,0.2116,-----,-----,95.1489,95.5695,1,
DEME_04F0245_0034_342020_27.qgd,Unknown,15:0,15.156,266009,96752,0.4354,-----,-----,96.6968,96.0546,1,
DEME_12F1165_0090_342020_21.qgd,Unknown,15:0,15.155,108646,40091,0.1778,-----,-----,92.0495,91.3984,1,
DEME_13F1242_0087_342020_22.qgd,Unknown,15:0,15.155,236018,88516,0.3863,-----,-----,95.3261,95.5742,1,
DEME_14F1312_0088_342020_12.qgd,Unknown,15:0,15.158,183414,67604,0.3002,-----,-----,95.4391,95.0589,1,
DEME_15F1416_0089_342020_13.qgd,Unknown,15:0,15.161,188851,66885,0.3091,-----,-----,94.0863,94.5999,1,
HIGR_07F0558_0050_342020_26.qgd,Unknown,15:0,15.153,218265,80491,0.3572,-----,-----,96.9166,97.2689,1,
HIGR_11F0992_0124_342020_18.qgd,Unknown,15:0,15.158,220999,80843,0.3617,-----,-----,96.2904,96.2875,1,
HIGR_12F1091_0125_342020_16.qgd,Unknown,15:0,15.158,156542,58043,0.2562,-----,-----,94.3109,94.2593,1,
IRCO_08F0676_0069_342020_10.qgd,Unknown,15:0,15.147,22465,7819,0.0368,-----,-----,91.8927,91.8801,1,
IRCO_09F0720_0070_342020_11.qgd,Unknown,15:0,15.15,16360,5721,0.0268,-----,-----,85.9515,83.3479,1,
IRCO_10F0875_0071_342020_23.qgd,Unknown,15:0,15.152,64043,23333,0.1048,-----,-----,93.1467,92.768,1,
IRCO_15F1424_0105_342020_20.qgd,Unknown,15:0,15.158,34213,12637,0.056,-----,-----,87.915,88.9241,1,
PHAN_02F0095_0051_342020_8.qgd,Unknown,15:0,15.151,251050,92841,0.4109,-----,-----,96.898,97.1537,1,
PHAN_03F0175_0052_342020_9.qgd,Unknown,15:0,15.152,263176,100630,0.4308,-----,-----,97.1875,97.2327,1,
PHAN_04F0230_0053_342020_25.qgd,Unknown,15:0,15.15,129870,49051,0.2126,-----,-----,96.5311,96.9771,1,
PLCA_09F0719_0108_342020_19.qgd,Unknown,15:0,15.161,183813,67178,0.3009,-----,-----,95.5359,95.87,1,
PLCA_14F1214_0106_342020_14.qgd,Unknown,15:0,15.164,165627,60356,0.2711,-----,-----,88.7704,90.9757,1,
PLCA_15F1397_0107_342020_15.qgd,Unknown,15:0,15.16,203177,72879,0.3325,-----,-----,90.9888,91.9365,1,
DEME_03F0154_0033_342020_7.qgd,Unknown,16:0,17.516,11727741,2990035,19.5831,-----,-----,99.9739,99.9558,1,
DEME_04F0245_0034_342020_27.qgd,Unknown,16:0,17.537,15079200,3472172,25.1794,-----,-----,99.9933,99.9834,1,
DEME_12F1165_0090_342020_21.qgd,Unknown,16:0,17.516,9752984,2574965,16.2856,-----,-----,99.969,99.9483,1,
DEME_13F1242_0087_342020_22.qgd,Unknown,16:0,17.527,13072579,3201593,21.8287,-----,-----,99.9839,99.959,1,
DEME_14F1312_0088_342020_12.qgd,Unknown,16:0,17.551,18827390,4081383,31.4381,-----,-----,99.9759,99.9545,1,
DEME_15F1416_0089_342020_13.qgd,Unknown,16:0,17.55,18281748,4025419,30.527,-----,-----,99.9564,99.945,1,
HIGR_07F0558_0050_342020_26.qgd,Unknown,16:0,17.52,11315709,2870593,18.8951,-----,-----,99.9853,99.9705,1,
HIGR_11F0992_0124_342020_18.qgd,Unknown,16:0,17.52,10250821,2665768,17.1169,-----,-----,99.9564,99.9323,1,
HIGR_12F1091_0125_342020_16.qgd,Unknown,16:0,17.514,9000586,2410284,15.0293,-----,-----,99.9582,99.9235,1,
IRCO_08F0676_0069_342020_10.qgd,Unknown,16:0,17.472,2419361,725054,4.0399,-----,-----,99.8901,99.8236,1,
IRCO_09F0720_0070_342020_11.qgd,Unknown,16:0,17.476,2343157,686410,3.9126,-----,-----,99.9526,99.9189,1,
IRCO_10F0875_0071_342020_23.qgd,Unknown,16:0,17.498,6458092,1823339,10.7838,-----,-----,99.9814,99.9776,1,
IRCO_15F1424_0105_342020_20.qgd,Unknown,16:0,17.493,5154150,1483681,8.6064,-----,-----,99.9722,99.941,1,
PHAN_02F0095_0051_342020_8.qgd,Unknown,16:0,17.542,18051582,4032942,30.1427,-----,-----,99.998,99.9951,1,
PHAN_03F0175_0052_342020_9.qgd,Unknown,16:0,17.549,21177470,4368774,35.3623,-----,-----,99.9961,99.9967,1,
PHAN_04F0230_0053_342020_25.qgd,Unknown,16:0,17.51,9217441,2409613,15.3914,-----,-----,99.982,99.9675,1,
PLCA_09F0719_0108_342020_19.qgd,Unknown,16:0,17.558,20080813,4273906,33.5311,-----,-----,99.9948,99.9861,1,
PLCA_14F1214_0106_342020_14.qgd,Unknown,16:0,17.543,15244068,3503483,25.4547,-----,-----,99.7866,99.7359,1,
PLCA_15F1397_0107_342020_15.qgd,Unknown,16:0,17.546,16579560,3775927,27.6847,-----,-----,99.9736,99.9608,1,
DEME_03F0154_0033_342020_7.qgd,Unknown,16:1w9,18.227,31200,10342,0.2616,-----,-----,100,100,1,this might be a bad peak ID
DEME_04F0245_0034_342020_27.qgd,Unknown,16:1w9,18.254,162778,55353,1.3651,-----,-----,100,100,1,this might be a bad peak ID
DEME_12F1165_0090_342020_21.qgd,Unknown,16:1w9,18.24,42632,13796,0.3575,-----,-----,100,100,1,this might be a bad peak ID
DEME_13F1242_0087_342020_22.qgd,Unknown,16:1w9,18.238,82306,25272,0.6902,-----,-----,100,100,1,this might be a bad peak ID
DEME_14F1312_0088_342020_12.qgd,Unknown,16:1w9,18.254,122764,39073,1.0295,-----,-----,100,100,1,this might be a bad peak ID
DEME_15F1416_0089_342020_13.qgd,Unknown,16:1w9,18.256,128080,39926,1.0741,-----,-----,100,100,1,this might be a bad peak ID
HIGR_07F0558_0050_342020_26.qgd,Unknown,16:1w9,18.241,34209,11793,0.2869,-----,-----,100,100,1,this might be a bad peak ID
HIGR_11F0992_0124_342020_18.qgd,Unknown,16:1w9,18.243,41075,12396,0.3445,-----,-----,100,100,1,this might be a bad peak ID
HIGR_12F1091_0125_342020_16.qgd,Unknown,16:1w9,18.24,17112,5664,0.1435,-----,-----,100,100,1,this might be a bad peak ID
IRCO_08F0676_0069_342020_10.qgd,Unknown,16:1w9,18.221,5482,1696,0.046,-----,-----,100,100,1,this might be a bad peak ID
IRCO_09F0720_0070_342020_11.qgd,Unknown,16:1w9,18.225,5679,1779,0.0476,-----,-----,100,100,1,this might be a bad peak ID
IRCO_10F0875_0071_342020_23.qgd,Unknown,16:1w9,18.228,19141,5767,0.1605,-----,-----,100,100,1,this might be a bad peak ID
IRCO_15F1424_0105_342020_20.qgd,Unknown,16:1w9,18.238,17511,5278,0.1468,-----,-----,100,100,1,this might be a bad peak ID
PHAN_02F0095_0051_342020_8.qgd,Unknown,16:1w9,18.236,100285,31885,0.841,-----,-----,100,100,1,this might be a bad peak ID
PHAN_03F0175_0052_342020_9.qgd,Unknown,16:1w9,18.236,73567,23875,0.6169,-----,-----,100,100,1,this might be a bad peak ID
PHAN_04F0230_0053_342020_25.qgd,Unknown,16:1w9,18.23,33878,11183,0.2841,-----,-----,100,100,1,this might be a bad peak ID
PLCA_09F0719_0108_342020_19.qgd,Unknown,16:1w9,18.256,27457,18115,0.2303,-----,-----,100,100,1,this might be a bad peak ID
PLCA_14F1214_0106_342020_14.qgd,Unknown,16:1w9,18.254,64238,20006,0.5387,-----,-----,100,100,1,this might be a bad peak ID
PLCA_15F1397_0107_342020_15.qgd,Unknown,16:1w9,18.252,69745,20437,0.5849,-----,-----,100,100,1,this might be a bad peak ID
DEME_03F0154_0033_342020_7.qgd,Unknown,16:1w7c,18.13,70629,22801,0.5923,-----,-----,100,100,1,
DEME_04F0245_0034_342020_27.qgd,Unknown,16:1w7c,18.176,1296797,346089,10.875,-----,-----,77.6827,75.2165,1,
DEME_12F1165_0090_342020_21.qgd,Unknown,16:1w7c,18.141,144317,43069,1.2102,-----,-----,100,100,1,
DEME_13F1242_0087_342020_22.qgd,Unknown,16:1w7c,18.143,137605,39600,1.154,-----,-----,100,100,1,
DEME_14F1312_0088_342020_12.qgd,Unknown,16:1w7c,18.156,338785,99483,2.8411,-----,-----,100,100,1,
DEME_15F1416_0089_342020_13.qgd,Unknown,16:1w7c,18.154,147548,46536,1.2373,-----,-----,100,100,1,
HIGR_07F0558_0050_342020_26.qgd,Unknown,16:1w7c,18.144,313912,88153,2.6325,-----,-----,100,100,1,
HIGR_11F0992_0124_342020_18.qgd,Unknown,16:1w7c,18.151,446227,132758,3.7421,-----,-----,67.7256,68.2052,1,
HIGR_12F1091_0125_342020_16.qgd,Unknown,16:1w7c,18.149,414340,123928,3.4747,-----,-----,100,100,1,
IRCO_08F0676_0069_342020_10.qgd,Unknown,16:1w7c,18.124,24874,6772,0.2086,-----,-----,66.4316,64.0621,1,
IRCO_09F0720_0070_342020_11.qgd,Unknown,16:1w7c,18.122,18032,4634,0.1512,-----,-----,64.3816,61.4589,1,
IRCO_10F0875_0071_342020_23.qgd,Unknown,16:1w7c,18.123,9726,3053,0.0816,-----,-----,100,100,1,
IRCO_15F1424_0105_342020_20.qgd,Unknown,16:1w7c,18.133,43342,13726,0.3635,-----,-----,100,100,1,
PHAN_02F0095_0051_342020_8.qgd,Unknown,16:1w7c,18.144,355076,107363,2.9777,-----,-----,67.7794,68.0684,1,
PHAN_03F0175_0052_342020_9.qgd,Unknown,16:1w7c,18.141,61487,17148,0.5156,-----,-----,26.8285,25.9045,1,
PHAN_04F0230_0053_342020_25.qgd,Unknown,16:1w7c,18.147,542626,155347,4.5505,-----,-----,92.2112,91.8604,1,
PLCA_09F0719_0108_342020_19.qgd,Unknown,16:1w7c,18.187,1706084,436341,14.3073,-----,-----,97.7184,98.1503,1,
PLCA_14F1214_0106_342020_14.qgd,Unknown,16:1w7c,18.157,146662,43974,1.2299,-----,-----,100,100,1,
PLCA_15F1397_0107_342020_15.qgd,Unknown,16:1w7c,18.153,204152,62379,1.712,-----,-----,100,100,1,
DEME_03F0154_0033_342020_7.qgd,Unknown,16:2w9,18.962,6660,1515,0.0282,-----,-----,39.4784,27.4307,1,
DEME_04F0245_0034_342020_27.qgd,Unknown,16:2w9,18.985,157830,43341,0.6677,-----,-----,59.9669,60.0249,1,
DEME_12F1165_0090_342020_21.qgd,Unknown,16:2w9,18.966,10504,2673,0.0444,-----,-----,37.1127,29.6407,1,
DEME_13F1242_0087_342020_22.qgd,Unknown,16:2w9,18.976,13962,3448,0.0591,-----,-----,47.4866,43.6843,1,
DEME_14F1312_0088_342020_12.qgd,Unknown,16:2w9,18.983,23592,5823,0.0998,-----,-----,46.484,46.174,1,
DEME_15F1416_0089_342020_13.qgd,Unknown,16:2w9,18.991,13278,3692,0.0562,-----,-----,27.4328,30.4746,1,
HIGR_07F0558_0050_342020_26.qgd,Unknown,16:2w9,18.966,51894,13371,0.2195,-----,-----,90.064,87.7765,1,
HIGR_11F0992_0124_342020_18.qgd,Unknown,16:2w9,18.979,56371,14754,0.2385,-----,-----,86.5914,84.5938,1,
HIGR_12F1091_0125_342020_16.qgd,Unknown,16:2w9,18.981,60185,15780,0.2546,-----,-----,93.1137,89.8633,1,
IRCO_08F0676_0069_342020_10.qgd,Unknown,16:2w9,19.004,560,247,0.0024,-----,-----,9.324,10.1147,1,
IRCO_09F0720_0070_342020_11.qgd,Unknown,16:2w9,19.009,418,205,0.0018,-----,-----,6.8278,9.0468,1,
IRCO_10F0875_0071_342020_23.qgd,Unknown,16:2w9,19.048,991,356,0.0042,-----,-----,14.9247,9.4933,1,
IRCO_15F1424_0105_342020_20.qgd,Unknown,16:2w9,18.964,857,351,0.0036,-----,-----,12.7284,10.9722,1,
PHAN_02F0095_0051_342020_8.qgd,Unknown,16:2w9,18.974,13764,3555,0.0582,-----,-----,35.1212,31.6478,1,
PHAN_03F0175_0052_342020_9.qgd,Unknown,16:2w9,18.99,1144,525,0.0048,-----,-----,10.6756,13.6683,1,
PHAN_04F0230_0053_342020_25.qgd,Unknown,16:2w9,18.969,8651,2189,0.0366,-----,-----,61.5379,42.4225,1,
PLCA_09F0719_0108_342020_19.qgd,Unknown,16:2w9,18.99,52707,14719,0.223,-----,-----,64.7244,68.4573,1,
PLCA_14F1214_0106_342020_14.qgd,Unknown,16:2w9,18.99,6863,1737,0.029,-----,-----,13.7483,16.6635,1,
PLCA_15F1397_0107_342020_15.qgd,Unknown,16:2w9,18.971,11619,2198,0.0492,-----,-----,32.2276,23.0931,1,
DEME_03F0154_0033_342020_7.qgd,Unknown,16:2w6,19.667,76829,18011,0.325,-----,-----,100,100,1,
DEME_04F0245_0034_342020_27.qgd,Unknown,16:2w6,19.726,1273197,321255,5.3861,-----,-----,100,100,1,
DEME_12F1165_0090_342020_21.qgd,Unknown,16:2w6,19.672,82967,20212,0.351,-----,-----,100,100,1,
DEME_13F1242_0087_342020_22.qgd,Unknown,16:2w6,19.673,176220,41028,0.7455,-----,-----,100,100,1,
DEME_14F1312_0088_342020_12.qgd,Unknown,16:2w6,19.677,224872,48851,0.9513,-----,-----,100,100,1,
DEME_15F1416_0089_342020_13.qgd,Unknown,16:2w6,19.681,218777,53962,0.9255,-----,-----,100,100,1,
HIGR_07F0558_0050_342020_26.qgd,Unknown,16:2w6,19.708,54573,12204,0.2309,-----,-----,100,100,1,
HIGR_11F0992_0124_342020_18.qgd,Unknown,16:2w6,19.704,72389,15744,0.3062,-----,-----,100,100,1,
HIGR_12F1091_0125_342020_16.qgd,Unknown,16:2w6,19.715,36431,8755,0.1541,-----,-----,100,100,1,
IRCO_08F0676_0069_342020_10.qgd,Unknown,16:2w6,19.726,190,223,0.0008,-----,-----,100,100,1,
IRCO_09F0720_0070_342020_11.qgd,Unknown,16:2w6,-----,-----,-----,-----,-----,-----,-----,-----,1,
IRCO_10F0875_0071_342020_23.qgd,Unknown,16:2w6,-----,-----,-----,-----,-----,-----,-----,-----,1,
IRCO_15F1424_0105_342020_20.qgd,Unknown,16:2w6,-----,-----,-----,-----,-----,-----,-----,-----,1,
PHAN_02F0095_0051_342020_8.qgd,Unknown,16:2w6,19.705,89761,22413,0.3797,-----,-----,100,100,1,
PHAN_03F0175_0052_342020_9.qgd,Unknown,16:2w6,19.711,3043,1405,0.0129,-----,-----,100,100,1,
PHAN_04F0230_0053_342020_25.qgd,Unknown,16:2w6,19.707,30097,7595,0.1273,-----,-----,100,100,1,
PLCA_09F0719_0108_342020_19.qgd,Unknown,16:2w6,19.727,318349,84945,1.3467,-----,-----,100,100,1,
PLCA_14F1214_0106_342020_14.qgd,Unknown,16:2w6,19.73,35482,8722,0.1501,-----,-----,100,100,1,
PLCA_15F1397_0107_342020_15.qgd,Unknown,16:2w6,19.733,40680,10431,0.1721,-----,-----,100,100,1,
DEME_03F0154_0033_342020_7.qgd,Unknown,17:0,20.216,73955,18641,0.1341,-----,-----,88.6793,86.5333,1,
DEME_04F0245_0034_342020_27.qgd,Unknown,17:0,20.246,67764,16355,0.1229,-----,-----,15.7981,16.6789,1,
DEME_12F1165_0090_342020_21.qgd,Unknown,17:0,20.219,88491,22970,0.1605,-----,-----,89.2451,91.4666,1,
DEME_13F1242_0087_342020_22.qgd,Unknown,17:0,20.223,98221,25498,0.1781,-----,-----,59.507,63.092,1,
DEME_14F1312_0088_342020_12.qgd,Unknown,17:0,20.231,143902,35828,0.261,-----,-----,88.6926,90.7865,1,
DEME_15F1416_0089_342020_13.qgd,Unknown,17:0,20.236,121787,30541,0.2209,-----,-----,86.2062,91.015,1,
HIGR_07F0558_0050_342020_26.qgd,Unknown,17:0,20.221,94157,23510,0.1708,-----,-----,89.0256,88.3104,1,
HIGR_11F0992_0124_342020_18.qgd,Unknown,17:0,20.229,85407,22206,0.1549,-----,-----,88.286,88.3504,1,
HIGR_12F1091_0125_342020_16.qgd,Unknown,17:0,20.224,52675,13736,0.0955,-----,-----,64.3351,70.6512,1,
IRCO_08F0676_0069_342020_10.qgd,Unknown,17:0,20.218,7432,1704,0.0135,-----,-----,87.7761,79.2927,1,
IRCO_09F0720_0070_342020_11.qgd,Unknown,17:0,20.226,6359,1576,0.0115,-----,-----,64.6043,58.284,1,
IRCO_10F0875_0071_342020_23.qgd,Unknown,17:0,20.223,30414,7937,0.0552,-----,-----,93.524,89.714,1,
IRCO_15F1424_0105_342020_20.qgd,Unknown,17:0,20.21,12117,2779,0.022,-----,-----,83.6116,78.2817,1,
PHAN_02F0095_0051_342020_8.qgd,Unknown,17:0,20.215,55192,14008,0.1001,-----,-----,71.2541,68.9438,1,
PHAN_03F0175_0052_342020_9.qgd,Unknown,17:0,20.224,98566,24611,0.1788,-----,-----,93.2648,91.2465,1,
PHAN_04F0230_0053_342020_25.qgd,Unknown,17:0,20.217,36934,9536,0.067,-----,-----,89.7807,87.2222,1,
PLCA_09F0719_0108_342020_19.qgd,Unknown,17:0,20.23,56855,14260,0.1031,-----,-----,46.0387,46.4042,1,
PLCA_14F1214_0106_342020_14.qgd,Unknown,17:0,20.239,57347,14365,0.104,-----,-----,80.3011,76.3,1,
PLCA_15F1397_0107_342020_15.qgd,Unknown,17:0,20.241,84289,22308,0.1529,-----,-----,85.3128,85.5401,1,
DEME_03F0154_0033_342020_7.qgd,Unknown,16:3w4,20.533,19699,4845,0.0995,-----,-----,60.916,53.0726,1,
DEME_04F0245_0034_342020_27.qgd,Unknown,16:3w4,20.588,3659950,829092,18.485,-----,-----,99.5129,99.4772,1,
DEME_12F1165_0090_342020_21.qgd,Unknown,16:3w4,20.54,5637,1193,0.0285,-----,-----,20.6893,19.9298,1,
DEME_13F1242_0087_342020_22.qgd,Unknown,16:3w4,20.54,40222,9465,0.2031,-----,-----,71.0297,67.8884,1,
DEME_14F1312_0088_342020_12.qgd,Unknown,16:3w4,20.534,14317,3827,0.0723,-----,-----,100,100,1,
DEME_15F1416_0089_342020_13.qgd,Unknown,16:3w4,20.552,46242,10559,0.2336,-----,-----,52.156,50.9826,1,
HIGR_07F0558_0050_342020_26.qgd,Unknown,16:3w4,20.547,32722,8155,0.1653,-----,-----,85.9341,79.7945,1,
HIGR_11F0992_0124_342020_18.qgd,Unknown,16:3w4,20.549,28973,7593,0.1463,-----,-----,82.3401,77.5508,1,
HIGR_12F1091_0125_342020_16.qgd,Unknown,16:3w4,20.546,39062,9770,0.1973,-----,-----,88.4336,82.4403,1,
IRCO_08F0676_0069_342020_10.qgd,Unknown,16:3w4,-----,-----,-----,-----,-----,-----,-----,-----,1,
IRCO_09F0720_0070_342020_11.qgd,Unknown,16:3w4,20.519,1172,381,0.0059,-----,-----,100,100,1,
IRCO_10F0875_0071_342020_23.qgd,Unknown,16:3w4,20.544,1086,394,0.0055,-----,-----,100,100,1,
IRCO_15F1424_0105_342020_20.qgd,Unknown,16:3w4,-----,-----,-----,-----,-----,-----,-----,-----,1,
PHAN_02F0095_0051_342020_8.qgd,Unknown,16:3w4,20.542,163306,41698,0.8248,-----,-----,87.8703,87.8685,1,
PHAN_03F0175_0052_342020_9.qgd,Unknown,16:3w4,20.535,5964,1271,0.0301,-----,-----,47.2883,31.5306,1,
PHAN_04F0230_0053_342020_25.qgd,Unknown,16:3w4,20.533,27907,6961,0.1409,-----,-----,68.4851,69.9457,1,
PLCA_09F0719_0108_342020_19.qgd,Unknown,16:3w4,20.562,623710,159952,3.1501,-----,-----,97.058,97.126,1,
PLCA_14F1214_0106_342020_14.qgd,Unknown,16:3w4,20.573,88123,21243,0.4451,-----,-----,79.2694,78.4569,1,
PLCA_15F1397_0107_342020_15.qgd,Unknown,16:3w4,20.565,72057,18146,0.3639,-----,-----,82.4649,75.9915,1,
DEME_03F0154_0033_342020_7.qgd,Unknown,16:4n6,21.95,12470,2506,0.063,-----,-----,57.3967,39.0708,1,
DEME_04F0245_0034_342020_27.qgd,Unknown,16:4n6,21.993,2803846,661781,14.1611,-----,-----,99.6148,99.3856,1,
DEME_12F1165_0090_342020_21.qgd,Unknown,16:4n6,21.963,5824,1347,0.0294,-----,-----,24.7524,17.8293,1,
DEME_13F1242_0087_342020_22.qgd,Unknown,16:4n6,21.952,51812,10380,0.2617,-----,-----,83.3339,71.0132,1,
DEME_14F1312_0088_342020_12.qgd,Unknown,16:4n6,21.962,24812,5640,0.1253,-----,-----,45.3809,33.726,1,
DEME_15F1416_0089_342020_13.qgd,Unknown,16:4n6,21.968,72413,16652,0.3657,-----,-----,67.9928,61.6307,1,
HIGR_07F0558_0050_342020_26.qgd,Unknown,16:4n6,21.961,104803,25641,0.5293,-----,-----,95.728,91.8868,1,
HIGR_11F0992_0124_342020_18.qgd,Unknown,16:4n6,21.965,94254,22102,0.476,-----,-----,93.5431,87.3977,1,
HIGR_12F1091_0125_342020_16.qgd,Unknown,16:4n6,21.969,84938,20215,0.429,-----,-----,93.4298,91.4416,1,
IRCO_08F0676_0069_342020_10.qgd,Unknown,16:4n6,21.956,4119,748,0.0208,-----,-----,74.9045,46.8672,1,
IRCO_09F0720_0070_342020_11.qgd,Unknown,16:4n6,21.963,713,386,0.0036,-----,-----,100,100,1,
IRCO_10F0875_0071_342020_23.qgd,Unknown,16:4n6,21.959,2681,626,0.0135,-----,-----,35.3088,25.2521,1,
IRCO_15F1424_0105_342020_20.qgd,Unknown,16:4n6,21.979,1044,214,0.0053,-----,-----,26.6055,13.017,1,
PHAN_02F0095_0051_342020_8.qgd,Unknown,16:4n6,21.964,206579,49699,1.0433,-----,-----,98.0083,95.7112,1,
PHAN_03F0175_0052_342020_9.qgd,Unknown,16:4n6,21.953,4142,882,0.0209,-----,-----,49.2041,34.8066,1,
PHAN_04F0230_0053_342020_25.qgd,Unknown,16:4n6,21.959,35845,8547,0.181,-----,-----,89.1889,81.6488,1,
PLCA_09F0719_0108_342020_19.qgd,Unknown,16:4n6,21.981,736669,171834,3.7206,-----,-----,98.1549,98.0217,1,
PLCA_14F1214_0106_342020_14.qgd,Unknown,16:4n6,21.983,65531,13988,0.331,-----,-----,76.1209,73.9323,1,
PLCA_15F1397_0107_342020_15.qgd,Unknown,16:4n6,21.981,73126,17331,0.3693,-----,-----,89.5263,80.9633,1,
DEME_03F0154_0033_342020_7.qgd,Unknown,16:4w3,-----,-----,-----,-----,-----,-----,-----,-----,1,
DEME_04F0245_0034_342020_27.qgd,Unknown,16:4w3,21.232,6912,1225,0.0349,-----,-----,19.5304,14.3881,1,
DEME_12F1165_0090_342020_21.qgd,Unknown,16:4w3,-----,-----,-----,-----,-----,-----,-----,-----,1,
DEME_13F1242_0087_342020_22.qgd,Unknown,16:4w3,21.216,11499,2151,0.0581,-----,-----,43.0416,34.2189,1,
DEME_14F1312_0088_342020_12.qgd,Unknown,16:4w3,21.237,2816,1545,0.0142,-----,-----,100,100,1,
DEME_15F1416_0089_342020_13.qgd,Unknown,16:4w3,21.272,14821,2435,0.0749,-----,-----,30.3603,20.869,1,
HIGR_07F0558_0050_342020_26.qgd,Unknown,16:4w3,-----,-----,-----,-----,-----,-----,-----,-----,1,
HIGR_11F0992_0124_342020_18.qgd,Unknown,16:4w3,21.222,2317,585,0.0117,-----,-----,8.305,7.4513,1,
HIGR_12F1091_0125_342020_16.qgd,Unknown,16:4w3,21.224,718,403,0.0036,-----,-----,100,100,1,
IRCO_08F0676_0069_342020_10.qgd,Unknown,16:4w3,21.229,593,219,0.003,-----,-----,100,100,1,
IRCO_09F0720_0070_342020_11.qgd,Unknown,16:4w3,-----,-----,-----,-----,-----,-----,-----,-----,1,
IRCO_10F0875_0071_342020_23.qgd,Unknown,16:4w3,21.224,6433,1479,0.0325,-----,-----,55.7259,38.7985,1,
IRCO_15F1424_0105_342020_20.qgd,Unknown,16:4w3,21.224,27664,6451,0.1397,-----,-----,85.6232,73.8862,1,
PHAN_02F0095_0051_342020_8.qgd,Unknown,16:4w3,21.218,274242,68003,1.3851,-----,-----,92.8702,91.5249,1,
PHAN_03F0175_0052_342020_9.qgd,Unknown,16:4w3,21.226,862,442,0.0044,-----,-----,100,100,1,
PHAN_04F0230_0053_342020_25.qgd,Unknown,16:4w3,21.223,39136,9734,0.1977,-----,-----,74.2661,73.3921,1,
PLCA_09F0719_0108_342020_19.qgd,Unknown,16:4w3,21.234,49633,10108,0.2507,-----,-----,71.2647,68.7058,1,
PLCA_14F1214_0106_342020_14.qgd,Unknown,16:4w3,21.235,30743,7373,0.1553,-----,-----,100,100,1,
PLCA_15F1397_0107_342020_15.qgd,Unknown,16:4w3,21.232,10942,2321,0.0553,-----,-----,32.7546,22.6284,1,
DEME_03F0154_0033_342020_7.qgd,Unknown,18:0,23.429,2202143,459011,3.954,-----,-----,99.8654,99.8653,1,
DEME_04F0245_0034_342020_27.qgd,Unknown,18:0,23.436,1716385,356794,3.0818,-----,-----,99.7795,99.5563,1,
DEME_12F1165_0090_342020_21.qgd,Unknown,18:0,23.466,3178236,589081,5.7066,-----,-----,99.9069,99.734,1,
DEME_13F1242_0087_342020_22.qgd,Unknown,18:0,23.424,722494,157467,1.2973,-----,-----,99.2411,98.8096,1,
DEME_14F1312_0088_342020_12.qgd,Unknown,18:0,23.502,4530853,731070,8.1353,-----,-----,99.9549,99.9222,1,
DEME_15F1416_0089_342020_13.qgd,Unknown,18:0,23.455,1175327,223820,2.1103,-----,-----,99.6204,98.9662,1,
HIGR_07F0558_0050_342020_26.qgd,Unknown,18:0,23.435,2426628,524222,4.3571,-----,-----,99.9131,99.7914,1,
HIGR_11F0992_0124_342020_18.qgd,Unknown,18:0,23.424,746591,170306,1.3405,-----,-----,99.7438,99.3148,1,
HIGR_12F1091_0125_342020_16.qgd,Unknown,18:0,23.421,638280,143374,1.1461,-----,-----,99.7718,99.6843,1,
IRCO_08F0676_0069_342020_10.qgd,Unknown,18:0,23.396,216271,51183,0.3883,-----,-----,99.5847,98.9063,1,
IRCO_09F0720_0070_342020_11.qgd,Unknown,18:0,23.393,217670,48850,0.3908,-----,-----,99.5932,98.8726,1,
IRCO_10F0875_0071_342020_23.qgd,Unknown,18:0,23.402,306423,70821,0.5502,-----,-----,99.254,99.0711,1,
IRCO_15F1424_0105_342020_20.qgd,Unknown,18:0,23.407,212953,47877,0.3824,-----,-----,99.5331,99.0483,1,
PHAN_02F0095_0051_342020_8.qgd,Unknown,18:0,23.408,790381,178105,1.4192,-----,-----,99.7813,99.4483,1,
PHAN_03F0175_0052_342020_9.qgd,Unknown,18:0,23.416,1628199,373229,2.9235,-----,-----,99.8788,99.7797,1,
PHAN_04F0230_0053_342020_25.qgd,Unknown,18:0,23.415,1295150,286310,2.3255,-----,-----,99.905,99.4888,1,
PLCA_09F0719_0108_342020_19.qgd,Unknown,18:0,23.419,752069,163731,1.3504,-----,-----,99.2166,98.6367,1,
PLCA_14F1214_0106_342020_14.qgd,Unknown,18:0,23.427,675810,147136,1.2134,-----,-----,98.3657,98.5426,1,
PLCA_15F1397_0107_342020_15.qgd,Unknown,18:0,23.424,935399,215825,1.6795,-----,-----,98.2782,98.4706,1,
DEME_03F0154_0033_342020_7.qgd,Unknown,18:1w9c,24.058,1222406,256872,10.4789,-----,-----,98.5258,98.5063,1,
DEME_04F0245_0034_342020_27.qgd,Unknown,18:1w9c,24.08,1535530,295904,13.1631,-----,-----,97.9329,97.4067,1,
DEME_12F1165_0090_342020_21.qgd,Unknown,18:1w9c,24.13,3281432,531904,28.1296,-----,-----,99.202,98.8348,1,
DEME_13F1242_0087_342020_22.qgd,Unknown,18:1w9c,24.077,1603342,318581,13.7444,-----,-----,97.6487,97.5262,1,
DEME_14F1312_0088_342020_12.qgd,Unknown,18:1w9c,24.181,5615817,760631,48.1408,-----,-----,99.4142,99.0117,1,
DEME_15F1416_0089_342020_13.qgd,Unknown,18:1w9c,24.117,2480712,437716,21.2656,-----,-----,98.3109,97.8858,1,
HIGR_07F0558_0050_342020_26.qgd,Unknown,18:1w9c,24.064,1161245,239641,9.9546,-----,-----,98.8408,98.6709,1,
HIGR_11F0992_0124_342020_18.qgd,Unknown,18:1w9c,24.064,1098455,229074,9.4164,-----,-----,98.7541,98.3323,1,
HIGR_12F1091_0125_342020_16.qgd,Unknown,18:1w9c,24.052,775308,162356,6.6462,-----,-----,98.5145,98.3284,1,
IRCO_08F0676_0069_342020_10.qgd,Unknown,18:1w9c,24.006,55496,12350,0.4757,-----,-----,85.1035,82.3498,1,
IRCO_09F0720_0070_342020_11.qgd,Unknown,18:1w9c,24.009,37386,8907,0.3205,-----,-----,100,100,1,
IRCO_10F0875_0071_342020_23.qgd,Unknown,18:1w9c,24.01,69374,16520,0.5947,-----,-----,100,100,1,
IRCO_15F1424_0105_342020_20.qgd,Unknown,18:1w9c,24.02,125735,28937,1.0778,-----,-----,82.4741,81.7845,1,
PHAN_02F0095_0051_342020_8.qgd,Unknown,18:1w9c,24.015,165638,35962,1.4199,-----,-----,74.005,73.1649,1,
PHAN_03F0175_0052_342020_9.qgd,Unknown,18:1w9c,24.014,157662,33106,1.3515,-----,-----,87.8599,86.2046,1,
PHAN_04F0230_0053_342020_25.qgd,Unknown,18:1w9c,24.018,207343,47639,1.7774,-----,-----,68.8127,68.0479,1,
PLCA_09F0719_0108_342020_19.qgd,Unknown,18:1w9c,24.03,105414,22549,0.9036,-----,-----,59.6011,57.2019,1,
PLCA_14F1214_0106_342020_14.qgd,Unknown,18:1w9c,24.031,46998,10290,0.4029,-----,-----,100,100,1,
PLCA_15F1397_0107_342020_15.qgd,Unknown,18:1w9c,24.035,65422,12328,0.5608,-----,-----,52.3883,48.5202,1,
DEME_03F0154_0033_342020_7.qgd,Unknown,18:1w7c,24.304,8345,3115,0.0706,-----,-----,100,100,1,
DEME_04F0245_0034_342020_27.qgd,Unknown,18:1w7c,24.312,23797,6056,0.2013,-----,-----,100,100,1,
DEME_12F1165_0090_342020_21.qgd,Unknown,18:1w7c,24.337,9989,3689,0.0845,-----,-----,100,100,1,
DEME_13F1242_0087_342020_22.qgd,Unknown,18:1w7c,24.317,25667,6442,0.2171,-----,-----,100,100,1,
DEME_14F1312_0088_342020_12.qgd,Unknown,18:1w7c,24.357,20904,6846,0.1768,-----,-----,100,100,1,
DEME_15F1416_0089_342020_13.qgd,Unknown,18:1w7c,24.331,31955,7843,0.2703,-----,-----,100,100,1,
HIGR_07F0558_0050_342020_26.qgd,Unknown,18:1w7c,-----,-----,-----,-----,-----,-----,-----,-----,1,
HIGR_11F0992_0124_342020_18.qgd,Unknown,18:1w7c,-----,-----,-----,-----,-----,-----,-----,-----,1,
HIGR_12F1091_0125_342020_16.qgd,Unknown,18:1w7c,-----,-----,-----,-----,-----,-----,-----,-----,1,
IRCO_08F0676_0069_342020_10.qgd,Unknown,18:1w7c,24.291,8413,2102,0.0712,-----,-----,100,100,1,
IRCO_09F0720_0070_342020_11.qgd,Unknown,18:1w7c,24.29,10303,2177,0.0871,-----,-----,21.4932,19.3288,1,
IRCO_10F0875_0071_342020_23.qgd,Unknown,18:1w7c,24.296,66717,14620,0.5643,-----,-----,47.8076,45.5551,1,
IRCO_15F1424_0105_342020_20.qgd,Unknown,18:1w7c,24.304,25566,5926,0.2162,-----,-----,100,100,1,
PHAN_02F0095_0051_342020_8.qgd,Unknown,18:1w7c,24.295,56902,12616,0.4813,-----,-----,100,100,1,
PHAN_03F0175_0052_342020_9.qgd,Unknown,18:1w7c,24.293,19666,4776,0.1663,-----,-----,100,100,1,
PHAN_04F0230_0053_342020_25.qgd,Unknown,18:1w7c,24.304,91893,21856,0.7772,-----,-----,100,100,1,
PLCA_09F0719_0108_342020_19.qgd,Unknown,18:1w7c,24.307,68323,15612,0.5779,-----,-----,100,100,1,
PLCA_14F1214_0106_342020_14.qgd,Unknown,18:1w7c,24.313,57783,12710,0.4887,-----,-----,100,100,1,
PLCA_15F1397_0107_342020_15.qgd,Unknown,18:1w7c,24.323,52548,11431,0.4444,-----,-----,42.7988,46.6914,1,
DEME_03F0154_0033_342020_7.qgd,Unknown,18:1nX,24.769,24859,5186,0.2103,-----,-----,83.8358,79.6498,1,unknown omega
DEME_04F0245_0034_342020_27.qgd,Unknown,18:1nX,24.788,20984,4821,0.1775,-----,-----,58.967,48.7364,1,unknown omega
DEME_12F1165_0090_342020_21.qgd,Unknown,18:1nX,24.786,23650,5061,0.2,-----,-----,53.0566,47.6374,1,unknown omega
DEME_13F1242_0087_342020_22.qgd,Unknown,18:1nX,24.78,28243,6295,0.2389,-----,-----,64.8579,55.5948,1,unknown omega
DEME_14F1312_0088_342020_12.qgd,Unknown,18:1nX,24.806,75567,14804,0.6391,-----,-----,63.5738,58.4722,1,unknown omega
DEME_15F1416_0089_342020_13.qgd,Unknown,18:1nX,24.796,53940,12348,0.4562,-----,-----,62.7341,60.2959,1,unknown omega
HIGR_07F0558_0050_342020_26.qgd,Unknown,18:1nX,24.77,16846,3872,0.1425,-----,-----,81.1035,77.3472,1,unknown omega
HIGR_11F0992_0124_342020_18.qgd,Unknown,18:1nX,24.778,20312,4288,0.1718,-----,-----,80.6992,66.885,1,unknown omega
HIGR_12F1091_0125_342020_16.qgd,Unknown,18:1nX,24.788,12169,2533,0.1029,-----,-----,75.1683,60.8163,1,unknown omega
IRCO_08F0676_0069_342020_10.qgd,Unknown,18:1nX,24.789,3,12,0,-----,-----,100,100,1,unknown omega
IRCO_09F0720_0070_342020_11.qgd,Unknown,18:1nX,24.797,6,18,0.0001,-----,-----,100,100,1,unknown omega
IRCO_10F0875_0071_342020_23.qgd,Unknown,18:1nX,24.787,-1,14,0,-----,-----,0,100,1,unknown omega
IRCO_15F1424_0105_342020_20.qgd,Unknown,18:1nX,24.766,354,183,0.003,-----,-----,24.5492,26.9912,1,unknown omega
PHAN_02F0095_0051_342020_8.qgd,Unknown,18:1nX,24.803,605,145,0.0051,-----,-----,8.8944,6.2312,1,unknown omega
PHAN_03F0175_0052_342020_9.qgd,Unknown,18:1nX,24.759,895,187,0.0076,-----,-----,18.5531,16.8317,1,unknown omega
PHAN_04F0230_0053_342020_25.qgd,Unknown,18:1nX,24.75,252,69,0.0021,-----,-----,5.3198,6.6029,1,unknown omega
PLCA_09F0719_0108_342020_19.qgd,Unknown,18:1nX,24.772,1181,264,0.01,-----,-----,4.7477,2.9935,1,unknown omega
PLCA_14F1214_0106_342020_14.qgd,Unknown,18:1nX,24.783,824,270,0.007,-----,-----,2.8447,2.6685,1,unknown omega
PLCA_15F1397_0107_342020_15.qgd,Unknown,18:1nX,24.786,4419,842,0.0374,-----,-----,14.9412,9.9199,1,unknown omega
DEME_03F0154_0033_342020_7.qgd,Unknown,18:2w6c,25.638,1818315,393090,7.6922,-----,-----,98.382,97.8125,1,
DEME_04F0245_0034_342020_27.qgd,Unknown,18:2w6c,25.658,1973980,389768,8.3507,-----,-----,98.5689,98.549,1,
DEME_12F1165_0090_342020_21.qgd,Unknown,18:2w6c,25.659,2058288,418771,8.7074,-----,-----,98.268,98.0873,1,
DEME_13F1242_0087_342020_22.qgd,Unknown,18:2w6c,25.639,1397627,283232,5.9125,-----,-----,97.319,97.3356,1,
DEME_14F1312_0088_342020_12.qgd,Unknown,18:2w6c,25.716,4688981,855585,19.8363,-----,-----,98.3879,98.3699,1,
DEME_15F1416_0089_342020_13.qgd,Unknown,18:2w6c,25.678,2832377,560658,11.9821,-----,-----,97.9305,98.06,1,
HIGR_07F0558_0050_342020_26.qgd,Unknown,18:2w6c,25.627,816707,170894,3.455,-----,-----,96.6986,96.7903,1,
HIGR_11F0992_0124_342020_18.qgd,Unknown,18:2w6c,25.639,1018975,221594,4.3107,-----,-----,98.1894,97.991,1,
HIGR_12F1091_0125_342020_16.qgd,Unknown,18:2w6c,25.629,628160,137026,2.6574,-----,-----,95.5592,95.0012,1,
IRCO_08F0676_0069_342020_10.qgd,Unknown,18:2w6c,25.611,45349,9095,0.1918,-----,-----,90.611,82.3822,1,
IRCO_09F0720_0070_342020_11.qgd,Unknown,18:2w6c,25.599,31923,6277,0.135,-----,-----,89.694,81.4032,1,
IRCO_10F0875_0071_342020_23.qgd,Unknown,18:2w6c,25.606,72945,15301,0.3086,-----,-----,88.0054,81.2457,1,
IRCO_15F1424_0105_342020_20.qgd,Unknown,18:2w6c,25.622,88249,17988,0.3733,-----,-----,95.7604,90.2287,1,
PHAN_02F0095_0051_342020_8.qgd,Unknown,18:2w6c,25.61,193217,41293,0.8174,-----,-----,84.7142,85.4415,1,
PHAN_03F0175_0052_342020_9.qgd,Unknown,18:2w6c,25.611,72668,15786,0.3074,-----,-----,71.5539,73.1409,1,
PHAN_04F0230_0053_342020_25.qgd,Unknown,18:2w6c,25.613,325515,68759,1.3771,-----,-----,83.718,82.4785,1,
PLCA_09F0719_0108_342020_19.qgd,Unknown,18:2w6c,25.625,266372,51780,1.1269,-----,-----,91.2139,87.3865,1,
PLCA_14F1214_0106_342020_14.qgd,Unknown,18:2w6c,25.629,67813,13259,0.2869,-----,-----,42.5184,39.6063,1,
PLCA_15F1397_0107_342020_15.qgd,Unknown,18:2w6c,25.617,113099,21289,0.4785,-----,-----,86.5445,84.3095,1,
DEME_03F0154_0033_342020_7.qgd,Unknown,18:3w6,26.525,72444,13902,0.3659,-----,-----,92.4644,88.3789,1,
DEME_04F0245_0034_342020_27.qgd,Unknown,18:3w6,26.544,241313,44030,1.2188,-----,-----,99.5269,98.4329,1,
DEME_12F1165_0090_342020_21.qgd,Unknown,18:3w6,26.546,169548,34655,0.8563,-----,-----,89.3623,88.1224,1,
DEME_13F1242_0087_342020_22.qgd,Unknown,18:3w6,26.54,87263,17192,0.4407,-----,-----,88.3783,80.5321,1,
DEME_14F1312_0088_342020_12.qgd,Unknown,18:3w6,26.565,361243,69512,1.8245,-----,-----,90.1026,90.1898,1,
DEME_15F1416_0089_342020_13.qgd,Unknown,18:3w6,26.562,321800,55901,1.6253,-----,-----,93.3195,91.5959,1,
HIGR_07F0558_0050_342020_26.qgd,Unknown,18:3w6,26.536,115260,19668,0.5821,-----,-----,99.1723,97.6079,1,
HIGR_11F0992_0124_342020_18.qgd,Unknown,18:3w6,26.542,94588,16426,0.4777,-----,-----,98.2273,94.5164,1,
HIGR_12F1091_0125_342020_16.qgd,Unknown,18:3w6,26.539,79333,14779,0.4007,-----,-----,94.8846,90.4025,1,
IRCO_08F0676_0069_342020_10.qgd,Unknown,18:3w6,26.535,13047,2489,0.0659,-----,-----,84.9857,70.0535,1,
IRCO_09F0720_0070_342020_11.qgd,Unknown,18:3w6,26.517,3955,716,0.02,-----,-----,65.7851,38.0851,1,
IRCO_10F0875_0071_342020_23.qgd,Unknown,18:3w6,26.529,28052,5284,0.1417,-----,-----,92.1006,77.9236,1,
IRCO_15F1424_0105_342020_20.qgd,Unknown,18:3w6,26.531,29072,6269,0.1468,-----,-----,94.5246,83.5421,1,
PHAN_02F0095_0051_342020_8.qgd,Unknown,18:3w6,26.519,59854,11499,0.3023,-----,-----,92.1937,86.6345,1,
PHAN_03F0175_0052_342020_9.qgd,Unknown,18:3w6,26.532,50194,9433,0.2535,-----,-----,90.2965,85.5989,1,
PHAN_04F0230_0053_342020_25.qgd,Unknown,18:3w6,26.525,29258,5373,0.1478,-----,-----,87.6854,80.6757,1,
PLCA_09F0719_0108_342020_19.qgd,Unknown,18:3w6,26.55,108257,22162,0.5468,-----,-----,91.0143,89.5869,1,
PLCA_14F1214_0106_342020_14.qgd,Unknown,18:3w6,26.55,44060,8349,0.2225,-----,-----,58.3978,55.8275,1,
PLCA_15F1397_0107_342020_15.qgd,Unknown,18:3w6,26.55,36977,6896,0.1868,-----,-----,71.3539,58.9351,1,
DEME_03F0154_0033_342020_7.qgd,Unknown,19:0,27.071,15850957,2157278,27.6733,-----,-----,99.9411,99.9031,1,internal standard
DEME_04F0245_0034_342020_27.qgd,Unknown,19:0,27.095,15150801,2045123,26.451,-----,-----,99.8188,99.722,1,internal standard
DEME_12F1165_0090_342020_21.qgd,Unknown,19:0,27.084,16605057,2208716,28.9899,-----,-----,99.8636,99.7763,1,internal standard
DEME_13F1242_0087_342020_22.qgd,Unknown,19:0,27.101,18013532,2295523,31.4489,-----,-----,99.9345,99.8649,1,internal standard
DEME_14F1312_0088_342020_12.qgd,Unknown,19:0,27.133,19591685,2403352,34.2041,-----,-----,99.783,99.634,1,internal standard
DEME_15F1416_0089_342020_13.qgd,Unknown,19:0,27.146,19609693,2376444,34.2355,-----,-----,99.8198,99.6925,1,internal standard
HIGR_07F0558_0050_342020_26.qgd,Unknown,19:0,27.096,17506493,2288622,30.5637,-----,-----,99.928,99.8868,1,internal standard
HIGR_11F0992_0124_342020_18.qgd,Unknown,19:0,27.088,15910320,2105494,27.777,-----,-----,99.9332,99.9001,1,internal standard
HIGR_12F1091_0125_342020_16.qgd,Unknown,19:0,27.081,16667231,2248102,29.0984,-----,-----,99.945,99.9143,1,internal standard
IRCO_08F0676_0069_342020_10.qgd,Unknown,19:0,27.053,14531342,2052565,25.3695,-----,-----,99.9862,99.9699,1,internal standard
IRCO_09F0720_0070_342020_11.qgd,Unknown,19:0,27.053,13990719,1936974,24.4256,-----,-----,99.9969,99.9874,1,internal standard
IRCO_10F0875_0071_342020_23.qgd,Unknown,19:0,27.055,14507105,2039713,25.3272,-----,-----,99.9739,99.9588,1,internal standard
IRCO_15F1424_0105_342020_20.qgd,Unknown,19:0,27.051,13624535,1977744,23.7863,-----,-----,99.9765,99.9578,1,internal standard
PHAN_02F0095_0051_342020_8.qgd,Unknown,19:0,27.063,17111653,2294220,29.8743,-----,-----,99.9551,99.9157,1,internal standard
PHAN_03F0175_0052_342020_9.qgd,Unknown,19:0,27.066,16951405,2293131,29.5946,-----,-----,99.958,99.9114,1,internal standard
PHAN_04F0230_0053_342020_25.qgd,Unknown,19:0,27.067,16176355,2215565,28.2414,-----,-----,99.9764,99.9611,1,internal standard
PLCA_09F0719_0108_342020_19.qgd,Unknown,19:0,27.09,17977723,2398063,31.3863,-----,-----,99.9188,99.8712,1,internal standard
PLCA_14F1214_0106_342020_14.qgd,Unknown,19:0,27.09,17020975,2263456,29.716,-----,-----,99.936,99.8794,1,internal standard
PLCA_15F1397_0107_342020_15.qgd,Unknown,19:0,27.066,14431761,2107699,25.1956,-----,-----,99.9654,99.9392,1,internal standard
DEME_03F0154_0033_342020_7.qgd,Unknown,18:3w3,27.799,2160339,405959,8.9696,-----,-----,99.6705,99.351,1,
DEME_04F0245_0034_342020_27.qgd,Unknown,18:3w3,27.822,3191820,543326,13.2522,-----,-----,99.4119,99.1556,1,
DEME_12F1165_0090_342020_21.qgd,Unknown,18:3w3,27.813,2178516,408340,9.045,-----,-----,99.1188,99.1347,1,
DEME_13F1242_0087_342020_22.qgd,Unknown,18:3w3,27.816,3298620,578561,13.6956,-----,-----,99.2712,99.1298,1,
DEME_14F1312_0088_342020_12.qgd,Unknown,18:3w3,27.858,4985371,892867,20.6989,-----,-----,99.2498,99.23,1,
DEME_15F1416_0089_342020_13.qgd,Unknown,18:3w3,27.863,5381894,884510,22.3452,-----,-----,99.2316,99.1246,1,
HIGR_07F0558_0050_342020_26.qgd,Unknown,18:3w3,27.81,2320657,448170,9.6352,-----,-----,98.5586,98.5773,1,
HIGR_11F0992_0124_342020_18.qgd,Unknown,18:3w3,27.816,2476054,443622,10.2804,-----,-----,98.7832,98.662,1,
HIGR_12F1091_0125_342020_16.qgd,Unknown,18:3w3,27.803,1472644,291253,6.1143,-----,-----,98.3842,98.3249,1,
IRCO_08F0676_0069_342020_10.qgd,Unknown,18:3w3,27.767,2139,851,0.0089,-----,-----,100,100,1,
IRCO_09F0720_0070_342020_11.qgd,Unknown,18:3w3,27.758,4396,713,0.0183,-----,-----,50.7094,25.1499,1,
IRCO_10F0875_0071_342020_23.qgd,Unknown,18:3w3,27.771,12688,2359,0.0527,-----,-----,66.6002,42.5812,1,
IRCO_15F1424_0105_342020_20.qgd,Unknown,18:3w3,27.772,41204,7551,0.1711,-----,-----,90.1008,74.4601,1,
PHAN_02F0095_0051_342020_8.qgd,Unknown,18:3w3,27.774,387222,71498,1.6077,-----,-----,98.1034,96.7484,1,
PHAN_03F0175_0052_342020_9.qgd,Unknown,18:3w3,27.864,25489,5348,0.1058,-----,-----,100,100,1,
PHAN_04F0230_0053_342020_25.qgd,Unknown,18:3w3,27.768,131751,20262,0.547,-----,-----,96.615,92.6771,1,
PLCA_09F0719_0108_342020_19.qgd,Unknown,18:3w3,27.783,237063,39126,0.9843,-----,-----,51.809,47.9074,1,
PLCA_14F1214_0106_342020_14.qgd,Unknown,18:3w3,27.786,28626,5209,0.1189,-----,-----,34.7948,31.6868,1,
PLCA_15F1397_0107_342020_15.qgd,Unknown,18:3w3,27.781,76165,8308,0.3162,-----,-----,12.8153,8.8085,1,
DEME_03F0154_0033_342020_7.qgd,Unknown,18:4w3c,28.764,2310531,436050,9.5932,-----,-----,98.6489,98.644,1,
DEME_04F0245_0034_342020_27.qgd,Unknown,18:4w3c,28.82,5894679,987143,24.4743,-----,-----,98.9454,98.8924,1,
DEME_12F1165_0090_342020_21.qgd,Unknown,18:4w3c,28.782,2484379,474922,10.315,-----,-----,97.9312,98.1104,1,
DEME_13F1242_0087_342020_22.qgd,Unknown,18:4w3c,28.795,4086178,760630,16.9655,-----,-----,98.488,98.4079,1,
DEME_14F1312_0088_342020_12.qgd,Unknown,18:4w3c,28.835,6454075,1121067,26.7969,-----,-----,98.4723,98.4102,1,
DEME_15F1416_0089_342020_13.qgd,Unknown,18:4w3c,28.852,7797941,1278336,32.3765,-----,-----,98.6223,98.5457,1,
HIGR_07F0558_0050_342020_26.qgd,Unknown,18:4w3c,28.794,3938440,693945,16.3521,-----,-----,99.1066,99.1805,1,
HIGR_11F0992_0124_342020_18.qgd,Unknown,18:4w3c,28.799,3458999,625270,14.3615,-----,-----,98.9067,98.9023,1,
HIGR_12F1091_0125_342020_16.qgd,Unknown,18:4w3c,28.78,2232642,415024,9.2698,-----,-----,98.7335,98.7851,1,
IRCO_08F0676_0069_342020_10.qgd,Unknown,18:4w3c,28.737,10697,2095,0.0444,-----,-----,100,100,1,
IRCO_09F0720_0070_342020_11.qgd,Unknown,18:4w3c,-----,-----,-----,-----,-----,-----,-----,-----,1,
IRCO_10F0875_0071_342020_23.qgd,Unknown,18:4w3c,28.73,9423,1715,0.0391,-----,-----,63.4204,34.9287,1,
IRCO_15F1424_0105_342020_20.qgd,Unknown,18:4w3c,28.738,53243,10109,0.2211,-----,-----,89.7616,78.9519,1,
PHAN_02F0095_0051_342020_8.qgd,Unknown,18:4w3c,28.739,428132,82792,1.7776,-----,-----,98.5836,97.4207,1,
PHAN_03F0175_0052_342020_9.qgd,Unknown,18:4w3c,28.729,2554,610,0.0106,-----,-----,24.303,19.3467,1,
PHAN_04F0230_0053_342020_25.qgd,Unknown,18:4w3c,28.739,128372,26015,0.533,-----,-----,96.0128,91.7281,1,
PLCA_09F0719_0108_342020_19.qgd,Unknown,18:4w3c,28.764,505203,88730,2.0976,-----,-----,96.1601,97.0544,1,
PLCA_14F1214_0106_342020_14.qgd,Unknown,18:4w3c,28.769,51375,8120,0.2133,-----,-----,36.7794,36.6393,1,
PLCA_15F1397_0107_342020_15.qgd,Unknown,18:4w3c,28.746,128522,22182,0.5336,-----,-----,81.5143,65.4414,1,
DEME_03F0154_0033_342020_7.qgd,Unknown,20:0,30.667,446443,83343,0.8213,-----,-----,98.5445,98.1927,1,
DEME_04F0245_0034_342020_27.qgd,Unknown,20:0,30.701,458918,85538,0.8443,-----,-----,99.4629,98.0682,1,
DEME_12F1165_0090_342020_21.qgd,Unknown,20:0,30.701,1528804,265660,2.8126,-----,-----,99.7759,99.544,1,
DEME_13F1242_0087_342020_22.qgd,Unknown,20:0,30.684,690047,129867,1.2695,-----,-----,99.1347,98.4251,1,
DEME_14F1312_0088_342020_12.qgd,Unknown,20:0,30.724,1940771,353435,3.5705,-----,-----,99.9402,99.773,1,
DEME_15F1416_0089_342020_13.qgd,Unknown,20:0,30.712,693752,128314,1.2763,-----,-----,98.9501,97.766,1,
HIGR_07F0558_0050_342020_26.qgd,Unknown,20:0,30.679,828154,150394,1.5236,-----,-----,99.596,99.3191,1,
HIGR_11F0992_0124_342020_18.qgd,Unknown,20:0,30.69,936868,174421,1.7236,-----,-----,99.3572,98.7175,1,
HIGR_12F1091_0125_342020_16.qgd,Unknown,20:0,30.688,946379,176375,1.7411,-----,-----,99.3636,99.392,1,
IRCO_08F0676_0069_342020_10.qgd,Unknown,20:0,30.666,6011,1080,0.0111,-----,-----,100,100,1,
IRCO_09F0720_0070_342020_11.qgd,Unknown,20:0,30.661,6132,1210,0.0113,-----,-----,82.1874,71.0511,1,
IRCO_10F0875_0071_342020_23.qgd,Unknown,20:0,30.665,7884,1416,0.0145,-----,-----,78.4634,52.0015,1,
IRCO_15F1424_0105_342020_20.qgd,Unknown,20:0,30.674,3640,1128,0.0067,-----,-----,36.2297,28.6731,1,
PHAN_02F0095_0051_342020_8.qgd,Unknown,20:0,30.664,14184,2690,0.0261,-----,-----,83.8248,71.3339,1,
PHAN_03F0175_0052_342020_9.qgd,Unknown,20:0,30.687,20710,3589,0.0381,-----,-----,94.0979,84.6862,1,
PHAN_04F0230_0053_342020_25.qgd,Unknown,20:0,30.659,17635,3723,0.0324,-----,-----,100,100,1,
PLCA_09F0719_0108_342020_19.qgd,Unknown,20:0,30.707,135439,24961,0.2492,-----,-----,93.78,89.8395,1,
PLCA_14F1214_0106_342020_14.qgd,Unknown,20:0,30.745,168634,30805,0.3102,-----,-----,95.1976,88.8469,1,
PLCA_15F1397_0107_342020_15.qgd,Unknown,20:0,30.686,150515,29943,0.2769,-----,-----,91.8895,87.7733,1,
DEME_03F0154_0033_342020_7.qgd,Unknown,20:1w9,31.315,696,451,0.0032,-----,-----,2.8009,5.3659,1,
DEME_04F0245_0034_342020_27.qgd,Unknown,20:1w9,31.401,2055,572,0.0094,-----,-----,11.191,10.9831,1,
DEME_12F1165_0090_342020_21.qgd,Unknown,20:1w9,-----,-----,-----,-----,-----,-----,-----,-----,1,
DEME_13F1242_0087_342020_22.qgd,Unknown,20:1w9,-----,-----,-----,-----,-----,-----,-----,-----,1,
DEME_14F1312_0088_342020_12.qgd,Unknown,20:1w9,-----,-----,-----,-----,-----,-----,-----,-----,1,
DEME_15F1416_0089_342020_13.qgd,Unknown,20:1w9,31.389,4433,1033,0.0204,-----,-----,11.8577,10.9952,1,
HIGR_07F0558_0050_342020_26.qgd,Unknown,20:1w9,-----,-----,-----,-----,-----,-----,-----,-----,1,
HIGR_11F0992_0124_342020_18.qgd,Unknown,20:1w9,-----,-----,-----,-----,-----,-----,-----,-----,1,
HIGR_12F1091_0125_342020_16.qgd,Unknown,20:1w9,31.364,3285,904,0.0151,-----,-----,100,100,1,
IRCO_08F0676_0069_342020_10.qgd,Unknown,20:1w9,-----,-----,-----,-----,-----,-----,-----,-----,1,
IRCO_09F0720_0070_342020_11.qgd,Unknown,20:1w9,-----,-----,-----,-----,-----,-----,-----,-----,1,
IRCO_10F0875_0071_342020_23.qgd,Unknown,20:1w9,31.361,6967,1424,0.032,-----,-----,100,100,1,
IRCO_15F1424_0105_342020_20.qgd,Unknown,20:1w9,-----,-----,-----,-----,-----,-----,-----,-----,1,
PHAN_02F0095_0051_342020_8.qgd,Unknown,20:1w9,31.35,9981,1927,0.0459,-----,-----,20.5485,19.7946,1,
PHAN_03F0175_0052_342020_9.qgd,Unknown,20:1w9,-----,-----,-----,-----,-----,-----,-----,-----,1,
PHAN_04F0230_0053_342020_25.qgd,Unknown,20:1w9,-----,-----,-----,-----,-----,-----,-----,-----,1,
PLCA_09F0719_0108_342020_19.qgd,Unknown,20:1w9,31.391,13240,2176,0.0609,-----,-----,40.4645,27.7162,1,
PLCA_14F1214_0106_342020_14.qgd,Unknown,20:1w9,31.432,8326,1544,0.0383,-----,-----,29.8402,23.0379,1,
PLCA_15F1397_0107_342020_15.qgd,Unknown,20:1w9,31.382,16576,3466,0.0762,-----,-----,31.0325,31.7254,1,
DEME_03F0154_0033_342020_7.qgd,Unknown,20:1w7,-----,-----,-----,-----,-----,-----,-----,-----,1,
DEME_04F0245_0034_342020_27.qgd,Unknown,20:1w7,-----,-----,-----,-----,-----,-----,-----,-----,1,
DEME_12F1165_0090_342020_21.qgd,Unknown,20:1w7,-----,-----,-----,-----,-----,-----,-----,-----,1,
DEME_13F1242_0087_342020_22.qgd,Unknown,20:1w7,-----,-----,-----,-----,-----,-----,-----,-----,1,
DEME_14F1312_0088_342020_12.qgd,Unknown,20:1w7,-----,-----,-----,-----,-----,-----,-----,-----,1,
DEME_15F1416_0089_342020_13.qgd,Unknown,20:1w7,-----,-----,-----,-----,-----,-----,-----,-----,1,
HIGR_07F0558_0050_342020_26.qgd,Unknown,20:1w7,-----,-----,-----,-----,-----,-----,-----,-----,1,
HIGR_11F0992_0124_342020_18.qgd,Unknown,20:1w7,-----,-----,-----,-----,-----,-----,-----,-----,1,
HIGR_12F1091_0125_342020_16.qgd,Unknown,20:1w7,-----,-----,-----,-----,-----,-----,-----,-----,1,
IRCO_08F0676_0069_342020_10.qgd,Unknown,20:1w7,-----,-----,-----,-----,-----,-----,-----,-----,1,
IRCO_09F0720_0070_342020_11.qgd,Unknown,20:1w7,-----,-----,-----,-----,-----,-----,-----,-----,1,
IRCO_10F0875_0071_342020_23.qgd,Unknown,20:1w7,-----,-----,-----,-----,-----,-----,-----,-----,1,
IRCO_15F1424_0105_342020_20.qgd,Unknown,20:1w7,-----,-----,-----,-----,-----,-----,-----,-----,1,
PHAN_02F0095_0051_342020_8.qgd,Unknown,20:1w7,-----,-----,-----,-----,-----,-----,-----,-----,1,
PHAN_03F0175_0052_342020_9.qgd,Unknown,20:1w7,-----,-----,-----,-----,-----,-----,-----,-----,1,
PHAN_04F0230_0053_342020_25.qgd,Unknown,20:1w7,-----,-----,-----,-----,-----,-----,-----,-----,1,
PLCA_09F0719_0108_342020_19.qgd,Unknown,20:1w7,31.871,44,78,0.0002,-----,-----,100,100,1,
PLCA_14F1214_0106_342020_14.qgd,Unknown,20:1w7,31.81,8765,1624,0.0403,-----,-----,49.9943,24.3041,1,
PLCA_15F1397_0107_342020_15.qgd,Unknown,20:1w7,-----,-----,-----,-----,-----,-----,-----,-----,1,
DEME_03F0154_0033_342020_7.qgd,Unknown,20:2w6,33.211,74580,11691,0.331,-----,-----,74.2237,63.628,1,
DEME_04F0245_0034_342020_27.qgd,Unknown,20:2w6,33.246,64165,9913,0.2848,-----,-----,80.1181,71.7761,1,
DEME_12F1165_0090_342020_21.qgd,Unknown,20:2w6,33.247,95297,13477,0.423,-----,-----,83.4796,71.3862,1,
DEME_13F1242_0087_342020_22.qgd,Unknown,20:2w6,33.236,82127,12528,0.3645,-----,-----,72.5484,57.2107,1,
DEME_14F1312_0088_342020_12.qgd,Unknown,20:2w6,33.282,135662,18349,0.6022,-----,-----,81.2138,69.4407,1,
DEME_15F1416_0089_342020_13.qgd,Unknown,20:2w6,33.277,119177,15169,0.529,-----,-----,67.6239,57.3215,1,
HIGR_07F0558_0050_342020_26.qgd,Unknown,20:2w6,33.23,41842,7183,0.1857,-----,-----,75.7705,71.2246,1,
HIGR_11F0992_0124_342020_18.qgd,Unknown,20:2w6,33.245,56345,9507,0.2501,-----,-----,64.1867,59.9886,1,
HIGR_12F1091_0125_342020_16.qgd,Unknown,20:2w6,33.233,46964,8113,0.2085,-----,-----,70.948,61.2903,1,
IRCO_08F0676_0069_342020_10.qgd,Unknown,20:2w6,-----,-----,-----,-----,-----,-----,-----,-----,1,
IRCO_09F0720_0070_342020_11.qgd,Unknown,20:2w6,-----,-----,-----,-----,-----,-----,-----,-----,1,
IRCO_10F0875_0071_342020_23.qgd,Unknown,20:2w6,33.224,46646,8213,0.207,-----,-----,91.0184,80.2051,1,
IRCO_15F1424_0105_342020_20.qgd,Unknown,20:2w6,-----,-----,-----,-----,-----,-----,-----,-----,1,
PHAN_02F0095_0051_342020_8.qgd,Unknown,20:2w6,33.314,218,386,0.001,-----,-----,100,100,1,
PHAN_03F0175_0052_342020_9.qgd,Unknown,20:2w6,-----,-----,-----,-----,-----,-----,-----,-----,1,
PHAN_04F0230_0053_342020_25.qgd,Unknown,20:2w6,33.225,11084,1838,0.0492,-----,-----,42.1653,27.6349,1,
PLCA_09F0719_0108_342020_19.qgd,Unknown,20:2w6,33.255,42241,7204,0.1875,-----,-----,89.261,77.3875,1,
PLCA_14F1214_0106_342020_14.qgd,Unknown,20:2w6,33.283,40460,7578,0.1796,-----,-----,86.9733,74.7337,1,
PLCA_15F1397_0107_342020_15.qgd,Unknown,20:2w6,33.24,56416,9570,0.2504,-----,-----,85.2502,70.8102,1,
DEME_03F0154_0033_342020_7.qgd,Unknown,20:3w6,34.177,50646,7723,0.2708,-----,-----,81.9859,75.7751,1,
DEME_04F0245_0034_342020_27.qgd,Unknown,20:3w6,34.227,87452,12382,0.4677,-----,-----,95.6397,82.0272,1,
DEME_12F1165_0090_342020_21.qgd,Unknown,20:3w6,34.222,295976,39958,1.5828,-----,-----,99.1498,95.8294,1,
DEME_13F1242_0087_342020_22.qgd,Unknown,20:3w6,34.22,88242,12344,0.4719,-----,-----,93.8315,83.8587,1,
DEME_14F1312_0088_342020_12.qgd,Unknown,20:3w6,34.272,466217,54896,2.4932,-----,-----,98.982,97.5651,1,
DEME_15F1416_0089_342020_13.qgd,Unknown,20:3w6,34.248,171962,20868,0.9196,-----,-----,97.0155,93.0569,1,
HIGR_07F0558_0050_342020_26.qgd,Unknown,20:3w6,34.192,77994,10615,0.4171,-----,-----,86.8221,78.7054,1,
HIGR_11F0992_0124_342020_18.qgd,Unknown,20:3w6,34.218,41513,5897,0.222,-----,-----,72.8375,58.531,1,
HIGR_12F1091_0125_342020_16.qgd,Unknown,20:3w6,34.207,35870,5968,0.1918,-----,-----,57.629,50.7872,1,
IRCO_08F0676_0069_342020_10.qgd,Unknown,20:3w6,-----,-----,-----,-----,-----,-----,-----,-----,1,
IRCO_09F0720_0070_342020_11.qgd,Unknown,20:3w6,-----,-----,-----,-----,-----,-----,-----,-----,1,
IRCO_10F0875_0071_342020_23.qgd,Unknown,20:3w6,34.174,141456,23889,0.7565,-----,-----,97.2206,93.2108,1,
IRCO_15F1424_0105_342020_20.qgd,Unknown,20:3w6,34.164,14805,2409,0.0792,-----,-----,78.3624,58.2306,1,
PHAN_02F0095_0051_342020_8.qgd,Unknown,20:3w6,34.216,24007,3467,0.1284,-----,-----,82.078,60.8032,1,
PHAN_03F0175_0052_342020_9.qgd,Unknown,20:3w6,34.247,26296,3200,0.1406,-----,-----,92.5296,76.5001,1,
PHAN_04F0230_0053_342020_25.qgd,Unknown,20:3w6,34.176,19155,2870,0.1024,-----,-----,45.8769,37.0657,1,
PLCA_09F0719_0108_342020_19.qgd,Unknown,20:3w6,34.236,1182314,178117,6.3227,-----,-----,98.943,98.0702,1,
PLCA_14F1214_0106_342020_14.qgd,Unknown,20:3w6,34.291,1177964,195836,6.2995,-----,-----,97.9724,98.3873,1,
PLCA_15F1397_0107_342020_15.qgd,Unknown,20:3w6,34.227,1142898,180066,6.112,-----,-----,98.7604,97.1188,1,
DEME_03F0154_0033_342020_7.qgd,Unknown,20:4w6,34.833,6321618,907051,29.4853,-----,-----,99.965,99.9237,1,
DEME_04F0245_0034_342020_27.qgd,Unknown,20:4w6,34.853,6382394,876553,29.7688,-----,-----,99.9915,99.935,1,
DEME_12F1165_0090_342020_21.qgd,Unknown,20:4w6,34.877,8528761,1067308,39.7799,-----,-----,100,100,1,
DEME_13F1242_0087_342020_22.qgd,Unknown,20:4w6,34.852,6609565,893410,30.8283,-----,-----,99.9619,99.8735,1,
DEME_14F1312_0088_342020_12.qgd,Unknown,20:4w6,34.954,14979605,1571868,69.8679,-----,-----,99.256,98.3611,1,
DEME_15F1416_0089_342020_13.qgd,Unknown,20:4w6,34.929,12434417,1410186,57.9966,-----,-----,99.7232,99.4307,1,
HIGR_07F0558_0050_342020_26.qgd,Unknown,20:4w6,34.843,6104560,875179,28.4729,-----,-----,99.9697,99.8773,1,
HIGR_11F0992_0124_342020_18.qgd,Unknown,20:4w6,34.84,5666632,803132,26.4303,-----,-----,99.9823,99.9179,1,
HIGR_12F1091_0125_342020_16.qgd,Unknown,20:4w6,34.824,4264331,627953,19.8897,-----,-----,99.9591,99.9104,1,
IRCO_08F0676_0069_342020_10.qgd,Unknown,20:4w6,34.719,300083,52107,1.3996,-----,-----,99.3626,97.6097,1,
IRCO_09F0720_0070_342020_11.qgd,Unknown,20:4w6,34.727,235157,41577,1.0968,-----,-----,98.7184,95.8746,1,
IRCO_10F0875_0071_342020_23.qgd,Unknown,20:4w6,34.763,1716193,298120,8.0047,-----,-----,99.9514,99.7544,1,
IRCO_15F1424_0105_342020_20.qgd,Unknown,20:4w6,34.736,586630,103617,2.7362,-----,-----,99.3983,98.2133,1,
PHAN_02F0095_0051_342020_8.qgd,Unknown,20:4w6,34.888,9881365,1189120,46.0887,-----,-----,99.9942,99.9738,1,
PHAN_03F0175_0052_342020_9.qgd,Unknown,20:4w6,34.936,13759431,1491733,64.1767,-----,-----,99.9742,99.9196,1,
PHAN_04F0230_0053_342020_25.qgd,Unknown,20:4w6,34.758,1831488,316824,8.5424,-----,-----,99.9205,99.8157,1,
PLCA_09F0719_0108_342020_19.qgd,Unknown,20:4w6,34.828,4194756,639245,19.5652,-----,-----,96.1608,93.6686,1,
PLCA_14F1214_0106_342020_14.qgd,Unknown,20:4w6,34.857,3264290,543608,15.2253,-----,-----,80.6273,76.5846,1,
PLCA_15F1397_0107_342020_15.qgd,Unknown,20:4w6,34.809,3462303,550847,16.1489,-----,-----,99.9101,99.7649,1,
DEME_03F0154_0033_342020_7.qgd,Unknown,20:3w3,35.589,58333,10388,0.2482,-----,-----,83.8552,75.4229,1,
DEME_04F0245_0034_342020_27.qgd,Unknown,20:3w3,35.622,68273,10666,0.2905,-----,-----,89.2854,78.0991,1,
DEME_12F1165_0090_342020_21.qgd,Unknown,20:3w3,35.596,52602,8596,0.2238,-----,-----,87.8325,79.7921,1,
DEME_13F1242_0087_342020_22.qgd,Unknown,20:3w3,35.6,74741,13966,0.318,-----,-----,100,100,1,
DEME_14F1312_0088_342020_12.qgd,Unknown,20:3w3,35.618,75622,12060,0.3217,-----,-----,90.8875,79.82,1,
DEME_15F1416_0089_342020_13.qgd,Unknown,20:3w3,35.627,101845,16268,0.4333,-----,-----,92.8421,77.6441,1,
HIGR_07F0558_0050_342020_26.qgd,Unknown,20:3w3,35.579,46141,6890,0.1963,-----,-----,79.7997,65.1722,1,
HIGR_11F0992_0124_342020_18.qgd,Unknown,20:3w3,35.609,70195,12978,0.2987,-----,-----,84.8729,77.4482,1,
HIGR_12F1091_0125_342020_16.qgd,Unknown,20:3w3,35.599,41934,7389,0.1784,-----,-----,74.552,60.7049,1,
IRCO_08F0676_0069_342020_10.qgd,Unknown,20:3w3,-----,-----,-----,-----,-----,-----,-----,-----,1,
IRCO_09F0720_0070_342020_11.qgd,Unknown,20:3w3,-----,-----,-----,-----,-----,-----,-----,-----,1,
IRCO_10F0875_0071_342020_23.qgd,Unknown,20:3w3,-----,-----,-----,-----,-----,-----,-----,-----,1,
IRCO_15F1424_0105_342020_20.qgd,Unknown,20:3w3,-----,-----,-----,-----,-----,-----,-----,-----,1,
PHAN_02F0095_0051_342020_8.qgd,Unknown,20:3w3,-----,-----,-----,-----,-----,-----,-----,-----,1,
PHAN_03F0175_0052_342020_9.qgd,Unknown,20:3w3,-----,-----,-----,-----,-----,-----,-----,-----,1,
PHAN_04F0230_0053_342020_25.qgd,Unknown,20:3w3,-----,-----,-----,-----,-----,-----,-----,-----,1,
PLCA_09F0719_0108_342020_19.qgd,Unknown,20:3w3,-----,-----,-----,-----,-----,-----,-----,-----,1,
PLCA_14F1214_0106_342020_14.qgd,Unknown,20:3w3,-----,-----,-----,-----,-----,-----,-----,-----,1,
PLCA_15F1397_0107_342020_15.qgd,Unknown,20:3w3,-----,-----,-----,-----,-----,-----,-----,-----,1,
DEME_03F0154_0033_342020_7.qgd,Unknown,20:4w3,36.565,329221,53684,1.4007,-----,-----,96.368,93.7761,1,
DEME_04F0245_0034_342020_27.qgd,Unknown,20:4w3,36.609,473387,55329,2.0141,-----,-----,95.2339,92.7467,1,
DEME_12F1165_0090_342020_21.qgd,Unknown,20:4w3,36.58,501959,76143,2.1357,-----,-----,96.755,92.4425,1,
DEME_13F1242_0087_342020_22.qgd,Unknown,20:4w3,36.59,838642,129694,3.5682,-----,-----,97.6827,97.6972,1,
DEME_14F1312_0088_342020_12.qgd,Unknown,20:4w3,36.609,559032,82570,2.3785,-----,-----,95.1458,90.9281,1,
DEME_15F1416_0089_342020_13.qgd,Unknown,20:4w3,36.613,714017,100318,3.0379,-----,-----,96.3565,96.0192,1,
HIGR_07F0558_0050_342020_26.qgd,Unknown,20:4w3,36.573,373458,61692,1.5889,-----,-----,98.6028,97.529,1,
HIGR_11F0992_0124_342020_18.qgd,Unknown,20:4w3,36.573,168879,27934,0.7185,-----,-----,92.5801,91.3294,1,
HIGR_12F1091_0125_342020_16.qgd,Unknown,20:4w3,36.577,206622,33555,0.8791,-----,-----,96.7282,90.2914,1,
IRCO_08F0676_0069_342020_10.qgd,Unknown,20:4w3,-----,-----,-----,-----,-----,-----,-----,-----,1,
IRCO_09F0720_0070_342020_11.qgd,Unknown,20:4w3,36.577,-211,86,-0.0009,-----,-----,0,100,1,
IRCO_10F0875_0071_342020_23.qgd,Unknown,20:4w3,-----,-----,-----,-----,-----,-----,-----,-----,1,
IRCO_15F1424_0105_342020_20.qgd,Unknown,20:4w3,-----,-----,-----,-----,-----,-----,-----,-----,1,
PHAN_02F0095_0051_342020_8.qgd,Unknown,20:4w3,36.596,2523,1451,0.0107,-----,-----,100,100,1,
PHAN_03F0175_0052_342020_9.qgd,Unknown,20:4w3,-----,-----,-----,-----,-----,-----,-----,-----,1,
PHAN_04F0230_0053_342020_25.qgd,Unknown,20:4w3,-----,-----,-----,-----,-----,-----,-----,-----,1,
PLCA_09F0719_0108_342020_19.qgd,Unknown,20:4w3,36.615,44234,7097,0.1882,-----,-----,100,100,1,
PLCA_14F1214_0106_342020_14.qgd,Unknown,20:4w3,36.648,38973,5899,0.1658,-----,-----,100,100,1,
PLCA_15F1397_0107_342020_15.qgd,Unknown,20:4w3,36.61,45437,7963,0.1933,-----,-----,100,100,1,
DEME_03F0154_0033_342020_7.qgd,Unknown,20:5w3,37.202,4496357,716170,20.4528,-----,-----,99.9203,99.8686,1,
DEME_04F0245_0034_342020_27.qgd,Unknown,20:5w3,37.352,16396807,1746700,74.5848,-----,-----,99.9997,99.9937,1,
DEME_12F1165_0090_342020_21.qgd,Unknown,20:5w3,37.217,4727063,745494,21.5022,-----,-----,99.9611,99.9358,1,
DEME_13F1242_0087_342020_22.qgd,Unknown,20:5w3,37.222,5295552,787719,24.0881,-----,-----,99.916,99.9179,1,
DEME_14F1312_0088_342020_12.qgd,Unknown,20:5w3,37.284,8874356,1180084,40.3672,-----,-----,99.9656,99.9373,1,
DEME_15F1416_0089_342020_13.qgd,Unknown,20:5w3,37.292,9709887,1277852,44.1678,-----,-----,99.9688,99.9738,1,
HIGR_07F0558_0050_342020_26.qgd,Unknown,20:5w3,37.206,3913299,630888,17.8006,-----,-----,99.8622,99.7712,1,
HIGR_11F0992_0124_342020_18.qgd,Unknown,20:5w3,37.21,3771069,605783,17.1536,-----,-----,99.9524,99.9121,1,
HIGR_12F1091_0125_342020_16.qgd,Unknown,20:5w3,37.184,2603709,430310,11.8436,-----,-----,99.8995,99.696,1,
IRCO_08F0676_0069_342020_10.qgd,Unknown,20:5w3,37.157,1520313,259975,6.9155,-----,-----,99.8782,99.6615,1,
IRCO_09F0720_0070_342020_11.qgd,Unknown,20:5w3,37.154,1361398,234394,6.1926,-----,-----,99.8654,99.6849,1,
IRCO_10F0875_0071_342020_23.qgd,Unknown,20:5w3,37.209,4035621,614764,18.357,-----,-----,99.9835,99.9639,1,
IRCO_15F1424_0105_342020_20.qgd,Unknown,20:5w3,37.205,3825320,613297,17.4004,-----,-----,99.9772,99.8785,1,
PHAN_02F0095_0051_342020_8.qgd,Unknown,20:5w3,37.254,7968876,1084639,36.2484,-----,-----,99.9898,99.9447,1,
PHAN_03F0175_0052_342020_9.qgd,Unknown,20:5w3,37.248,6718723,979516,30.5617,-----,-----,99.9805,99.9278,1,
PHAN_04F0230_0053_342020_25.qgd,Unknown,20:5w3,37.214,4699466,708813,21.3767,-----,-----,99.9746,99.9313,1,
PLCA_09F0719_0108_342020_19.qgd,Unknown,20:5w3,37.322,13445019,1595305,61.1579,-----,-----,99.9948,99.965,1,
PLCA_14F1214_0106_342020_14.qgd,Unknown,20:5w3,37.33,11696559,1345626,53.2046,-----,-----,99.9658,99.8271,1,
PLCA_15F1397_0107_342020_15.qgd,Unknown,20:5w3,37.31,12606590,1490880,57.3441,-----,-----,99.9949,99.9636,1,
DEME_03F0154_0033_342020_7.qgd,Unknown,22:0,38.462,14826,2564,0.0358,-----,-----,100,100,1,
DEME_04F0245_0034_342020_27.qgd,Unknown,22:0,38.464,11949,2386,0.0288,-----,-----,100,100,1,
DEME_12F1165_0090_342020_21.qgd,Unknown,22:0,38.484,16813,3027,0.0406,-----,-----,100,100,1,
DEME_13F1242_0087_342020_22.qgd,Unknown,22:0,38.459,18452,3432,0.0445,-----,-----,100,100,1,
DEME_14F1312_0088_342020_12.qgd,Unknown,22:0,38.461,22943,3712,0.0554,-----,-----,100,100,1,
DEME_15F1416_0089_342020_13.qgd,Unknown,22:0,38.484,16761,3050,0.0404,-----,-----,100,100,1,
HIGR_07F0558_0050_342020_26.qgd,Unknown,22:0,38.487,18325,3523,0.0442,-----,-----,100,100,1,
HIGR_11F0992_0124_342020_18.qgd,Unknown,22:0,38.473,16134,3117,0.0389,-----,-----,100,100,1,
HIGR_12F1091_0125_342020_16.qgd,Unknown,22:0,38.476,19658,3739,0.0474,-----,-----,100,100,1,
IRCO_08F0676_0069_342020_10.qgd,Unknown,22:0,-----,-----,-----,-----,-----,-----,-----,-----,1,
IRCO_09F0720_0070_342020_11.qgd,Unknown,22:0,-----,-----,-----,-----,-----,-----,-----,-----,1,
IRCO_10F0875_0071_342020_23.qgd,Unknown,22:0,38.477,11862,2008,0.0286,-----,-----,100,100,1,
IRCO_15F1424_0105_342020_20.qgd,Unknown,22:0,-----,-----,-----,-----,-----,-----,-----,-----,1,
PHAN_02F0095_0051_342020_8.qgd,Unknown,22:0,38.462,4720,695,0.0114,-----,-----,51.349,24.4288,1,
PHAN_03F0175_0052_342020_9.qgd,Unknown,22:0,38.465,5275,852,0.0127,-----,-----,100,100,1,
PHAN_04F0230_0053_342020_25.qgd,Unknown,22:0,38.438,3177,696,0.0077,-----,-----,100,100,1,
PLCA_09F0719_0108_342020_19.qgd,Unknown,22:0,38.502,190039,32304,0.4586,-----,-----,100,100,1,
PLCA_14F1214_0106_342020_14.qgd,Unknown,22:0,38.523,368602,65335,0.8894,-----,-----,100,100,1,
PLCA_15F1397_0107_342020_15.qgd,Unknown,22:0,38.486,82977,15424,0.2002,-----,-----,100,100,1,
DEME_03F0154_0033_342020_7.qgd,Unknown,22:1w9c,-----,-----,-----,-----,-----,-----,-----,-----,1,
DEME_04F0245_0034_342020_27.qgd,Unknown,22:1w9c,-----,-----,-----,-----,-----,-----,-----,-----,1,
DEME_12F1165_0090_342020_21.qgd,Unknown,22:1w9c,-----,-----,-----,-----,-----,-----,-----,-----,1,
DEME_13F1242_0087_342020_22.qgd,Unknown,22:1w9c,-----,-----,-----,-----,-----,-----,-----,-----,1,
DEME_14F1312_0088_342020_12.qgd,Unknown,22:1w9c,-----,-----,-----,-----,-----,-----,-----,-----,1,
DEME_15F1416_0089_342020_13.qgd,Unknown,22:1w9c,-----,-----,-----,-----,-----,-----,-----,-----,1,
HIGR_07F0558_0050_342020_26.qgd,Unknown,22:1w9c,-----,-----,-----,-----,-----,-----,-----,-----,1,
HIGR_11F0992_0124_342020_18.qgd,Unknown,22:1w9c,-----,-----,-----,-----,-----,-----,-----,-----,1,
HIGR_12F1091_0125_342020_16.qgd,Unknown,22:1w9c,-----,-----,-----,-----,-----,-----,-----,-----,1,
IRCO_08F0676_0069_342020_10.qgd,Unknown,22:1w9c,39.237,4758,874,0.0322,-----,-----,100,100,1,
IRCO_09F0720_0070_342020_11.qgd,Unknown,22:1w9c,39.23,2148,413,0.0145,-----,-----,100,100,1,
IRCO_10F0875_0071_342020_23.qgd,Unknown,22:1w9c,39.25,13445,2652,0.0909,-----,-----,100,100,1,
IRCO_15F1424_0105_342020_20.qgd,Unknown,22:1w9c,39.24,6736,1260,0.0455,-----,-----,100,100,1,
PHAN_02F0095_0051_342020_8.qgd,Unknown,22:1w9c,39.249,10036,1464,0.0678,-----,-----,100,100,1,
PHAN_03F0175_0052_342020_9.qgd,Unknown,22:1w9c,39.231,12469,2170,0.0843,-----,-----,100,100,1,
PHAN_04F0230_0053_342020_25.qgd,Unknown,22:1w9c,39.236,5544,1079,0.0375,-----,-----,100,100,1,
PLCA_09F0719_0108_342020_19.qgd,Unknown,22:1w9c,39.269,19549,3225,0.1322,-----,-----,100,100,1,
PLCA_14F1214_0106_342020_14.qgd,Unknown,22:1w9c,39.301,9865,1759,0.0667,-----,-----,100,100,1,
PLCA_15F1397_0107_342020_15.qgd,Unknown,22:1w9c,39.253,12828,2580,0.0867,-----,-----,100,100,1,
DEME_03F0154_0033_342020_7.qgd,Unknown,22:2w6,41.309,22201,4173,0.1185,-----,-----,100,100,1,
DEME_04F0245_0034_342020_27.qgd,Unknown,22:2w6,41.312,33290,5414,0.1776,-----,-----,100,100,1,
DEME_12F1165_0090_342020_21.qgd,Unknown,22:2w6,41.31,32018,5883,0.1708,-----,-----,100,100,1,
DEME_13F1242_0087_342020_22.qgd,Unknown,22:2w6,41.311,37839,6396,0.2019,-----,-----,100,100,1,
DEME_14F1312_0088_342020_12.qgd,Unknown,22:2w6,41.337,7935,2348,0.0423,-----,-----,100,100,1,
DEME_15F1416_0089_342020_13.qgd,Unknown,22:2w6,41.316,20070,3516,0.1071,-----,-----,100,100,1,
HIGR_07F0558_0050_342020_26.qgd,Unknown,22:2w6,41.29,9914,1716,0.0529,-----,-----,100,100,1,
HIGR_11F0992_0124_342020_18.qgd,Unknown,22:2w6,41.343,4574,958,0.0244,-----,-----,100,100,1,
HIGR_12F1091_0125_342020_16.qgd,Unknown,22:2w6,41.313,6087,1082,0.0325,-----,-----,100,100,1,
IRCO_08F0676_0069_342020_10.qgd,Unknown,22:2w6,41.597,126,125,0.0007,-----,-----,2.2905,3.6993,1,
IRCO_09F0720_0070_342020_11.qgd,Unknown,22:2w6,41.193,133,212,0.0007,-----,-----,100,100,1,
IRCO_10F0875_0071_342020_23.qgd,Unknown,22:2w6,41.196,193,213,0.001,-----,-----,100,100,1,
IRCO_15F1424_0105_342020_20.qgd,Unknown,22:2w6,41.168,-163,72,-0.0009,-----,-----,0,100,1,
PHAN_02F0095_0051_342020_8.qgd,Unknown,22:2w6,-----,-----,-----,-----,-----,-----,-----,-----,1,
PHAN_03F0175_0052_342020_9.qgd,Unknown,22:2w6,-----,-----,-----,-----,-----,-----,-----,-----,1,
PHAN_04F0230_0053_342020_25.qgd,Unknown,22:2w6,-----,-----,-----,-----,-----,-----,-----,-----,1,
PLCA_09F0719_0108_342020_19.qgd,Unknown,22:2w6,41.176,-121,139,-0.0006,-----,-----,0,100,1,
PLCA_14F1214_0106_342020_14.qgd,Unknown,22:2w6,-----,-----,-----,-----,-----,-----,-----,-----,1,
PLCA_15F1397_0107_342020_15.qgd,Unknown,22:2w6,41.194,-18,128,-0.0001,-----,-----,0,100,1,
DEME_03F0154_0033_342020_7.qgd,Unknown,21:5w3,41.573,-10,162,0,-----,-----,0,100,1,
DEME_04F0245_0034_342020_27.qgd,Unknown,21:5w3,41.609,3264,894,0.0148,-----,-----,100,100,1,
DEME_12F1165_0090_342020_21.qgd,Unknown,21:5w3,-----,-----,-----,-----,-----,-----,-----,-----,1,
DEME_13F1242_0087_342020_22.qgd,Unknown,21:5w3,41.54,2475,724,0.0113,-----,-----,100,100,1,
DEME_14F1312_0088_342020_12.qgd,Unknown,21:5w3,41.55,2544,949,0.0116,-----,-----,100,100,1,
DEME_15F1416_0089_342020_13.qgd,Unknown,21:5w3,41.609,-635,261,-0.0029,-----,-----,0,100,1,
HIGR_07F0558_0050_342020_26.qgd,Unknown,21:5w3,-----,-----,-----,-----,-----,-----,-----,-----,1,
HIGR_11F0992_0124_342020_18.qgd,Unknown,21:5w3,41.627,323,235,0.0015,-----,-----,100,100,1,
HIGR_12F1091_0125_342020_16.qgd,Unknown,21:5w3,-----,-----,-----,-----,-----,-----,-----,-----,1,
IRCO_08F0676_0069_342020_10.qgd,Unknown,21:5w3,41.665,-202,55,-0.0009,-----,-----,0,100,1,
IRCO_09F0720_0070_342020_11.qgd,Unknown,21:5w3,-----,-----,-----,-----,-----,-----,-----,-----,1,
IRCO_10F0875_0071_342020_23.qgd,Unknown,21:5w3,41.616,-17,138,-0.0001,-----,-----,0,100,1,
IRCO_15F1424_0105_342020_20.qgd,Unknown,21:5w3,-----,-----,-----,-----,-----,-----,-----,-----,1,
PHAN_02F0095_0051_342020_8.qgd,Unknown,21:5w3,41.631,-172,163,-0.0008,-----,-----,0,100,1,
PHAN_03F0175_0052_342020_9.qgd,Unknown,21:5w3,-----,-----,-----,-----,-----,-----,-----,-----,1,
PHAN_04F0230_0053_342020_25.qgd,Unknown,21:5w3,41.67,184,160,0.0008,-----,-----,100,100,1,
PLCA_09F0719_0108_342020_19.qgd,Unknown,21:5w3,41.423,152111,18345,0.6919,-----,-----,100,100,1,
PLCA_14F1214_0106_342020_14.qgd,Unknown,21:5w3,41.582,840656,93192,3.8239,-----,-----,100,100,1,
PLCA_15F1397_0107_342020_15.qgd,Unknown,21:5w3,41.547,101563,12736,0.462,-----,-----,100,100,1,
DEME_03F0154_0033_342020_7.qgd,Unknown,23:0,-----,-----,-----,-----,-----,-----,-----,-----,1,
DEME_04F0245_0034_342020_27.qgd,Unknown,23:0,-----,-----,-----,-----,-----,-----,-----,-----,1,
DEME_12F1165_0090_342020_21.qgd,Unknown,23:0,-----,-----,-----,-----,-----,-----,-----,-----,1,
DEME_13F1242_0087_342020_22.qgd,Unknown,23:0,-----,-----,-----,-----,-----,-----,-----,-----,1,
DEME_14F1312_0088_342020_12.qgd,Unknown,23:0,-----,-----,-----,-----,-----,-----,-----,-----,1,
DEME_15F1416_0089_342020_13.qgd,Unknown,23:0,-----,-----,-----,-----,-----,-----,-----,-----,1,
HIGR_07F0558_0050_342020_26.qgd,Unknown,23:0,-----,-----,-----,-----,-----,-----,-----,-----,1,
HIGR_11F0992_0124_342020_18.qgd,Unknown,23:0,-----,-----,-----,-----,-----,-----,-----,-----,1,
HIGR_12F1091_0125_342020_16.qgd,Unknown,23:0,-----,-----,-----,-----,-----,-----,-----,-----,1,
IRCO_08F0676_0069_342020_10.qgd,Unknown,23:0,-----,-----,-----,-----,-----,-----,-----,-----,1,
IRCO_09F0720_0070_342020_11.qgd,Unknown,23:0,-----,-----,-----,-----,-----,-----,-----,-----,1,
IRCO_10F0875_0071_342020_23.qgd,Unknown,23:0,42.384,6049,1137,0.0144,-----,-----,100,100,1,
IRCO_15F1424_0105_342020_20.qgd,Unknown,23:0,-----,-----,-----,-----,-----,-----,-----,-----,1,
PHAN_02F0095_0051_342020_8.qgd,Unknown,23:0,42.394,-92,90,-0.0002,-----,-----,0,100,1,
PHAN_03F0175_0052_342020_9.qgd,Unknown,23:0,-----,-----,-----,-----,-----,-----,-----,-----,1,
PHAN_04F0230_0053_342020_25.qgd,Unknown,23:0,-----,-----,-----,-----,-----,-----,-----,-----,1,
PLCA_09F0719_0108_342020_19.qgd,Unknown,23:0,-----,-----,-----,-----,-----,-----,-----,-----,1,
PLCA_14F1214_0106_342020_14.qgd,Unknown,23:0,-----,-----,-----,-----,-----,-----,-----,-----,1,
PLCA_15F1397_0107_342020_15.qgd,Unknown,23:0,42.419,1412,498,0.0034,-----,-----,100,100,1,
DEME_03F0154_0033_342020_7.qgd,Unknown,22:4w6,-----,-----,-----,-----,-----,-----,-----,-----,1,
DEME_04F0245_0034_342020_27.qgd,Unknown,22:4w6,43.041,346,268,0.0018,-----,-----,100,100,1,
DEME_12F1165_0090_342020_21.qgd,Unknown,22:4w6,-----,-----,-----,-----,-----,-----,-----,-----,1,
DEME_13F1242_0087_342020_22.qgd,Unknown,22:4w6,43.036,2527,897,0.0133,-----,-----,100,100,1,
DEME_14F1312_0088_342020_12.qgd,Unknown,22:4w6,43.027,5693,982,0.03,-----,-----,100,100,1,
DEME_15F1416_0089_342020_13.qgd,Unknown,22:4w6,43.008,15902,2230,0.0839,-----,-----,100,100,1,
HIGR_07F0558_0050_342020_26.qgd,Unknown,22:4w6,43.053,822495,141916,4.3384,-----,-----,100,100,1,
HIGR_11F0992_0124_342020_18.qgd,Unknown,22:4w6,43.07,956568,153690,5.0456,-----,-----,99.805,99.3606,1,
HIGR_12F1091_0125_342020_16.qgd,Unknown,22:4w6,43.067,778154,129053,4.1045,-----,-----,99.5109,98.6176,1,
IRCO_08F0676_0069_342020_10.qgd,Unknown,22:4w6,-----,-----,-----,-----,-----,-----,-----,-----,1,
IRCO_09F0720_0070_342020_11.qgd,Unknown,22:4w6,-----,-----,-----,-----,-----,-----,-----,-----,1,
IRCO_10F0875_0071_342020_23.qgd,Unknown,22:4w6,-----,-----,-----,-----,-----,-----,-----,-----,1,
IRCO_15F1424_0105_342020_20.qgd,Unknown,22:4w6,-----,-----,-----,-----,-----,-----,-----,-----,1,
PHAN_02F0095_0051_342020_8.qgd,Unknown,22:4w6,43.023,5623,998,0.0297,-----,-----,100,100,1,
PHAN_03F0175_0052_342020_9.qgd,Unknown,22:4w6,43.02,4940,1426,0.0261,-----,-----,100,100,1,
PHAN_04F0230_0053_342020_25.qgd,Unknown,22:4w6,43.019,49345,7514,0.2603,-----,-----,90.5629,77.2171,1,
PLCA_09F0719_0108_342020_19.qgd,Unknown,22:4w6,-----,-----,-----,-----,-----,-----,-----,-----,1,
PLCA_14F1214_0106_342020_14.qgd,Unknown,22:4w6,43.031,857,835,0.0045,-----,-----,100,100,1,
PLCA_15F1397_0107_342020_15.qgd,Unknown,22:4w6,43.03,13813,2380,0.0729,-----,-----,100,100,1,
DEME_03F0154_0033_342020_7.qgd,Unknown,22:5w6,-----,-----,-----,-----,-----,-----,-----,-----,1,
DEME_04F0245_0034_342020_27.qgd,Unknown,22:5w6,43.555,1747,703,0.0068,-----,-----,14.0321,12.5044,1,
DEME_12F1165_0090_342020_21.qgd,Unknown,22:5w6,43.514,-128,60,-0.0005,-----,-----,0,100,1,
DEME_13F1242_0087_342020_22.qgd,Unknown,22:5w6,43.463,920,643,0.0036,-----,-----,100,100,1,
DEME_14F1312_0088_342020_12.qgd,Unknown,22:5w6,43.583,653,317,0.0025,-----,-----,4.7162,5.3421,1,
DEME_15F1416_0089_342020_13.qgd,Unknown,22:5w6,43.471,1676,800,0.0065,-----,-----,100,100,1,
HIGR_07F0558_0050_342020_26.qgd,Unknown,22:5w6,43.508,745,557,0.0029,-----,-----,100,100,1,
HIGR_11F0992_0124_342020_18.qgd,Unknown,22:5w6,43.492,441,241,0.0017,-----,-----,100,100,1,
HIGR_12F1091_0125_342020_16.qgd,Unknown,22:5w6,43.502,177,275,0.0007,-----,-----,100,100,1,
IRCO_08F0676_0069_342020_10.qgd,Unknown,22:5w6,43.481,463,221,0.0018,-----,-----,100,100,1,
IRCO_09F0720_0070_342020_11.qgd,Unknown,22:5w6,43.45,167,189,0.0006,-----,-----,3.1767,6.8702,1,
IRCO_10F0875_0071_342020_23.qgd,Unknown,22:5w6,-----,-----,-----,-----,-----,-----,-----,-----,1,
IRCO_15F1424_0105_342020_20.qgd,Unknown,22:5w6,43.499,355,188,0.0014,-----,-----,100,100,1,
PHAN_02F0095_0051_342020_8.qgd,Unknown,22:5w6,-----,-----,-----,-----,-----,-----,-----,-----,1,
PHAN_03F0175_0052_342020_9.qgd,Unknown,22:5w6,-----,-----,-----,-----,-----,-----,-----,-----,1,
PHAN_04F0230_0053_342020_25.qgd,Unknown,22:5w6,43.514,10950,1533,0.0424,-----,-----,72.4206,43.0255,1,
PLCA_09F0719_0108_342020_19.qgd,Unknown,22:5w6,43.517,338,377,0.0013,-----,-----,100,100,1,
PLCA_14F1214_0106_342020_14.qgd,Unknown,22:5w6,43.498,1779,834,0.0069,-----,-----,100,100,1,
PLCA_15F1397_0107_342020_15.qgd,Unknown,22:5w6,43.55,3599,826,0.0139,-----,-----,29.0664,16.2727,1,
DEME_03F0154_0033_342020_7.qgd,Unknown,22:3w6,43.554,310,308,0.0004,-----,-----,3.2098,6.8066,1,
DEME_04F0245_0034_342020_27.qgd,Unknown,22:3w6,43.603,464,345,0.0006,-----,-----,3.4908,6.1399,1,
DEME_12F1165_0090_342020_21.qgd,Unknown,22:3w6,43.637,263,350,0.0003,-----,-----,2.4005,6.0459,1,
DEME_13F1242_0087_342020_22.qgd,Unknown,22:3w6,43.585,882,416,0.0011,-----,-----,8.2693,9.9736,1,
DEME_14F1312_0088_342020_12.qgd,Unknown,22:3w6,43.583,653,317,0.0008,-----,-----,4.6543,5.4133,1,
DEME_15F1416_0089_342020_13.qgd,Unknown,22:3w6,43.763,574,300,0.0007,-----,-----,2.4319,3.0537,1,
HIGR_07F0558_0050_342020_26.qgd,Unknown,22:3w6,43.63,580,282,0.0007,-----,-----,11.0078,11.677,1,
HIGR_11F0992_0124_342020_18.qgd,Unknown,22:3w6,43.623,425,280,0.0005,-----,-----,9.5506,8.8078,1,
HIGR_12F1091_0125_342020_16.qgd,Unknown,22:3w6,43.621,112,183,0.0001,-----,-----,100,100,1,
IRCO_08F0676_0069_342020_10.qgd,Unknown,22:3w6,43.624,1224,222,0.0016,-----,-----,16.5899,9.1283,1,
IRCO_09F0720_0070_342020_11.qgd,Unknown,22:3w6,43.563,159,141,0.0002,-----,-----,100,100,1,
IRCO_10F0875_0071_342020_23.qgd,Unknown,22:3w6,43.697,704,211,0.0009,-----,-----,6.8032,6.2723,1,
IRCO_15F1424_0105_342020_20.qgd,Unknown,22:3w6,43.627,-217,67,-0.0003,-----,-----,0,100,1,
PHAN_02F0095_0051_342020_8.qgd,Unknown,22:3w6,43.59,341,273,0.0004,-----,-----,4.7204,7.0306,1,
PHAN_03F0175_0052_342020_9.qgd,Unknown,22:3w6,43.61,165,205,0.0002,-----,-----,100,100,1,
PHAN_04F0230_0053_342020_25.qgd,Unknown,22:3w6,43.703,1064,229,0.0014,-----,-----,6.7159,5.6321,1,
PLCA_09F0719_0108_342020_19.qgd,Unknown,22:3w6,43.662,1627,423,0.0021,-----,-----,15.1307,9.0307,1,
PLCA_14F1214_0106_342020_14.qgd,Unknown,22:3w6,43.73,2178,882,0.0028,-----,-----,8.9837,7.0453,1,
PLCA_15F1397_0107_342020_15.qgd,Unknown,22:3w6,43.55,3599,826,0.0046,-----,-----,27.5048,15.1671,1,
DEME_03F0154_0033_342020_7.qgd,Unknown,22:5w3,45.48,7676,1652,0.0389,-----,-----,100,100,1,
DEME_04F0245_0034_342020_27.qgd,Unknown,22:5w3,45.47,10539,2052,0.0534,-----,-----,68.7251,50.2818,1,
DEME_12F1165_0090_342020_21.qgd,Unknown,22:5w3,45.556,320,310,0.0016,-----,-----,100,100,1,
DEME_13F1242_0087_342020_22.qgd,Unknown,22:5w3,-----,-----,-----,-----,-----,-----,-----,-----,1,
DEME_14F1312_0088_342020_12.qgd,Unknown,22:5w3,-----,-----,-----,-----,-----,-----,-----,-----,1,
DEME_15F1416_0089_342020_13.qgd,Unknown,22:5w3,45.392,7969,1122,0.0404,-----,-----,31.9565,12.2196,1,
HIGR_07F0558_0050_342020_26.qgd,Unknown,22:5w3,45.512,1175874,189204,5.9571,-----,-----,99.9522,99.9303,1,
HIGR_11F0992_0124_342020_18.qgd,Unknown,22:5w3,45.539,1855942,305766,9.4025,-----,-----,99.7991,99.451,1,
HIGR_12F1091_0125_342020_16.qgd,Unknown,22:5w3,45.513,970568,154060,4.917,-----,-----,99.8145,99.1511,1,
IRCO_08F0676_0069_342020_10.qgd,Unknown,22:5w3,-----,-----,-----,-----,-----,-----,-----,-----,1,
IRCO_09F0720_0070_342020_11.qgd,Unknown,22:5w3,45.458,2476,413,0.0125,-----,-----,46.0223,26.9055,1,
IRCO_10F0875_0071_342020_23.qgd,Unknown,22:5w3,45.476,13310,1964,0.0674,-----,-----,73.0275,50.9336,1,
IRCO_15F1424_0105_342020_20.qgd,Unknown,22:5w3,45.483,4697,900,0.0238,-----,-----,100,100,1,
PHAN_02F0095_0051_342020_8.qgd,Unknown,22:5w3,45.483,9928,1677,0.0503,-----,-----,100,100,1,
PHAN_03F0175_0052_342020_9.qgd,Unknown,22:5w3,45.491,2338,597,0.0118,-----,-----,100,100,1,
PHAN_04F0230_0053_342020_25.qgd,Unknown,22:5w3,45.479,67481,10337,0.3419,-----,-----,97.7504,91.7621,1,
PLCA_09F0719_0108_342020_19.qgd,Unknown,22:5w3,45.517,18013,3021,0.0913,-----,-----,64.8907,36.5076,1,
PLCA_14F1214_0106_342020_14.qgd,Unknown,22:5w3,45.508,17479,2782,0.0886,-----,-----,82.9765,52.4906,1,
PLCA_15F1397_0107_342020_15.qgd,Unknown,22:5w3,45.477,53665,8005,0.2719,-----,-----,94.6056,86.029,1,
DEME_03F0154_0033_342020_7.qgd,Unknown,22:6w3,45.989,11001,1763,0.0516,-----,-----,63.1117,37.328,1,
DEME_04F0245_0034_342020_27.qgd,Unknown,22:6w3,46.023,446158,72129,2.0942,-----,-----,99.0905,97.0572,1,
DEME_12F1165_0090_342020_21.qgd,Unknown,22:6w3,45.916,227,260,0.0011,-----,-----,1.4401,5.1161,1,
DEME_13F1242_0087_342020_22.qgd,Unknown,22:6w3,46.003,10297,1802,0.0483,-----,-----,55.5334,41.0759,1,
DEME_14F1312_0088_342020_12.qgd,Unknown,22:6w3,46.15,7440,1473,0.0349,-----,-----,32.2651,25.0255,1,
DEME_15F1416_0089_342020_13.qgd,Unknown,22:6w3,46.017,18171,2770,0.0853,-----,-----,54.0418,32.4584,1,
HIGR_07F0558_0050_342020_26.qgd,Unknown,22:6w3,45.983,274,351,0.0013,-----,-----,5.4257,10.5405,1,
HIGR_11F0992_0124_342020_18.qgd,Unknown,22:6w3,46.011,730,313,0.0034,-----,-----,0.2711,0.2937,1,
HIGR_12F1091_0125_342020_16.qgd,Unknown,22:6w3,-----,-----,-----,-----,-----,-----,-----,-----,1,
IRCO_08F0676_0069_342020_10.qgd,Unknown,22:6w3,-----,-----,-----,-----,-----,-----,-----,-----,1,
IRCO_09F0720_0070_342020_11.qgd,Unknown,22:6w3,46.001,1289,374,0.0061,-----,-----,19.9845,12.0451,1,
IRCO_10F0875_0071_342020_23.qgd,Unknown,22:6w3,45.618,235,318,0.0011,-----,-----,4.3454,10.15,1,
IRCO_15F1424_0105_342020_20.qgd,Unknown,22:6w3,46.47,398,226,0.0019,-----,-----,4.3488,6.0802,1,
PHAN_02F0095_0051_342020_8.qgd,Unknown,22:6w3,46.006,34325,5197,0.1611,-----,-----,94.2839,82.7021,1,
PHAN_03F0175_0052_342020_9.qgd,Unknown,22:6w3,-----,-----,-----,-----,-----,-----,-----,-----,1,
PHAN_04F0230_0053_342020_25.qgd,Unknown,22:6w3,46.009,91205,14273,0.4281,-----,-----,96.8597,90.3698,1,
PLCA_09F0719_0108_342020_19.qgd,Unknown,22:6w3,46.038,99837,15422,0.4686,-----,-----,94.5184,86.422,1,
PLCA_14F1214_0106_342020_14.qgd,Unknown,22:6w3,45.997,16968,2575,0.0796,-----,-----,81.4243,56.1369,1,
PLCA_15F1397_0107_342020_15.qgd,Unknown,22:6w3,46.031,621101,100450,2.9154,-----,-----,99.2696,97.5773,1,
DEME_03F0154_0033_342020_7.qgd,Unknown,24:0,46.281,17439,3595,0.045,-----,-----,100,100,1,
DEME_04F0245_0034_342020_27.qgd,Unknown,24:0,46.307,25820,4904,0.0666,-----,-----,100,100,1,
DEME_12F1165_0090_342020_21.qgd,Unknown,24:0,46.279,17315,3234,0.0447,-----,-----,100,100,1,
DEME_13F1242_0087_342020_22.qgd,Unknown,24:0,46.291,37301,6040,0.0962,-----,-----,100,100,1,
DEME_14F1312_0088_342020_12.qgd,Unknown,24:0,46.29,32745,4932,0.0845,-----,-----,100,100,1,
DEME_15F1416_0089_342020_13.qgd,Unknown,24:0,46.314,35908,5629,0.0926,-----,-----,100,100,1,
HIGR_07F0558_0050_342020_26.qgd,Unknown,24:0,46.304,27390,4153,0.0707,-----,-----,100,100,1,
HIGR_11F0992_0124_342020_18.qgd,Unknown,24:0,46.307,26094,4272,0.0673,-----,-----,100,100,1,
HIGR_12F1091_0125_342020_16.qgd,Unknown,24:0,46.308,38338,5590,0.0989,-----,-----,100,100,1,
IRCO_08F0676_0069_342020_10.qgd,Unknown,24:0,-----,-----,-----,-----,-----,-----,-----,-----,1,
IRCO_09F0720_0070_342020_11.qgd,Unknown,24:0,-----,-----,-----,-----,-----,-----,-----,-----,1,
IRCO_10F0875_0071_342020_23.qgd,Unknown,24:0,46.303,23177,3563,0.0598,-----,-----,100,100,1,
IRCO_15F1424_0105_342020_20.qgd,Unknown,24:0,-----,-----,-----,-----,-----,-----,-----,-----,1,
PHAN_02F0095_0051_342020_8.qgd,Unknown,24:0,46.267,5340,899,0.0138,-----,-----,100,100,1,
PHAN_03F0175_0052_342020_9.qgd,Unknown,24:0,46.272,5001,908,0.0129,-----,-----,100,100,1,
PHAN_04F0230_0053_342020_25.qgd,Unknown,24:0,46.302,9475,1799,0.0244,-----,-----,100,100,1,
PLCA_09F0719_0108_342020_19.qgd,Unknown,24:0,46.372,31138,5056,0.0803,-----,-----,100,100,1,
PLCA_14F1214_0106_342020_14.qgd,Unknown,24:0,46.3,5227,981,0.0135,-----,-----,100,100,1,
PLCA_15F1397_0107_342020_15.qgd,Unknown,24:0,46.271,7700,1392,0.0199,-----,-----,100,100,1,
DEME_03F0154_0033_342020_7.qgd,Unknown,24:1w9,-----,-----,-----,-----,-----,-----,-----,-----,1,
DEME_04F0245_0034_342020_27.qgd,Unknown,24:1w9,-----,-----,-----,-----,-----,-----,-----,-----,1,
DEME_12F1165_0090_342020_21.qgd,Unknown,24:1w9,-----,-----,-----,-----,-----,-----,-----,-----,1,
DEME_13F1242_0087_342020_22.qgd,Unknown,24:1w9,-----,-----,-----,-----,-----,-----,-----,-----,1,
DEME_14F1312_0088_342020_12.qgd,Unknown,24:1w9,-----,-----,-----,-----,-----,-----,-----,-----,1,
DEME_15F1416_0089_342020_13.qgd,Unknown,24:1w9,-----,-----,-----,-----,-----,-----,-----,-----,1,
HIGR_07F0558_0050_342020_26.qgd,Unknown,24:1w9,-----,-----,-----,-----,-----,-----,-----,-----,1,
HIGR_11F0992_0124_342020_18.qgd,Unknown,24:1w9,-----,-----,-----,-----,-----,-----,-----,-----,1,
HIGR_12F1091_0125_342020_16.qgd,Unknown,24:1w9,-----,-----,-----,-----,-----,-----,-----,-----,1,
IRCO_08F0676_0069_342020_10.qgd,Unknown,24:1w9,47.203,9620,1489,0.0629,-----,-----,100,100,1,
IRCO_09F0720_0070_342020_11.qgd,Unknown,24:1w9,47.203,5569,925,0.0364,-----,-----,100,100,1,
IRCO_10F0875_0071_342020_23.qgd,Unknown,24:1w9,47.186,33034,4778,0.216,-----,-----,100,100,1,
IRCO_15F1424_0105_342020_20.qgd,Unknown,24:1w9,47.212,13411,1987,0.0877,-----,-----,100,100,1,
PHAN_02F0095_0051_342020_8.qgd,Unknown,24:1w9,47.203,29599,4739,0.1935,-----,-----,100,100,1,
PHAN_03F0175_0052_342020_9.qgd,Unknown,24:1w9,47.19,36061,5422,0.2358,-----,-----,100,100,1,
PHAN_04F0230_0053_342020_25.qgd,Unknown,24:1w9,47.216,66537,9865,0.4351,-----,-----,100,100,1,
PLCA_09F0719_0108_342020_19.qgd,Unknown,24:1w9,-----,-----,-----,-----,-----,-----,-----,-----,1,
PLCA_14F1214_0106_342020_14.qgd,Unknown,24:1w9,-----,-----,-----,-----,-----,-----,-----,-----,1,
PLCA_15F1397_0107_342020_15.qgd,Unknown,24:1w9,-----,-----,-----,-----,-----,-----,-----,-----,1,
