sample,batch,FA,proportion
CAAT_14F1385_0200,batch_6,8:0,0.000121340661357588
CAAT_14F1385_0200,batch_6,9:0,0.000233504297906619
CAAT_14F1385_0200,batch_6,10:0,8.97E-05
CAAT_14F1385_0200,batch_6,11:0,5.71014876976884E-05
CAAT_14F1385_0200,batch_6,11:1,0.00026103537233229
CAAT_14F1385_0200,batch_6,12:0,0.000683178513525915
CAAT_14F1385_0200,batch_6,13:0,0
CAAT_14F1385_0200,batch_6,13:1,0
CAAT_14F1385_0200,batch_6,i-14:0,0
CAAT_14F1385_0200,batch_6,14:0,0.0154092443229905
CAAT_14F1385_0200,batch_6,14:1,0
CAAT_14F1385_0200,batch_6,14:1w5,0
CAAT_14F1385_0200,batch_6,i-15:0,0
CAAT_14F1385_0200,batch_6,a-15:0,0
CAAT_14F1385_0200,batch_6,15:0,0.00433563438733163
CAAT_14F1385_0200,batch_6,15:1w7,0
CAAT_14F1385_0200,batch_6,15:1w5,0
CAAT_14F1385_0200,batch_6,i-16:0,0
CAAT_14F1385_0200,batch_6,16:0,0.234351643197275
CAAT_14F1385_0200,batch_6,16:1w13,0
CAAT_14F1385_0200,batch_6,16:1w9,0
CAAT_14F1385_0200,batch_6,16:1w7t,0
CAAT_14F1385_0200,batch_6,16:1w8c,0
CAAT_14F1385_0200,batch_6,16:1w7c,0.00582537141458739
CAAT_14F1385_0200,batch_6,16:1w6c,0
CAAT_14F1385_0200,batch_6,16:1w5t,0
CAAT_14F1385_0200,batch_6,16:1w5c,0
CAAT_14F1385_0200,batch_6,16:2w6,0
CAAT_14F1385_0200,batch_6,14:4w3,0
CAAT_14F1385_0200,batch_6,i-17:0,0
CAAT_14F1385_0200,batch_6,a-17:0,0
CAAT_14F1385_0200,batch_6,16:2w5,0
CAAT_14F1385_0200,batch_6,16:2w4,0
CAAT_14F1385_0200,batch_6,17:0,0.00216271884654995
CAAT_14F1385_0200,batch_6,16:3w4,0
CAAT_14F1385_0200,batch_6,16:3w3,0
CAAT_14F1385_0200,batch_6,17:1w9c,0.000859581323734845
CAAT_14F1385_0200,batch_6,17:1w7c,0
CAAT_14F1385_0200,batch_6,16:4w3,0
CAAT_14F1385_0200,batch_6,16:4w1,0
CAAT_14F1385_0200,batch_6,17:2,0
CAAT_14F1385_0200,batch_6,18:0,0.00867636712177912
CAAT_14F1385_0200,batch_6,18:1w9t,0
CAAT_14F1385_0200,batch_6,18:1w9c,0.0214140775560563
CAAT_14F1385_0200,batch_6,18:1w8c,0
CAAT_14F1385_0200,batch_6,18:1w7c,0.00266847488044376
CAAT_14F1385_0200,batch_6,18:1w5c,0
CAAT_14F1385_0200,batch_6,18:1w6c,0
CAAT_14F1385_0200,batch_6,"18:2w7,12c",0
CAAT_14F1385_0200,batch_6,18:2w6t,0
CAAT_14F1385_0200,batch_6,18:2w6c,0.0173506949047119
CAAT_14F1385_0200,batch_6,18:2w3,0
CAAT_14F1385_0200,batch_6,18:2,0
CAAT_14F1385_0200,batch_6,18:3w6,0.00102578743971205
CAAT_14F1385_0200,batch_6,18:3w4,0
CAAT_14F1385_0200,batch_6,19:0,0.285347350389004
CAAT_14F1385_0200,batch_6,18:3w3,0
CAAT_14F1385_0200,batch_6,18:3w1,0
CAAT_14F1385_0200,batch_6,18:4w3c,0
CAAT_14F1385_0200,batch_6,18:4w1,0
CAAT_14F1385_0200,batch_6,18:5w3,0
CAAT_14F1385_0200,batch_6,20:0,0
CAAT_14F1385_0200,batch_6,20:1w11,0
CAAT_14F1385_0200,batch_6,20:1w9,0
CAAT_14F1385_0200,batch_6,20:1w7,0
CAAT_14F1385_0200,batch_6,20:1w5,0
CAAT_14F1385_0200,batch_6,20:2w6,0.000349746612148341
CAAT_14F1385_0200,batch_6,20:3n7,0.000879974712198305
CAAT_14F1385_0200,batch_6,20:3w6,0.000652588430830725
CAAT_14F1385_0200,batch_6,20:4w6,0.584308307246791
CAAT_14F1385_0200,batch_6,20:3w3,0
CAAT_14F1385_0200,batch_6,20:4w3,0
CAAT_14F1385_0200,batch_6,20:5w3,0.0970266439620275
CAAT_14F1385_0200,batch_6,21:0,0
CAAT_14F1385_0200,batch_6,22:0,0
CAAT_14F1385_0200,batch_6,22:1w9c,0.000489441323123044
CAAT_14F1385_0200,batch_6,22:1w7c,0
CAAT_14F1385_0200,batch_6,22:2w6,0
CAAT_14F1385_0200,batch_6,21:5w3,0
CAAT_14F1385_0200,batch_6,23:0,0
CAAT_14F1385_0200,batch_6,22:4w6,0.000379317025420359
CAAT_14F1385_0200,batch_6,22:5w6,0
CAAT_14F1385_0200,batch_6,22:3w6,0
CAAT_14F1385_0200,batch_6,22:6w4,0
CAAT_14F1385_0200,batch_6,22:5w3,0
CAAT_14F1385_0200,batch_6,22:6w3,0.000388494050228916
CAAT_14F1385_0200,batch_6,24:0,0
CAAT_14F1385_0200,batch_6,24:1,0
CAAT_14F1385_0200,batch_6,24:1w9,0
CAAT_14F1385_0200,batch_6,24:1w7,0
CAAT_14F1385_0200,batch_6,26:0,0.00E+00
CAAT_14F1385_0200,batch_6,26:4w2,0.00E+00
CAAT_14F1385_0200,batch_6,27:0,0.00E+00
CAAT_14F1385_0200,batch_6,28:0,0.00E+00
CAAT_14F1385_0200,batch_6,29:0,0
RHLA_11F1031_0198,batch_6,8:0,0.000134479009107431
RHLA_11F1031_0198,batch_6,9:0,0.00138577417004038
RHLA_11F1031_0198,batch_6,10:0,0.000101179444947496
RHLA_11F1031_0198,batch_6,11:0,0.000121671484430533
RHLA_11F1031_0198,batch_6,11:1,0.000198516632491922
RHLA_11F1031_0198,batch_6,12:0,0.000375260473033116
RHLA_11F1031_0198,batch_6,13:0,7.81259005290788E-05
RHLA_11F1031_0198,batch_6,13:1,0
RHLA_11F1031_0198,batch_6,i-14:0,0
RHLA_11F1031_0198,batch_6,14:0,0.0144840296571041
RHLA_11F1031_0198,batch_6,14:1,0
RHLA_11F1031_0198,batch_6,14:1w5,0
RHLA_11F1031_0198,batch_6,i-15:0,0
RHLA_11F1031_0198,batch_6,a-15:0,0
RHLA_11F1031_0198,batch_6,15:0,0.0022887046597617
RHLA_11F1031_0198,batch_6,15:1w7,0
RHLA_11F1031_0198,batch_6,15:1w5,0
RHLA_11F1031_0198,batch_6,i-16:0,0
RHLA_11F1031_0198,batch_6,16:0,0.20907899809296
RHLA_11F1031_0198,batch_6,16:1w13,0
RHLA_11F1031_0198,batch_6,16:1w9,0
RHLA_11F1031_0198,batch_6,16:1w7t,0
RHLA_11F1031_0198,batch_6,16:1w8c,0
RHLA_11F1031_0198,batch_6,16:1w7c,0.0117112005645557
RHLA_11F1031_0198,batch_6,16:1w6c,0
RHLA_11F1031_0198,batch_6,16:1w5t,0
RHLA_11F1031_0198,batch_6,16:1w5c,0
RHLA_11F1031_0198,batch_6,16:2w6,0
RHLA_11F1031_0198,batch_6,14:4w3,0
RHLA_11F1031_0198,batch_6,i-17:0,0
RHLA_11F1031_0198,batch_6,a-17:0,0
RHLA_11F1031_0198,batch_6,16:2w5,0
RHLA_11F1031_0198,batch_6,16:2w4,0
RHLA_11F1031_0198,batch_6,17:0,0.000931107044010497
RHLA_11F1031_0198,batch_6,16:3w4,0
RHLA_11F1031_0198,batch_6,16:3w3,0
RHLA_11F1031_0198,batch_6,17:1w9c,0
RHLA_11F1031_0198,batch_6,17:1w7c,0
RHLA_11F1031_0198,batch_6,16:4w3,0
RHLA_11F1031_0198,batch_6,16:4w1,0
RHLA_11F1031_0198,batch_6,17:2,0
RHLA_11F1031_0198,batch_6,18:0,0.00932643946971725
RHLA_11F1031_0198,batch_6,18:1w9t,0
RHLA_11F1031_0198,batch_6,18:1w9c,0.0108146738371728
RHLA_11F1031_0198,batch_6,18:1w8c,0
RHLA_11F1031_0198,batch_6,18:1w7c,0.0880081865697735
RHLA_11F1031_0198,batch_6,18:1w5c,0
RHLA_11F1031_0198,batch_6,18:1w6c,0
RHLA_11F1031_0198,batch_6,"18:2w7,12c",0
RHLA_11F1031_0198,batch_6,18:2w6t,0
RHLA_11F1031_0198,batch_6,18:2w6c,0.0190294201649353
RHLA_11F1031_0198,batch_6,18:2w3,0
RHLA_11F1031_0198,batch_6,18:2,0
RHLA_11F1031_0198,batch_6,18:3w6,0.0060374671326898
RHLA_11F1031_0198,batch_6,18:3w4,0
RHLA_11F1031_0198,batch_6,19:0,0.410210927123904
RHLA_11F1031_0198,batch_6,18:3w3,0.000858104153352177
RHLA_11F1031_0198,batch_6,18:3w1,0
RHLA_11F1031_0198,batch_6,18:4w3c,0
RHLA_11F1031_0198,batch_6,18:4w1,0
RHLA_11F1031_0198,batch_6,18:5w3,0
RHLA_11F1031_0198,batch_6,20:0,0
RHLA_11F1031_0198,batch_6,20:1w11,0
RHLA_11F1031_0198,batch_6,20:1w9,0
RHLA_11F1031_0198,batch_6,20:1w7,0
RHLA_11F1031_0198,batch_6,20:1w5,0
RHLA_11F1031_0198,batch_6,20:2w6,0.00185581032568254
RHLA_11F1031_0198,batch_6,20:3n7,0
RHLA_11F1031_0198,batch_6,20:3w6,0.0025153978465428
RHLA_11F1031_0198,batch_6,20:4w6,0.037396691304075
RHLA_11F1031_0198,batch_6,20:3w3,0
RHLA_11F1031_0198,batch_6,20:4w3,0
RHLA_11F1031_0198,batch_6,20:5w3,0.564346925105438
RHLA_11F1031_0198,batch_6,21:0,0
RHLA_11F1031_0198,batch_6,22:0,0.000530231521623584
RHLA_11F1031_0198,batch_6,22:1w9c,0
RHLA_11F1031_0198,batch_6,22:1w7c,0
RHLA_11F1031_0198,batch_6,22:2w6,0
RHLA_11F1031_0198,batch_6,21:5w3,0
RHLA_11F1031_0198,batch_6,23:0,0
RHLA_11F1031_0198,batch_6,22:4w6,0
RHLA_11F1031_0198,batch_6,22:5w6,0
RHLA_11F1031_0198,batch_6,22:3w6,0
RHLA_11F1031_0198,batch_6,22:6w4,0
RHLA_11F1031_0198,batch_6,22:5w3,0.000625007204232631
RHLA_11F1031_0198,batch_6,22:6w3,0
RHLA_11F1031_0198,batch_6,24:0,0.000929826291542807
RHLA_11F1031_0198,batch_6,24:1,0
RHLA_11F1031_0198,batch_6,24:1w9,0.0168367719402503
RHLA_11F1031_0198,batch_6,24:1w7,0
RHLA_11F1031_0198,batch_6,26:0,0
RHLA_11F1031_0198,batch_6,26:4w2,0
RHLA_11F1031_0198,batch_6,27:0,0
RHLA_11F1031_0198,batch_6,28:0,0
RHLA_11F1031_0198,batch_6,29:0,0
TRAN_11F0994_0199,batch_6,8:0,5.59688938722865E-05
TRAN_11F0994_0199,batch_6,9:0,0.000467245934237179
TRAN_11F0994_0199,batch_6,10:0,5.47111659201003E-05
TRAN_11F0994_0199,batch_6,11:0,0.000152813946190625
TRAN_11F0994_0199,batch_6,11:1,0.000112566651720666
TRAN_11F0994_0199,batch_6,12:0,0.000644585575495435
TRAN_11F0994_0199,batch_6,13:0,0.000180483961138722
TRAN_11F0994_0199,batch_6,13:1,0
TRAN_11F0994_0199,batch_6,i-14:0,0
TRAN_11F0994_0199,batch_6,14:0,0.0207669750825227
TRAN_11F0994_0199,batch_6,14:1,0
TRAN_11F0994_0199,batch_6,14:1w5,0
TRAN_11F0994_0199,batch_6,i-15:0,0
TRAN_11F0994_0199,batch_6,a-15:0,0
TRAN_11F0994_0199,batch_6,15:0,0.00294748545594839
TRAN_11F0994_0199,batch_6,15:1w7,0
TRAN_11F0994_0199,batch_6,15:1w5,0
TRAN_11F0994_0199,batch_6,i-16:0,0
TRAN_11F0994_0199,batch_6,16:0,0.255181681947013
TRAN_11F0994_0199,batch_6,16:1w13,0
TRAN_11F0994_0199,batch_6,16:1w9,0
TRAN_11F0994_0199,batch_6,16:1w7t,0
TRAN_11F0994_0199,batch_6,16:1w8c,0
TRAN_11F0994_0199,batch_6,16:1w7c,0.0077545216892041
TRAN_11F0994_0199,batch_6,16:1w6c,0
TRAN_11F0994_0199,batch_6,16:1w5t,0
TRAN_11F0994_0199,batch_6,16:1w5c,0
TRAN_11F0994_0199,batch_6,16:2w6,0
TRAN_11F0994_0199,batch_6,14:4w3,0
TRAN_11F0994_0199,batch_6,i-17:0,0
TRAN_11F0994_0199,batch_6,a-17:0,0
TRAN_11F0994_0199,batch_6,16:2w5,0
TRAN_11F0994_0199,batch_6,16:2w4,0
TRAN_11F0994_0199,batch_6,17:0,0.00105146056802767
TRAN_11F0994_0199,batch_6,16:3w4,0
TRAN_11F0994_0199,batch_6,16:3w3,0
TRAN_11F0994_0199,batch_6,17:1w9c,0.000452153198810944
TRAN_11F0994_0199,batch_6,17:1w7c,0
TRAN_11F0994_0199,batch_6,16:4w3,0
TRAN_11F0994_0199,batch_6,16:4w1,0
TRAN_11F0994_0199,batch_6,17:2,0
TRAN_11F0994_0199,batch_6,18:0,0.00743631651730099
TRAN_11F0994_0199,batch_6,18:1w9t,0
TRAN_11F0994_0199,batch_6,18:1w9c,0.0149374060241396
TRAN_11F0994_0199,batch_6,18:1w8c,0
TRAN_11F0994_0199,batch_6,18:1w7c,0
TRAN_11F0994_0199,batch_6,18:1w5c,0
TRAN_11F0994_0199,batch_6,18:1w6c,0
TRAN_11F0994_0199,batch_6,"18:2w7,12c",0
TRAN_11F0994_0199,batch_6,18:2w6t,0
TRAN_11F0994_0199,batch_6,18:2w6c,0.0037134417788298
TRAN_11F0994_0199,batch_6,18:2w3,0
TRAN_11F0994_0199,batch_6,18:2,0
TRAN_11F0994_0199,batch_6,18:3w6,0.00104391420031456
TRAN_11F0994_0199,batch_6,18:3w4,0
TRAN_11F0994_0199,batch_6,19:0,0.219722557791027
TRAN_11F0994_0199,batch_6,18:3w3,0
TRAN_11F0994_0199,batch_6,18:3w1,0
TRAN_11F0994_0199,batch_6,18:4w3c,0
TRAN_11F0994_0199,batch_6,18:4w1,0
TRAN_11F0994_0199,batch_6,18:5w3,0
TRAN_11F0994_0199,batch_6,20:0,0
TRAN_11F0994_0199,batch_6,20:1w11,0
TRAN_11F0994_0199,batch_6,20:1w9,0
TRAN_11F0994_0199,batch_6,20:1w7,0
TRAN_11F0994_0199,batch_6,20:1w5,0
TRAN_11F0994_0199,batch_6,20:2w6,0
TRAN_11F0994_0199,batch_6,20:3n7,0
TRAN_11F0994_0199,batch_6,20:3w6,0.000818152032897132
TRAN_11F0994_0199,batch_6,20:4w6,0.503787333296021
TRAN_11F0994_0199,batch_6,20:3w3,0
TRAN_11F0994_0199,batch_6,20:4w3,0
TRAN_11F0994_0199,batch_6,20:5w3,0.176424644173041
TRAN_11F0994_0199,batch_6,21:0,0
TRAN_11F0994_0199,batch_6,22:0,0
TRAN_11F0994_0199,batch_6,22:1w9c,0
TRAN_11F0994_0199,batch_6,22:1w7c,0
TRAN_11F0994_0199,batch_6,22:2w6,0
TRAN_11F0994_0199,batch_6,21:5w3,0
TRAN_11F0994_0199,batch_6,23:0,0
TRAN_11F0994_0199,batch_6,22:4w6,0
TRAN_11F0994_0199,batch_6,22:5w6,0
TRAN_11F0994_0199,batch_6,22:3w6,0
TRAN_11F0994_0199,batch_6,22:6w4,0
TRAN_11F0994_0199,batch_6,22:5w3,0
TRAN_11F0994_0199,batch_6,22:6w3,0.000410648176388799
TRAN_11F0994_0199,batch_6,24:0,9.55873243661523E-05
TRAN_11F0994_0199,batch_6,24:1,0
TRAN_11F0994_0199,batch_6,24:1w9,0.00150990240659955
TRAN_11F0994_0199,batch_6,24:1w7,0
TRAN_11F0994_0199,batch_6,26:0,0
TRAN_11F0994_0199,batch_6,26:4w2,0
TRAN_11F0994_0199,batch_6,27:0,0
TRAN_11F0994_0199,batch_6,28:0,0
TRAN_11F0994_0199,batch_6,29:0,0
CYJA_14F1347_0201,batch_7,8:0,5.71008200629441E-05
CYJA_14F1347_0201,batch_7,9:0,0.000322619633355634
CYJA_14F1347_0201,batch_7,10:0,5.80525003973265E-05
CYJA_14F1347_0201,batch_7,11:0,2.66470493627073E-05
CYJA_14F1347_0201,batch_7,11:1,8.66029104287986E-05
CYJA_14F1347_0201,batch_7,12:0,0.000186529345538951
CYJA_14F1347_0201,batch_7,13:0,0
CYJA_14F1347_0201,batch_7,13:1,0
CYJA_14F1347_0201,batch_7,i-14:0,0
CYJA_14F1347_0201,batch_7,14:0,0.0262958793193202
CYJA_14F1347_0201,batch_7,14:1,0
CYJA_14F1347_0201,batch_7,14:1w5,0
CYJA_14F1347_0201,batch_7,i-15:0,0
CYJA_14F1347_0201,batch_7,a-15:0,0
CYJA_14F1347_0201,batch_7,15:0,0.00185958337338321
CYJA_14F1347_0201,batch_7,15:1w7,0
CYJA_14F1347_0201,batch_7,15:1w5,0
CYJA_14F1347_0201,batch_7,i-16:0,0
CYJA_14F1347_0201,batch_7,16:0,0.17737798744353
CYJA_14F1347_0201,batch_7,16:1w13,0
CYJA_14F1347_0201,batch_7,16:1w9,0
CYJA_14F1347_0201,batch_7,16:1w7t,0
CYJA_14F1347_0201,batch_7,16:1w8c,0
CYJA_14F1347_0201,batch_7,16:1w7c,0
CYJA_14F1347_0201,batch_7,16:1w6c,0
CYJA_14F1347_0201,batch_7,16:1w5t,0
CYJA_14F1347_0201,batch_7,16:1w5c,0.00150079988732105
CYJA_14F1347_0201,batch_7,16:2w6,0
CYJA_14F1347_0201,batch_7,14:4w3,0
CYJA_14F1347_0201,batch_7,i-17:0,0
CYJA_14F1347_0201,batch_7,a-17:0,0
CYJA_14F1347_0201,batch_7,16:2w5,0
CYJA_14F1347_0201,batch_7,16:2w4,0
CYJA_14F1347_0201,batch_7,17:0,0.00163689017513773
CYJA_14F1347_0201,batch_7,16:3w4,0
CYJA_14F1347_0201,batch_7,16:3w3,0
CYJA_14F1347_0201,batch_7,17:1w9c,0
CYJA_14F1347_0201,batch_7,17:1w7c,0
CYJA_14F1347_0201,batch_7,16:4w3,0
CYJA_14F1347_0201,batch_7,16:4w1,0
CYJA_14F1347_0201,batch_7,17:2,0
CYJA_14F1347_0201,batch_7,18:0,0.00775619472521658
CYJA_14F1347_0201,batch_7,18:1w9t,0
CYJA_14F1347_0201,batch_7,18:1w9c,0.0780101886896599
CYJA_14F1347_0201,batch_7,18:1w8c,0
CYJA_14F1347_0201,batch_7,18:1w7c,0
CYJA_14F1347_0201,batch_7,18:1w5c,0
CYJA_14F1347_0201,batch_7,18:1w6c,0
CYJA_14F1347_0201,batch_7,"18:2w7,12c",0
CYJA_14F1347_0201,batch_7,18:2w6t,0
CYJA_14F1347_0201,batch_7,18:2w6c,0.0538689136473815
CYJA_14F1347_0201,batch_7,18:2w3,0
CYJA_14F1347_0201,batch_7,18:2,0
CYJA_14F1347_0201,batch_7,18:3w6,0.00400562252741553
CYJA_14F1347_0201,batch_7,18:3w4,0
CYJA_14F1347_0201,batch_7,19:0,0.261298111009704
CYJA_14F1347_0201,batch_7,18:3w3,0.134618990019728
CYJA_14F1347_0201,batch_7,18:3w1,0
CYJA_14F1347_0201,batch_7,18:4w3c,0.0903963082416469
CYJA_14F1347_0201,batch_7,18:4w1,0
CYJA_14F1347_0201,batch_7,18:5w3,0
CYJA_14F1347_0201,batch_7,20:0,0
CYJA_14F1347_0201,batch_7,20:1w11,0
CYJA_14F1347_0201,batch_7,20:1w9,0
CYJA_14F1347_0201,batch_7,20:1w7,0
CYJA_14F1347_0201,batch_7,20:1w5,0
CYJA_14F1347_0201,batch_7,20:2w6,0.000650949348717563
CYJA_14F1347_0201,batch_7,20:3n7,0
CYJA_14F1347_0201,batch_7,20:3w6,0.00125812140205354
CYJA_14F1347_0201,batch_7,20:4w6,0.226333375524495
CYJA_14F1347_0201,batch_7,20:3w3,0
CYJA_14F1347_0201,batch_7,20:4,0
CYJA_14F1347_0201,batch_7,20:4w3,0.00113249959791506
CYJA_14F1347_0201,batch_7,20:5w3,0.185804165124151
CYJA_14F1347_0201,batch_7,21:0,0
CYJA_14F1347_0201,batch_7,22:0,0.00304157034868616
CYJA_14F1347_0201,batch_7,22:1w9c,0
CYJA_14F1347_0201,batch_7,22:1w7c,0
CYJA_14F1347_0201,batch_7,22:2w6,0
CYJA_14F1347_0201,batch_7,21:5w3,0
CYJA_14F1347_0201,batch_7,23:0,0
CYJA_14F1347_0201,batch_7,22:4w6,0
CYJA_14F1347_0201,batch_7,22:5w6,0
CYJA_14F1347_0201,batch_7,22:3w6,0
CYJA_14F1347_0201,batch_7,22:6w4,0
CYJA_14F1347_0201,batch_7,22:5w3,0.00294354727424477
CYJA_14F1347_0201,batch_7,22:6w3,0.00E+00
CYJA_14F1347_0201,batch_7,24:0,0.000770861070849746
CYJA_14F1347_0201,batch_7,24:1,0
CYJA_14F1347_0201,batch_7,24:1w9,0
CYJA_14F1347_0201,batch_7,24:1w7,0.00E+00
CYJA_14F1347_0201,batch_7,26:0,0
CYJA_14F1347_0201,batch_7,26:4w2,0
CYJA_14F1347_0201,batch_7,27:0,0
CYJA_14F1347_0201,batch_7,28:0,0
CYJA_14F1347_0201,batch_7,29:0,0
DEAP_08F0688_0202,batch_7,8:0,3.03612358907498E-05
DEAP_08F0688_0202,batch_7,9:0,0.000249869481583642
DEAP_08F0688_0202,batch_7,10:0,2.54755197703993E-05
DEAP_08F0688_0202,batch_7,11:0,2.26836819873418E-05
DEAP_08F0688_0202,batch_7,11:1,1.64020469754625E-05
DEAP_08F0688_0202,batch_7,12:0,0.000129122497466407
DEAP_08F0688_0202,batch_7,13:0,0
DEAP_08F0688_0202,batch_7,13:1,0
DEAP_08F0688_0202,batch_7,i-14:0,0
DEAP_08F0688_0202,batch_7,14:0,0.039744253699883
DEAP_08F0688_0202,batch_7,14:1,0
DEAP_08F0688_0202,batch_7,14:1w5,0
DEAP_08F0688_0202,batch_7,i-15:0,0
DEAP_08F0688_0202,batch_7,a-15:0,0
DEAP_08F0688_0202,batch_7,15:0,0.00113069430213827
DEAP_08F0688_0202,batch_7,15:1w7,0
DEAP_08F0688_0202,batch_7,15:1w5,0
DEAP_08F0688_0202,batch_7,i-16:0,0
DEAP_08F0688_0202,batch_7,16:0,0.101751319841312
DEAP_08F0688_0202,batch_7,16:1w13,0
DEAP_08F0688_0202,batch_7,16:1w9,0
DEAP_08F0688_0202,batch_7,16:1w7t,0
DEAP_08F0688_0202,batch_7,16:1w8c,0
DEAP_08F0688_0202,batch_7,16:1w7c,0
DEAP_08F0688_0202,batch_7,16:1w6c,0
DEAP_08F0688_0202,batch_7,16:1w5t,0
DEAP_08F0688_0202,batch_7,16:1w5c,0.0128557150315338
DEAP_08F0688_0202,batch_7,16:2w6,0
DEAP_08F0688_0202,batch_7,14:4w3,0
DEAP_08F0688_0202,batch_7,i-17:0,0
DEAP_08F0688_0202,batch_7,a-17:0,0
DEAP_08F0688_0202,batch_7,16:2w5,0
DEAP_08F0688_0202,batch_7,16:2w4,0
DEAP_08F0688_0202,batch_7,17:0,0.000898622786421618
DEAP_08F0688_0202,batch_7,16:3w4,0
DEAP_08F0688_0202,batch_7,16:3w3,0
DEAP_08F0688_0202,batch_7,17:1w9c,0
DEAP_08F0688_0202,batch_7,17:1w7c,0
DEAP_08F0688_0202,batch_7,16:4w3,0.00846694603656749
DEAP_08F0688_0202,batch_7,16:4w1,0
DEAP_08F0688_0202,batch_7,17:2,0
DEAP_08F0688_0202,batch_7,18:0,0.00869413183616379
DEAP_08F0688_0202,batch_7,18:1w9t,0
DEAP_08F0688_0202,batch_7,18:1w9c,0.0826286269462599
DEAP_08F0688_0202,batch_7,18:1w8c,0
DEAP_08F0688_0202,batch_7,18:1w7c,0
DEAP_08F0688_0202,batch_7,18:1w5c,0
DEAP_08F0688_0202,batch_7,18:1w6c,0.00250776828863136
DEAP_08F0688_0202,batch_7,"18:2w7,12c",0
DEAP_08F0688_0202,batch_7,18:2w6t,0
DEAP_08F0688_0202,batch_7,18:2w6c,0.0597819714283321
DEAP_08F0688_0202,batch_7,18:2w3,0
DEAP_08F0688_0202,batch_7,18:2,0
DEAP_08F0688_0202,batch_7,18:3w6,0.00751109057559319
DEAP_08F0688_0202,batch_7,18:3w4,0
DEAP_08F0688_0202,batch_7,19:0,0.0949685499473739
DEAP_08F0688_0202,batch_7,18:3w3,0.099920572215072
DEAP_08F0688_0202,batch_7,18:3w1,0
DEAP_08F0688_0202,batch_7,18:4w3c,0.149587715355387
DEAP_08F0688_0202,batch_7,18:4w1,0
DEAP_08F0688_0202,batch_7,18:5w3,0
DEAP_08F0688_0202,batch_7,20:0,0
DEAP_08F0688_0202,batch_7,20:1w11,0
DEAP_08F0688_0202,batch_7,20:1w9,0
DEAP_08F0688_0202,batch_7,20:1w7,0
DEAP_08F0688_0202,batch_7,20:1w5,0
DEAP_08F0688_0202,batch_7,20:2w6,0.00180945986314411
DEAP_08F0688_0202,batch_7,20:3n7,0
DEAP_08F0688_0202,batch_7,20:3w6,0.00440970777833925
DEAP_08F0688_0202,batch_7,20:4w6,0.233199767160729
DEAP_08F0688_0202,batch_7,20:3w3,0.00138579847956514
DEAP_08F0688_0202,batch_7,20:4,0
DEAP_08F0688_0202,batch_7,20:4w3,0.009700589356956
DEAP_08F0688_0202,batch_7,20:5w3,0.172655275037899
DEAP_08F0688_0202,batch_7,21:0,0
DEAP_08F0688_0202,batch_7,22:0,0.000139940868875755
DEAP_08F0688_0202,batch_7,22:1w9c,0
DEAP_08F0688_0202,batch_7,22:1w7c,0
DEAP_08F0688_0202,batch_7,22:2w6,0
DEAP_08F0688_0202,batch_7,21:5w3,0
DEAP_08F0688_0202,batch_7,23:0,0
DEAP_08F0688_0202,batch_7,22:4w6,0
DEAP_08F0688_0202,batch_7,22:5w6,0
DEAP_08F0688_0202,batch_7,22:3w6,0
DEAP_08F0688_0202,batch_7,22:6w4,0
DEAP_08F0688_0202,batch_7,22:5w3,0
DEAP_08F0688_0202,batch_7,22:6w3,0.000458559355867187
DEAP_08F0688_0202,batch_7,24:0,0.000287559291654918
DEAP_08F0688_0202,batch_7,24:1,0
DEAP_08F0688_0202,batch_7,24:1w9,0
DEAP_08F0688_0202,batch_7,24:1w7,0
DEAP_08F0688_0202,batch_7,26:0,0
DEAP_08F0688_0202,batch_7,26:4w2,0
DEAP_08F0688_0202,batch_7,27:0,0
DEAP_08F0688_0202,batch_7,28:0,0
DEAP_08F0688_0202,batch_7,29:0,0
PADE_12F1178_0196,batch_7,8:0,0.000130930660829816
PADE_12F1178_0196,batch_7,9:0,0.000660345941576462
PADE_12F1178_0196,batch_7,10:0,0.000130930660829816
PADE_12F1178_0196,batch_7,11:0,5.97726929875246E-05
PADE_12F1178_0196,batch_7,11:1,0.000160817007323578
PADE_12F1178_0196,batch_7,12:0,0.000775621849480974
PADE_12F1178_0196,batch_7,13:0,0
PADE_12F1178_0196,batch_7,13:1,0.000677423853858612
PADE_12F1178_0196,batch_7,i-14:0,0
PADE_12F1178_0196,batch_7,14:0,0.0723548448613985
PADE_12F1178_0196,batch_7,14:1,0.00474339013636713
PADE_12F1178_0196,batch_7,14:1w5,0
PADE_12F1178_0196,batch_7,i-15:0,0
PADE_12F1178_0196,batch_7,a-15:0,0
PADE_12F1178_0196,batch_7,15:0,0.00450429936441703
PADE_12F1178_0196,batch_7,15:1w7,0
PADE_12F1178_0196,batch_7,15:1w5,0
PADE_12F1178_0196,batch_7,i-16:0,0
PADE_12F1178_0196,batch_7,16:0,0.142038419609997
PADE_12F1178_0196,batch_7,16:1w13,0
PADE_12F1178_0196,batch_7,16:1w9,0
PADE_12F1178_0196,batch_7,16:1w7t,0
PADE_12F1178_0196,batch_7,16:1w8c,0
PADE_12F1178_0196,batch_7,16:1w7c,0.0600374006278979
PADE_12F1178_0196,batch_7,16:1w6c,0
PADE_12F1178_0196,batch_7,16:1w5t,0
PADE_12F1178_0196,batch_7,16:1w5c,0
PADE_12F1178_0196,batch_7,16:2w6,0
PADE_12F1178_0196,batch_7,14:4w3,0
PADE_12F1178_0196,batch_7,i-17:0,0
PADE_12F1178_0196,batch_7,a-17:0,0
PADE_12F1178_0196,batch_7,16:2w5,0
PADE_12F1178_0196,batch_7,16:2w4,0
PADE_12F1178_0196,batch_7,17:0,0.000621920638941625
PADE_12F1178_0196,batch_7,16:3w4,0
PADE_12F1178_0196,batch_7,16:3w3,0
PADE_12F1178_0196,batch_7,17:1w9c,0
PADE_12F1178_0196,batch_7,17:1w7c,0
PADE_12F1178_0196,batch_7,16:4w3,0
PADE_12F1178_0196,batch_7,16:4w1,0
PADE_12F1178_0196,batch_7,17:2,0
PADE_12F1178_0196,batch_7,18:0,0.0111162977363227
PADE_12F1178_0196,batch_7,18:1w9t,0
PADE_12F1178_0196,batch_7,18:1w9c,0.0254702830094697
PADE_12F1178_0196,batch_7,18:1w8c,0
PADE_12F1178_0196,batch_7,18:1w7c,0.0160916628478557
PADE_12F1178_0196,batch_7,18:1w5c,0
PADE_12F1178_0196,batch_7,18:1w6c,0
PADE_12F1178_0196,batch_7,"18:2w7,12c",0
PADE_12F1178_0196,batch_7,18:2w6t,0
PADE_12F1178_0196,batch_7,18:2w6c,0.00187145455425226
PADE_12F1178_0196,batch_7,18:2w3,0
PADE_12F1178_0196,batch_7,18:2,5.69263742738329E-05
PADE_12F1178_0196,batch_7,18:3w6,0.00172629229985398
PADE_12F1178_0196,batch_7,18:3w4,0
PADE_12F1178_0196,batch_7,19:0,0.374280948734954
PADE_12F1178_0196,batch_7,18:3w3,0.00301709783651315
PADE_12F1178_0196,batch_7,18:3w1,0
PADE_12F1178_0196,batch_7,18:4w3c,0.0168786699721915
PADE_12F1178_0196,batch_7,18:4w1,0
PADE_12F1178_0196,batch_7,18:5w3,0
PADE_12F1178_0196,batch_7,20:0,0
PADE_12F1178_0196,batch_7,20:1w11,0
PADE_12F1178_0196,batch_7,20:1w9,0.00212762323848451
PADE_12F1178_0196,batch_7,20:1w7,0
PADE_12F1178_0196,batch_7,20:1w5,0
PADE_12F1178_0196,batch_7,20:2w6,0
PADE_12F1178_0196,batch_7,20:3n7,0
PADE_12F1178_0196,batch_7,20:3w6,0
PADE_12F1178_0196,batch_7,20:4w6,0.00417128007491511
PADE_12F1178_0196,batch_7,20:3w3,0
PADE_12F1178_0196,batch_7,20:4,0.000513760527821342
PADE_12F1178_0196,batch_7,20:4w3,0.00118264542553888
PADE_12F1178_0196,batch_7,20:5w3,0.614991276033143
PADE_12F1178_0196,batch_7,21:0,0
PADE_12F1178_0196,batch_7,22:0,0.00053510791817403
PADE_12F1178_0196,batch_7,22:1w9c,0
PADE_12F1178_0196,batch_7,22:1w7c,0
PADE_12F1178_0196,batch_7,22:2w6,0.0133535042452844
PADE_12F1178_0196,batch_7,21:5w3,0
PADE_12F1178_0196,batch_7,23:0,0
PADE_12F1178_0196,batch_7,22:4w6,0
PADE_12F1178_0196,batch_7,22:5w6,0
PADE_12F1178_0196,batch_7,22:3w6,0
PADE_12F1178_0196,batch_7,22:6w4,0
PADE_12F1178_0196,batch_7,22:5w3,0
PADE_12F1178_0196,batch_7,22:6w3,0
PADE_12F1178_0196,batch_7,24:0,0
PADE_12F1178_0196,batch_7,24:1,0
PADE_12F1178_0196,batch_7,24:1w9,0
PADE_12F1178_0196,batch_7,24:1w7,0
PADE_12F1178_0196,batch_7,26:0,0
PADE_12F1178_0196,batch_7,26:4w2,0
PADE_12F1178_0196,batch_7,27:0,0
PADE_12F1178_0196,batch_7,28:0,0
PADE_12F1178_0196,batch_7,29:0,0
POPL_15F1417_0197,batch_7,8:0,0.000149774078407471
POPL_15F1417_0197,batch_7,9:0,0.00102024322717169
POPL_15F1417_0197,batch_7,10:0,0.000100837993383248
POPL_15F1417_0197,batch_7,11:0,4.00386150198191E-05
POPL_15F1417_0197,batch_7,11:1,0.000212056368438301
POPL_15F1417_0197,batch_7,12:0,0.000298065245147542
POPL_15F1417_0197,batch_7,13:0,0
POPL_15F1417_0197,batch_7,13:1,0
POPL_15F1417_0197,batch_7,i-14:0,0
POPL_15F1417_0197,batch_7,14:0,0.00195299466596673
POPL_15F1417_0197,batch_7,14:1,0.000759250773709163
POPL_15F1417_0197,batch_7,14:1w5,0
POPL_15F1417_0197,batch_7,i-15:0,0
POPL_15F1417_0197,batch_7,a-15:0,0
POPL_15F1417_0197,batch_7,15:0,0.000696968483678333
POPL_15F1417_0197,batch_7,15:1w7,0
POPL_15F1417_0197,batch_7,15:1w5,0
POPL_15F1417_0197,batch_7,i-16:0,0
POPL_15F1417_0197,batch_7,16:0,0.213244180683889
POPL_15F1417_0197,batch_7,16:1w13,0
POPL_15F1417_0197,batch_7,16:1w9,0
POPL_15F1417_0197,batch_7,16:1w7t,0
POPL_15F1417_0197,batch_7,16:1w8c,0
POPL_15F1417_0197,batch_7,16:1w7c,0
POPL_15F1417_0197,batch_7,16:1w6c,0
POPL_15F1417_0197,batch_7,16:1w5t,0
POPL_15F1417_0197,batch_7,16:1w5c,0
POPL_15F1417_0197,batch_7,16:2w6,0
POPL_15F1417_0197,batch_7,14:4w3,0
POPL_15F1417_0197,batch_7,i-17:0,0
POPL_15F1417_0197,batch_7,a-17:0,0
POPL_15F1417_0197,batch_7,16:2w5,0
POPL_15F1417_0197,batch_7,16:2w4,0
POPL_15F1417_0197,batch_7,17:0,0.000289167775143138
POPL_15F1417_0197,batch_7,16:3w4,0
POPL_15F1417_0197,batch_7,16:3w3,0
POPL_15F1417_0197,batch_7,17:1w9c,0
POPL_15F1417_0197,batch_7,17:1w7c,0
POPL_15F1417_0197,batch_7,16:4w3,0
POPL_15F1417_0197,batch_7,16:4w1,0
POPL_15F1417_0197,batch_7,17:2,0
POPL_15F1417_0197,batch_7,18:0,0.0104456297851706
POPL_15F1417_0197,batch_7,18:1w9t,0
POPL_15F1417_0197,batch_7,18:1w9c,0.00987619170488872
POPL_15F1417_0197,batch_7,18:1w8c,0
POPL_15F1417_0197,batch_7,18:1w7c,0.00766368749712686
POPL_15F1417_0197,batch_7,18:1w5c,0
POPL_15F1417_0197,batch_7,18:1w6c,0
POPL_15F1417_0197,batch_7,"18:2w7,12c",0
POPL_15F1417_0197,batch_7,18:2w6t,0
POPL_15F1417_0197,batch_7,18:2w6c,0.0255327730893054
POPL_15F1417_0197,batch_7,18:2w3,0
POPL_15F1417_0197,batch_7,18:2,0.000235782955116713
POPL_15F1417_0197,batch_7,18:3w6,0.00127826985729941
POPL_15F1417_0197,batch_7,18:3w4,0
POPL_15F1417_0197,batch_7,19:0,0.354976429119047
POPL_15F1417_0197,batch_7,18:3w3,0.00181211805756367
POPL_15F1417_0197,batch_7,18:3w1,0
POPL_15F1417_0197,batch_7,18:4w3c,0
POPL_15F1417_0197,batch_7,18:4w1,0
POPL_15F1417_0197,batch_7,18:5w3,0
POPL_15F1417_0197,batch_7,20:0,0
POPL_15F1417_0197,batch_7,20:1w11,0
POPL_15F1417_0197,batch_7,20:1w9,0.0202936461683787
POPL_15F1417_0197,batch_7,20:1w7,0
POPL_15F1417_0197,batch_7,20:1w5,0
POPL_15F1417_0197,batch_7,20:2w6,0.0331682852647516
POPL_15F1417_0197,batch_7,20:3n7,0
POPL_15F1417_0197,batch_7,20:3w6,0.0115681939173929
POPL_15F1417_0197,batch_7,20:4w6,0.0438215226833583
POPL_15F1417_0197,batch_7,20:3w3,0.00291095560310759
POPL_15F1417_0197,batch_7,20:4,0.000421146913541801
POPL_15F1417_0197,batch_7,20:4w3,0.00296878915813622
POPL_15F1417_0197,batch_7,20:5w3,0.606822283417044
POPL_15F1417_0197,batch_7,21:0,0
POPL_15F1417_0197,batch_7,22:0,0
POPL_15F1417_0197,batch_7,22:1w9c,0
POPL_15F1417_0197,batch_7,22:1w7c,0
POPL_15F1417_0197,batch_7,22:2w6,0.00139393696735667
POPL_15F1417_0197,batch_7,21:5w3,0
POPL_15F1417_0197,batch_7,23:0,0
POPL_15F1417_0197,batch_7,22:4w6,0
POPL_15F1417_0197,batch_7,22:5w6,0
POPL_15F1417_0197,batch_7,22:3w6,0
POPL_15F1417_0197,batch_7,22:6w4,0
POPL_15F1417_0197,batch_7,22:5w3,0.00102320905050649
POPL_15F1417_0197,batch_7,22:6w3,0
POPL_15F1417_0197,batch_7,24:0,0
POPL_15F1417_0197,batch_7,24:1,0
POPL_15F1417_0197,batch_7,24:1w9,0
POPL_15F1417_0197,batch_7,24:1w7,0
POPL_15F1417_0197,batch_7,26:0,0
POPL_15F1417_0197,batch_7,26:4w2,0
POPL_15F1417_0197,batch_7,27:0,0
POPL_15F1417_0197,batch_7,28:0,0
POPL_15F1417_0197,batch_7,29:0,0
MYSM_12F1170_0195,batch_8,8:0,0.000213145063177155
MYSM_12F1170_0195,batch_8,9:0,0.00428445525869584
MYSM_12F1170_0195,batch_8,10:0,0.000182011514623188
MYSM_12F1170_0195,batch_8,11:0,0.000390366801099733
MYSM_12F1170_0195,batch_8,11:1,0.000395156577800343
MYSM_12F1170_0195,batch_8,12:0,0.000902872908065026
MYSM_12F1170_0195,batch_8,13:0,0.000122139305865561
MYSM_12F1170_0195,batch_8,13:1,0
MYSM_12F1170_0195,batch_8,i-14:0,0
MYSM_12F1170_0195,batch_8,14:0,0.0269520734943337
MYSM_12F1170_0195,batch_8,14:1,0
MYSM_12F1170_0195,batch_8,14:1w5,0
MYSM_12F1170_0195,batch_8,i-15:0,0
MYSM_12F1170_0195,batch_8,a-15:0,0
MYSM_12F1170_0195,batch_8,15:0,0.00316364751075305
MYSM_12F1170_0195,batch_8,15:1w7,0
MYSM_12F1170_0195,batch_8,15:1w5,0
MYSM_12F1170_0195,batch_8,i-16:0,0
MYSM_12F1170_0195,batch_8,16:0,0.362851928843077
MYSM_12F1170_0195,batch_8,16:1w13,0
MYSM_12F1170_0195,batch_8,16:1w9,0
MYSM_12F1170_0195,batch_8,16:1w7t,0
MYSM_12F1170_0195,batch_8,16:1w8c,0
MYSM_12F1170_0195,batch_8,16:1w7c,0.0174180229717691
MYSM_12F1170_0195,batch_8,16:1w6c,0
MYSM_12F1170_0195,batch_8,16:1w5t,0
MYSM_12F1170_0195,batch_8,16:1w5c,0
MYSM_12F1170_0195,batch_8,16:2w6,0
MYSM_12F1170_0195,batch_8,14:4w3,0
MYSM_12F1170_0195,batch_8,i-17:0,0
MYSM_12F1170_0195,batch_8,a-17:0,0
MYSM_12F1170_0195,batch_8,16:2w5,0
MYSM_12F1170_0195,batch_8,16:2w4,0
MYSM_12F1170_0195,batch_8,17:0,0.0010776997576373
MYSM_12F1170_0195,batch_8,16:3w4,0
MYSM_12F1170_0195,batch_8,16:3w3,0
MYSM_12F1170_0195,batch_8,17:1w9c,0
MYSM_12F1170_0195,batch_8,17:1w7c,0
MYSM_12F1170_0195,batch_8,16:4w3,0
MYSM_12F1170_0195,batch_8,16:4w1,0
MYSM_12F1170_0195,batch_8,17:2,0
MYSM_12F1170_0195,batch_8,18:0,0.01365804826179
MYSM_12F1170_0195,batch_8,18:1w9t,0
MYSM_12F1170_0195,batch_8,18:1w9c,0.0152841774516472
MYSM_12F1170_0195,batch_8,18:1w8c,0
MYSM_12F1170_0195,batch_8,18:1w7c,0.105837300865034
MYSM_12F1170_0195,batch_8,18:1w5c,0
MYSM_12F1170_0195,batch_8,18:1w6c,0
MYSM_12F1170_0195,batch_8,"18:2w7,12c",0
MYSM_12F1170_0195,batch_8,18:2w6t,0
MYSM_12F1170_0195,batch_8,18:2w6c,0.0218844897450881
MYSM_12F1170_0195,batch_8,18:2w3,0
MYSM_12F1170_0195,batch_8,18:2,0
MYSM_12F1170_0195,batch_8,18:3w6,0.00563277739991762
MYSM_12F1170_0195,batch_8,18:3w4,0
MYSM_12F1170_0195,batch_8,19:0,0.485316939524279
MYSM_12F1170_0195,batch_8,18:3w3,0.00878445046891914
MYSM_12F1170_0195,batch_8,18:3w1,0
MYSM_12F1170_0195,batch_8,18:4w3c,0
MYSM_12F1170_0195,batch_8,18:4w1,0
MYSM_12F1170_0195,batch_8,18:5w3,0
MYSM_12F1170_0195,batch_8,20:0,0
MYSM_12F1170_0195,batch_8,20:1w11,0
MYSM_12F1170_0195,batch_8,20:1w9,0
MYSM_12F1170_0195,batch_8,20:1w7,0
MYSM_12F1170_0195,batch_8,20:1w5,0
MYSM_12F1170_0195,batch_8,20:2w6,0.00334326413702593
MYSM_12F1170_0195,batch_8,20:3n7,0
MYSM_12F1170_0195,batch_8,20:3w6,0.0041718955062315
MYSM_12F1170_0195,batch_8,20:4w6,0.176728390922415
MYSM_12F1170_0195,batch_8,20:3w3,0
MYSM_12F1170_0195,batch_8,20:4,0
MYSM_12F1170_0195,batch_8,20:4w3,0
MYSM_12F1170_0195,batch_8,20:5w3,0.226146912030961
MYSM_12F1170_0195,batch_8,21:0,0
MYSM_12F1170_0195,batch_8,22:0,0.000574773204073226
MYSM_12F1170_0195,batch_8,22:1w9c,0
MYSM_12F1170_0195,batch_8,22:1w7c,0
MYSM_12F1170_0195,batch_8,22:2w6,0
MYSM_12F1170_0195,batch_8,21:5w3,0
MYSM_12F1170_0195,batch_8,23:0,0
MYSM_12F1170_0195,batch_8,22:4w6,0
MYSM_12F1170_0195,batch_8,22:5w6,0
MYSM_12F1170_0195,batch_8,22:3w6,0
MYSM_12F1170_0195,batch_8,22:6w4,0
MYSM_12F1170_0195,batch_8,22:5w3,0
MYSM_12F1170_0195,batch_8,22:6w3,0
MYSM_12F1170_0195,batch_8,24:0,0
MYSM_12F1170_0195,batch_8,24:1,0
MYSM_12F1170_0195,batch_8,24:1w9,0
MYSM_12F1170_0195,batch_8,24:1w7,0
MYSM_12F1170_0195,batch_8,26:0,0
MYSM_12F1170_0195,batch_8,26:4w2,0
MYSM_12F1170_0195,batch_8,27:0,0
MYSM_12F1170_0195,batch_8,28:0,0
MYSM_12F1170_0195,batch_8,29:0,0
LAAN_14F1207_0194,batch_8,8:0,0.000176352786967529
LAAN_14F1207_0194,batch_8,9:0,0.00194666345614157
LAAN_14F1207_0194,batch_8,10:0,0.000154308688596588
LAAN_14F1207_0194,batch_8,11:0,3.39139974937556E-05
LAAN_14F1207_0194,batch_8,11:1,0.000215353884085348
LAAN_14F1207_0194,batch_8,12:0,0.00108016082017612
LAAN_14F1207_0194,batch_8,13:0,3.90010971178189E-05
LAAN_14F1207_0194,batch_8,13:1,0
LAAN_14F1207_0194,batch_8,i-14:0,0
LAAN_14F1207_0194,batch_8,14:0,0.0112441858690547
LAAN_14F1207_0194,batch_8,14:1,0
LAAN_14F1207_0194,batch_8,14:1w5,0
LAAN_14F1207_0194,batch_8,i-15:0,0
LAAN_14F1207_0194,batch_8,a-15:0,0
LAAN_14F1207_0194,batch_8,15:0,0.000627408953634478
LAAN_14F1207_0194,batch_8,15:1w7,0
LAAN_14F1207_0194,batch_8,15:1w5,0
LAAN_14F1207_0194,batch_8,i-16:0,0
LAAN_14F1207_0194,batch_8,16:0,0.208530387789604
LAAN_14F1207_0194,batch_8,16:1w13,0
LAAN_14F1207_0194,batch_8,16:1w9,0
LAAN_14F1207_0194,batch_8,16:1w7t,0
LAAN_14F1207_0194,batch_8,16:1w8c,0
LAAN_14F1207_0194,batch_8,16:1w7c,0.023934803731218
LAAN_14F1207_0194,batch_8,16:1w6c,0
LAAN_14F1207_0194,batch_8,16:1w5t,0
LAAN_14F1207_0194,batch_8,16:1w5c,0
LAAN_14F1207_0194,batch_8,16:2w6,0
LAAN_14F1207_0194,batch_8,14:4w3,0
LAAN_14F1207_0194,batch_8,i-17:0,0
LAAN_14F1207_0194,batch_8,a-17:0,0
LAAN_14F1207_0194,batch_8,16:2w5,0
LAAN_14F1207_0194,batch_8,16:2w4,0
LAAN_14F1207_0194,batch_8,17:0,0.000386619571428814
LAAN_14F1207_0194,batch_8,16:3w4,0
LAAN_14F1207_0194,batch_8,16:3w3,0
LAAN_14F1207_0194,batch_8,17:1w9c,0
LAAN_14F1207_0194,batch_8,17:1w7c,0
LAAN_14F1207_0194,batch_8,16:4w3,0
LAAN_14F1207_0194,batch_8,16:4w1,0
LAAN_14F1207_0194,batch_8,17:2,0
LAAN_14F1207_0194,batch_8,18:0,0.0146372813183049
LAAN_14F1207_0194,batch_8,18:1w9t,0
LAAN_14F1207_0194,batch_8,18:1w9c,0.0184678673352246
LAAN_14F1207_0194,batch_8,18:1w8c,0
LAAN_14F1207_0194,batch_8,18:1w7c,0.0993290115595861
LAAN_14F1207_0194,batch_8,18:1w5c,0
LAAN_14F1207_0194,batch_8,18:1w6c,0
LAAN_14F1207_0194,batch_8,"18:2w7,12c",0
LAAN_14F1207_0194,batch_8,18:2w6t,0
LAAN_14F1207_0194,batch_8,18:2w6c,0.0753585981309996
LAAN_14F1207_0194,batch_8,18:2w3,0
LAAN_14F1207_0194,batch_8,18:2,0
LAAN_14F1207_0194,batch_8,18:3w6,0.0057585967744397
LAAN_14F1207_0194,batch_8,18:3w4,0
LAAN_14F1207_0194,batch_8,19:0,0.36073301714183
LAAN_14F1207_0194,batch_8,18:3w3,0.404127672634965
LAAN_14F1207_0194,batch_8,18:3w1,0
LAAN_14F1207_0194,batch_8,18:4w3c,0
LAAN_14F1207_0194,batch_8,18:4w1,0
LAAN_14F1207_0194,batch_8,18:5w3,0
LAAN_14F1207_0194,batch_8,20:0,0
LAAN_14F1207_0194,batch_8,20:1w11,0
LAAN_14F1207_0194,batch_8,20:1w9,0.0050786211246899
LAAN_14F1207_0194,batch_8,20:1w7,0
LAAN_14F1207_0194,batch_8,20:1w5,0
LAAN_14F1207_0194,batch_8,20:2w6,0.00136673409899835
LAAN_14F1207_0194,batch_8,20:3n7,0
LAAN_14F1207_0194,batch_8,20:3w6,0.000761369243734813
LAAN_14F1207_0194,batch_8,20:4w6,0.0248776128615444
LAAN_14F1207_0194,batch_8,20:3w3,0.00268768430138013
LAAN_14F1207_0194,batch_8,20:4,0
LAAN_14F1207_0194,batch_8,20:4w3,0
LAAN_14F1207_0194,batch_8,20:5w3,0.0949269746848966
LAAN_14F1207_0194,batch_8,21:0,0
LAAN_14F1207_0194,batch_8,22:0,0
LAAN_14F1207_0194,batch_8,22:1w9c,0
LAAN_14F1207_0194,batch_8,22:1w7c,0
LAAN_14F1207_0194,batch_8,22:2w6,0
LAAN_14F1207_0194,batch_8,21:5w3,0
LAAN_14F1207_0194,batch_8,23:0,0
LAAN_14F1207_0194,batch_8,22:4w6,0
LAAN_14F1207_0194,batch_8,22:5w6,0
LAAN_14F1207_0194,batch_8,22:3w6,0
LAAN_14F1207_0194,batch_8,22:6w4,0
LAAN_14F1207_0194,batch_8,22:5w3,0.0023587185256907
LAAN_14F1207_0194,batch_8,22:6w3,0.00189409676002625
LAAN_14F1207_0194,batch_8,24:0,0
LAAN_14F1207_0194,batch_8,24:1,0
LAAN_14F1207_0194,batch_8,24:1w9,0
LAAN_14F1207_0194,batch_8,24:1w7,0
LAAN_14F1207_0194,batch_8,26:0,0
LAAN_14F1207_0194,batch_8,26:4w2,0
LAAN_14F1207_0194,batch_8,27:0,0
LAAN_14F1207_0194,batch_8,28:0,0
LAAN_14F1207_0194,batch_8,29:0,0
HYSP_05F0294_0205,batch_8,8:0,0.000110620998631065
HYSP_05F0294_0205,batch_8,9:0,0.00163780534084327
HYSP_05F0294_0205,batch_8,10:0,0.000119839415183654
HYSP_05F0294_0205,batch_8,11:0,7.22109296619453E-05
HYSP_05F0294_0205,batch_8,11:1,0.000159785886911539
HYSP_05F0294_0205,batch_8,12:0,0.000659116783510096
HYSP_05F0294_0205,batch_8,13:0,0.000135203442771302
HYSP_05F0294_0205,batch_8,13:1,0
HYSP_05F0294_0205,batch_8,i-14:0,0
HYSP_05F0294_0205,batch_8,14:0,0.0179006285423686
HYSP_05F0294_0205,batch_8,14:1,0
HYSP_05F0294_0205,batch_8,14:1w5,0
HYSP_05F0294_0205,batch_8,i-15:0,0
HYSP_05F0294_0205,batch_8,a-15:0,0
HYSP_05F0294_0205,batch_8,15:0,0.0066157502792412
HYSP_05F0294_0205,batch_8,15:1w7,0
HYSP_05F0294_0205,batch_8,15:1w5,0
HYSP_05F0294_0205,batch_8,i-16:0,0
HYSP_05F0294_0205,batch_8,16:0,0.317264096879412
HYSP_05F0294_0205,batch_8,16:1w13,0
HYSP_05F0294_0205,batch_8,16:1w9,0
HYSP_05F0294_0205,batch_8,16:1w7t,0
HYSP_05F0294_0205,batch_8,16:1w8c,0
HYSP_05F0294_0205,batch_8,16:1w7c,0.00969931061608214
HYSP_05F0294_0205,batch_8,16:1w6c,0
HYSP_05F0294_0205,batch_8,16:1w5t,0
HYSP_05F0294_0205,batch_8,16:1w5c,0
HYSP_05F0294_0205,batch_8,16:2w6,0
HYSP_05F0294_0205,batch_8,14:4w3,0
HYSP_05F0294_0205,batch_8,i-17:0,0
HYSP_05F0294_0205,batch_8,a-17:0,0
HYSP_05F0294_0205,batch_8,16:2w5,0
HYSP_05F0294_0205,batch_8,16:2w4,0
HYSP_05F0294_0205,batch_8,17:0,0.00254735577403203
HYSP_05F0294_0205,batch_8,16:3w4,0
HYSP_05F0294_0205,batch_8,16:3w3,0
HYSP_05F0294_0205,batch_8,17:1w9c,0
HYSP_05F0294_0205,batch_8,17:1w7c,0
HYSP_05F0294_0205,batch_8,16:4w3,0
HYSP_05F0294_0205,batch_8,16:4w1,0
HYSP_05F0294_0205,batch_8,17:2,0
HYSP_05F0294_0205,batch_8,18:0,0.0149031067600185
HYSP_05F0294_0205,batch_8,18:1w9t,0
HYSP_05F0294_0205,batch_8,18:1w9c,0.0253629367416892
HYSP_05F0294_0205,batch_8,18:1w8c,0
HYSP_05F0294_0205,batch_8,18:1w7c,0.0108224210327392
HYSP_05F0294_0205,batch_8,18:1w5c,0
HYSP_05F0294_0205,batch_8,18:1w6c,0
HYSP_05F0294_0205,batch_8,"18:2w7,12c",0
HYSP_05F0294_0205,batch_8,18:2w6t,0
HYSP_05F0294_0205,batch_8,18:2w6c,0.0349654539839692
HYSP_05F0294_0205,batch_8,18:2w3,0
HYSP_05F0294_0205,batch_8,18:2,0
HYSP_05F0294_0205,batch_8,18:3w6,0.0042420080169496
HYSP_05F0294_0205,batch_8,18:3w4,0
HYSP_05F0294_0205,batch_8,19:0,0.333390180235408
HYSP_05F0294_0205,batch_8,18:3w3,0
HYSP_05F0294_0205,batch_8,18:3w1,0
HYSP_05F0294_0205,batch_8,18:4w3c,0
HYSP_05F0294_0205,batch_8,18:4w1,0
HYSP_05F0294_0205,batch_8,18:5w3,0
HYSP_05F0294_0205,batch_8,20:0,0
HYSP_05F0294_0205,batch_8,20:1w11,0
HYSP_05F0294_0205,batch_8,20:1w9,0
HYSP_05F0294_0205,batch_8,20:1w7,0
HYSP_05F0294_0205,batch_8,20:1w5,0
HYSP_05F0294_0205,batch_8,20:2w6,0.000616097506264682
HYSP_05F0294_0205,batch_8,20:3n7,0
HYSP_05F0294_0205,batch_8,20:3w6,0.00319110852995448
HYSP_05F0294_0205,batch_8,20:4w6,0.146489857437188
HYSP_05F0294_0205,batch_8,20:3w3,0
HYSP_05F0294_0205,batch_8,20:4,0
HYSP_05F0294_0205,batch_8,20:4w3,0
HYSP_05F0294_0205,batch_8,20:5w3,0.400444942238938
HYSP_05F0294_0205,batch_8,21:0,0
HYSP_05F0294_0205,batch_8,22:0,0
HYSP_05F0294_0205,batch_8,22:1w9c,0
HYSP_05F0294_0205,batch_8,22:1w7c,0
HYSP_05F0294_0205,batch_8,22:2w6,0
HYSP_05F0294_0205,batch_8,21:5w3,0
HYSP_05F0294_0205,batch_8,23:0,0
HYSP_05F0294_0205,batch_8,22:4w6,0
HYSP_05F0294_0205,batch_8,22:5w6,0
HYSP_05F0294_0205,batch_8,22:3w6,0
HYSP_05F0294_0205,batch_8,22:6w4,0
HYSP_05F0294_0205,batch_8,22:5w3,0.00029806213520037
HYSP_05F0294_0205,batch_8,22:6w3,0.00174228072843928
HYSP_05F0294_0205,batch_8,24:0,0
HYSP_05F0294_0205,batch_8,24:1,0
HYSP_05F0294_0205,batch_8,24:1w9,0
HYSP_05F0294_0205,batch_8,24:1w7,0
HYSP_05F0294_0205,batch_8,26:0,0
HYSP_05F0294_0205,batch_8,26:4w2,0
HYSP_05F0294_0205,batch_8,27:0,0
HYSP_05F0294_0205,batch_8,28:0,0
HYSP_05F0294_0205,batch_8,29:0,0
HYSP_05F0291_0193,batch_8,8:0,0.000292963130241293
HYSP_05F0291_0193,batch_8,9:0,0.00341441552983603
HYSP_05F0291_0193,batch_8,10:0,0.000326095865209059
HYSP_05F0291_0193,batch_8,11:0,9.76543767470978E-05
HYSP_05F0291_0193,batch_8,11:1,0.000221466175837168
HYSP_05F0291_0193,batch_8,12:0,0.0019147233155056
HYSP_05F0291_0193,batch_8,13:0,0.000217978519524772
HYSP_05F0291_0193,batch_8,13:1,0
HYSP_05F0291_0193,batch_8,i-14:0,0
HYSP_05F0291_0193,batch_8,14:0,0.0222163707099648
HYSP_05F0291_0193,batch_8,14:1,0
HYSP_05F0291_0193,batch_8,14:1w5,0
HYSP_05F0291_0193,batch_8,i-15:0,0
HYSP_05F0291_0193,batch_8,a-15:0,0
HYSP_05F0291_0193,batch_8,15:0,0.00770946427855213
HYSP_05F0291_0193,batch_8,15:1w7,0
HYSP_05F0291_0193,batch_8,15:1w5,0
HYSP_05F0291_0193,batch_8,i-16:0,0
HYSP_05F0291_0193,batch_8,16:0,0.347968701772252
HYSP_05F0291_0193,batch_8,16:1w13,0
HYSP_05F0291_0193,batch_8,16:1w9,0
HYSP_05F0291_0193,batch_8,16:1w7t,0
HYSP_05F0291_0193,batch_8,16:1w8c,0
HYSP_05F0291_0193,batch_8,16:1w7c,0.007453121539591
HYSP_05F0291_0193,batch_8,16:1w6c,0
HYSP_05F0291_0193,batch_8,16:1w5t,0
HYSP_05F0291_0193,batch_8,16:1w5c,0
HYSP_05F0291_0193,batch_8,16:2w6,0
HYSP_05F0291_0193,batch_8,14:4w3,0
HYSP_05F0291_0193,batch_8,i-17:0,0
HYSP_05F0291_0193,batch_8,a-17:0,0
HYSP_05F0291_0193,batch_8,16:2w5,0
HYSP_05F0291_0193,batch_8,16:2w4,0
HYSP_05F0291_0193,batch_8,17:0,0.00301333505391045
HYSP_05F0291_0193,batch_8,16:3w4,0
HYSP_05F0291_0193,batch_8,16:3w3,0
HYSP_05F0291_0193,batch_8,17:1w9c,0
HYSP_05F0291_0193,batch_8,17:1w7c,0
HYSP_05F0291_0193,batch_8,16:4w3,0
HYSP_05F0291_0193,batch_8,16:4w1,0
HYSP_05F0291_0193,batch_8,17:2,0
HYSP_05F0291_0193,batch_8,18:0,0.0159194072379331
HYSP_05F0291_0193,batch_8,18:1w9t,0
HYSP_05F0291_0193,batch_8,18:1w9c,0.0317864996311803
HYSP_05F0291_0193,batch_8,18:1w8c,0
HYSP_05F0291_0193,batch_8,18:1w7c,0.00867554507708592
HYSP_05F0291_0193,batch_8,18:1w5c,0
HYSP_05F0291_0193,batch_8,18:1w6c,0
HYSP_05F0291_0193,batch_8,"18:2w7,12c",0
HYSP_05F0291_0193,batch_8,18:2w6t,0
HYSP_05F0291_0193,batch_8,18:2w6c,0.039940640089563
HYSP_05F0291_0193,batch_8,18:2w3,0
HYSP_05F0291_0193,batch_8,18:2,0
HYSP_05F0291_0193,batch_8,18:3w6,0.00440665375071279
HYSP_05F0291_0193,batch_8,18:3w4,0
HYSP_05F0291_0193,batch_8,19:0,0.367206613991431
HYSP_05F0291_0193,batch_8,18:3w3,0
HYSP_05F0291_0193,batch_8,18:3w1,0
HYSP_05F0291_0193,batch_8,18:4w3c,0
HYSP_05F0291_0193,batch_8,18:4w1,0
HYSP_05F0291_0193,batch_8,18:5w3,0
HYSP_05F0291_0193,batch_8,20:0,0
HYSP_05F0291_0193,batch_8,20:1w11,0
HYSP_05F0291_0193,batch_8,20:1w9,0
HYSP_05F0291_0193,batch_8,20:1w7,0
HYSP_05F0291_0193,batch_8,20:1w5,0
HYSP_05F0291_0193,batch_8,20:2w6,0.000720201028509847
HYSP_05F0291_0193,batch_8,20:3n7,0
HYSP_05F0291_0193,batch_8,20:3w6,0.00356438475126907
HYSP_05F0291_0193,batch_8,20:4w6,0.132035692674701
HYSP_05F0291_0193,batch_8,20:3w3,0
HYSP_05F0291_0193,batch_8,20:4,0
HYSP_05F0291_0193,batch_8,20:4w3,0
HYSP_05F0291_0193,batch_8,20:5w3,0.365944082406343
HYSP_05F0291_0193,batch_8,21:0,0
HYSP_05F0291_0193,batch_8,22:0,0
HYSP_05F0291_0193,batch_8,22:1w9c,0
HYSP_05F0291_0193,batch_8,22:1w7c,0
HYSP_05F0291_0193,batch_8,22:2w6,0
HYSP_05F0291_0193,batch_8,21:5w3,0
HYSP_05F0291_0193,batch_8,23:0,0
HYSP_05F0291_0193,batch_8,22:4w6,0
HYSP_05F0291_0193,batch_8,22:5w6,0
HYSP_05F0291_0193,batch_8,22:3w6,0
HYSP_05F0291_0193,batch_8,22:6w4,0
HYSP_05F0291_0193,batch_8,22:5w3,0.000413287273018968
HYSP_05F0291_0193,batch_8,22:6w3,0.00174731581251057
HYSP_05F0291_0193,batch_8,24:0,0
HYSP_05F0291_0193,batch_8,24:1,0
HYSP_05F0291_0193,batch_8,24:1w9,0
HYSP_05F0291_0193,batch_8,24:1w7,0
HYSP_05F0291_0193,batch_8,26:0,0
HYSP_05F0291_0193,batch_8,26:4w2,0
HYSP_05F0291_0193,batch_8,27:0,0
HYSP_05F0291_0193,batch_8,28:0,0
HYSP_05F0291_0193,batch_8,29:0,0
GISK_12F1095_0204,batch_8,8:0,0.000436793244264489
GISK_12F1095_0204,batch_8,9:0,0.00305755270985142
GISK_12F1095_0204,batch_8,10:0,0.000353594531071253
GISK_12F1095_0204,batch_8,11:0,0.000117864843690418
GISK_12F1095_0204,batch_8,11:1,0.000353594531071253
GISK_12F1095_0204,batch_8,12:0,0.00187890427294725
GISK_12F1095_0204,batch_8,13:0,0.000214930009082526
GISK_12F1095_0204,batch_8,13:1,0
GISK_12F1095_0204,batch_8,i-14:0,0
GISK_12F1095_0204,batch_8,14:0,0.0175687949359717
GISK_12F1095_0204,batch_8,14:1,0
GISK_12F1095_0204,batch_8,14:1w5,0
GISK_12F1095_0204,batch_8,i-15:0,0
GISK_12F1095_0204,batch_8,a-15:0,0
GISK_12F1095_0204,batch_8,15:0,0.00368847628490013
GISK_12F1095_0204,batch_8,15:1w7,0
GISK_12F1095_0204,batch_8,15:1w5,0
GISK_12F1095_0204,batch_8,i-16:0,0
GISK_12F1095_0204,batch_8,16:0,0.328884513252862
GISK_12F1095_0204,batch_8,16:1w13,0
GISK_12F1095_0204,batch_8,16:1w9,0
GISK_12F1095_0204,batch_8,16:1w7t,0
GISK_12F1095_0204,batch_8,16:1w8c,0
GISK_12F1095_0204,batch_8,16:1w7c,0.0154749606539419
GISK_12F1095_0204,batch_8,16:1w6c,0
GISK_12F1095_0204,batch_8,16:1w5t,0
GISK_12F1095_0204,batch_8,16:1w5c,0
GISK_12F1095_0204,batch_8,16:2w6,0
GISK_12F1095_0204,batch_8,14:4w3,0
GISK_12F1095_0204,batch_8,i-17:0,0
GISK_12F1095_0204,batch_8,a-17:0,0
GISK_12F1095_0204,batch_8,16:2w5,0
GISK_12F1095_0204,batch_8,16:2w4,0
GISK_12F1095_0204,batch_8,17:0,0.00203836847323428
GISK_12F1095_0204,batch_8,16:3w4,0
GISK_12F1095_0204,batch_8,16:3w3,0
GISK_12F1095_0204,batch_8,17:1w9c,0
GISK_12F1095_0204,batch_8,17:1w7c,0
GISK_12F1095_0204,batch_8,16:4w3,0
GISK_12F1095_0204,batch_8,16:4w1,0
GISK_12F1095_0204,batch_8,17:2,0
GISK_12F1095_0204,batch_8,18:0,0.0281350315115126
GISK_12F1095_0204,batch_8,18:1w9t,0
GISK_12F1095_0204,batch_8,18:1w9c,0.0499677604986376
GISK_12F1095_0204,batch_8,18:1w8c,0
GISK_12F1095_0204,batch_8,18:1w7c,0
GISK_12F1095_0204,batch_8,18:1w5c,0
GISK_12F1095_0204,batch_8,18:1w6c,0
GISK_12F1095_0204,batch_8,"18:2w7,12c",0
GISK_12F1095_0204,batch_8,18:2w6t,0
GISK_12F1095_0204,batch_8,18:2w6c,0.00429860018165052
GISK_12F1095_0204,batch_8,18:2w3,0
GISK_12F1095_0204,batch_8,18:2,0
GISK_12F1095_0204,batch_8,18:3w6,0.00133117941109178
GISK_12F1095_0204,batch_8,18:3w4,0
GISK_12F1095_0204,batch_8,19:0,1.49871388655855
GISK_12F1095_0204,batch_8,18:3w3,0
GISK_12F1095_0204,batch_8,18:3w1,0
GISK_12F1095_0204,batch_8,18:4w3c,0
GISK_12F1095_0204,batch_8,18:4w1,0
GISK_12F1095_0204,batch_8,18:5w3,0
GISK_12F1095_0204,batch_8,20:0,0
GISK_12F1095_0204,batch_8,20:1w11,0
GISK_12F1095_0204,batch_8,20:1w9,0
GISK_12F1095_0204,batch_8,20:1w7,0
GISK_12F1095_0204,batch_8,20:1w5,0
GISK_12F1095_0204,batch_8,20:2w6,0
GISK_12F1095_0204,batch_8,20:3n7,0
GISK_12F1095_0204,batch_8,20:3w6,0
GISK_12F1095_0204,batch_8,20:4w6,0.19114904356146
GISK_12F1095_0204,batch_8,20:3w3,0
GISK_12F1095_0204,batch_8,20:4,0
GISK_12F1095_0204,batch_8,20:4w3,0
GISK_12F1095_0204,batch_8,20:5w3,0.35105003709276
GISK_12F1095_0204,batch_8,21:0,0
GISK_12F1095_0204,batch_8,22:0,0
GISK_12F1095_0204,batch_8,22:1w9c,0
GISK_12F1095_0204,batch_8,22:1w7c,0
GISK_12F1095_0204,batch_8,22:2w6,0
GISK_12F1095_0204,batch_8,21:5w3,0
GISK_12F1095_0204,batch_8,23:0,0
GISK_12F1095_0204,batch_8,22:4w6,0
GISK_12F1095_0204,batch_8,22:5w6,0
GISK_12F1095_0204,batch_8,22:3w6,0
GISK_12F1095_0204,batch_8,22:6w4,0
GISK_12F1095_0204,batch_8,22:5w3,0
GISK_12F1095_0204,batch_8,22:6w3,0
GISK_12F1095_0204,batch_8,24:0,0
GISK_12F1095_0204,batch_8,24:1,0
GISK_12F1095_0204,batch_8,24:1w9,0
GISK_12F1095_0204,batch_8,24:1w7,0
GISK_12F1095_0204,batch_8,26:0,0
GISK_12F1095_0204,batch_8,26:4w2,0
GISK_12F1095_0204,batch_8,27:0,0
GISK_12F1095_0204,batch_8,28:0,0
GISK_12F1095_0204,batch_8,29:0,0
DEAN_07F0571_0203,batch_8,8:0,6.84445296198591E-05
DEAN_07F0571_0203,batch_8,9:0,0.00082035657644374
DEAN_07F0571_0203,batch_8,10:0,5.96445186687344E-05
DEAN_07F0571_0203,batch_8,11:0,6.84445296198591E-05
DEAN_07F0571_0203,batch_8,11:1,0.000112444584375483
DEAN_07F0571_0203,batch_8,12:0,0.000204355809865008
DEAN_07F0571_0203,batch_8,13:0,9.09334464949556E-05
DEAN_07F0571_0203,batch_8,13:1,0
DEAN_07F0571_0203,batch_8,i-14:0,0
DEAN_07F0571_0203,batch_8,14:0,0.086747574619204
DEAN_07F0571_0203,batch_8,14:1,0
DEAN_07F0571_0203,batch_8,14:1w5,0
DEAN_07F0571_0203,batch_8,i-15:0,0
DEAN_07F0571_0203,batch_8,a-15:0,0
DEAN_07F0571_0203,batch_8,15:0,0.00141289064715281
DEAN_07F0571_0203,batch_8,15:1w7,0
DEAN_07F0571_0203,batch_8,15:1w5,0
DEAN_07F0571_0203,batch_8,i-16:0,0
DEAN_07F0571_0203,batch_8,16:0,0.0935265163885537
DEAN_07F0571_0203,batch_8,16:1w13,0
DEAN_07F0571_0203,batch_8,16:1w9,0
DEAN_07F0571_0203,batch_8,16:1w7t,0
DEAN_07F0571_0203,batch_8,16:1w8c,0
DEAN_07F0571_0203,batch_8,16:1w7c,0.00484782825507516
DEAN_07F0571_0203,batch_8,16:1w6c,0
DEAN_07F0571_0203,batch_8,16:1w5t,0
DEAN_07F0571_0203,batch_8,16:1w5c,0
DEAN_07F0571_0203,batch_8,16:2w6,0
DEAN_07F0571_0203,batch_8,14:4w3,0
DEAN_07F0571_0203,batch_8,i-17:0,0
DEAN_07F0571_0203,batch_8,a-17:0,0
DEAN_07F0571_0203,batch_8,16:2w5,0
DEAN_07F0571_0203,batch_8,16:2w4,0
DEAN_07F0571_0203,batch_8,17:0,0.000516267309132651
DEAN_07F0571_0203,batch_8,16:3w4,0
DEAN_07F0571_0203,batch_8,16:3w3,0
DEAN_07F0571_0203,batch_8,17:1w9c,0
DEAN_07F0571_0203,batch_8,17:1w7c,0
DEAN_07F0571_0203,batch_8,16:4w3,0
DEAN_07F0571_0203,batch_8,16:4w1,0
DEAN_07F0571_0203,batch_8,17:2,0
DEAN_07F0571_0203,batch_8,18:0,0.00811849899190986
DEAN_07F0571_0203,batch_8,18:1w9t,0
DEAN_07F0571_0203,batch_8,18:1w9c,0.094086783752442
DEAN_07F0571_0203,batch_8,18:1w8c,0
DEAN_07F0571_0203,batch_8,18:1w7c,0
DEAN_07F0571_0203,batch_8,18:1w5c,0
DEAN_07F0571_0203,batch_8,18:1w6c,0
DEAN_07F0571_0203,batch_8,"18:2w7,12c",0
DEAN_07F0571_0203,batch_8,18:2w6t,0
DEAN_07F0571_0203,batch_8,18:2w6c,0.0397115160854422
DEAN_07F0571_0203,batch_8,18:2w3,0
DEAN_07F0571_0203,batch_8,18:2,0
DEAN_07F0571_0203,batch_8,18:3w6,0.00827494363104096
DEAN_07F0571_0203,batch_8,18:3w4,0
DEAN_07F0571_0203,batch_8,19:0,0.227925172529104
DEAN_07F0571_0203,batch_8,18:3w3,0.0779426747731064
DEAN_07F0571_0203,batch_8,18:3w1,0
DEAN_07F0571_0203,batch_8,18:4w3c,0
DEAN_07F0571_0203,batch_8,18:4w1,0
DEAN_07F0571_0203,batch_8,18:5w3,0
DEAN_07F0571_0203,batch_8,20:0,0
DEAN_07F0571_0203,batch_8,20:1w11,0
DEAN_07F0571_0203,batch_8,20:1w9,0
DEAN_07F0571_0203,batch_8,20:1w7,0
DEAN_07F0571_0203,batch_8,20:1w5,0
DEAN_07F0571_0203,batch_8,20:2w6,0.000405778282746307
DEAN_07F0571_0203,batch_8,20:3n7,0
DEAN_07F0571_0203,batch_8,20:3w6,0.00556356247909997
DEAN_07F0571_0203,batch_8,20:4w6,0.312153988458297
DEAN_07F0571_0203,batch_8,20:3w3,0.000556356247909997
DEAN_07F0571_0203,batch_8,20:4,0
DEAN_07F0571_0203,batch_8,20:4w3,0
DEAN_07F0571_0203,batch_8,20:5w3,0.2647101960838
DEAN_07F0571_0203,batch_8,21:0,0
DEAN_07F0571_0203,batch_8,22:0,0
DEAN_07F0571_0203,batch_8,22:1w9c,0
DEAN_07F0571_0203,batch_8,22:1w7c,0
DEAN_07F0571_0203,batch_8,22:2w6,0
DEAN_07F0571_0203,batch_8,21:5w3,0
DEAN_07F0571_0203,batch_8,23:0,0
DEAN_07F0571_0203,batch_8,22:4w6,0
DEAN_07F0571_0203,batch_8,22:5w6,0
DEAN_07F0571_0203,batch_8,22:3w6,0
DEAN_07F0571_0203,batch_8,22:6w4,0
DEAN_07F0571_0203,batch_8,22:5w3,0
DEAN_07F0571_0203,batch_8,22:6w3,0
DEAN_07F0571_0203,batch_8,24:0,0
DEAN_07F0571_0203,batch_8,24:1,0
DEAN_07F0571_0203,batch_8,24:1w9,0
DEAN_07F0571_0203,batch_8,24:1w7,0
DEAN_07F0571_0203,batch_8,26:0,0
DEAN_07F0571_0203,batch_8,26:4w2,0
DEAN_07F0571_0203,batch_8,27:0,0
DEAN_07F0571_0203,batch_8,28:0,0
DEAN_07F0571_0203,batch_8,29:0,0
CAAT_14F1394_0212,batch_8,8:0,1.57923764125066E-05
CAAT_14F1394_0212,batch_8,9:0,6.68139002067586E-05
CAAT_14F1394_0212,batch_8,10:0,4.37327346807875E-05
CAAT_14F1394_0212,batch_8,11:0,4.13031383096326E-05
CAAT_14F1394_0212,batch_8,11:1,9.35394602894621E-05
CAAT_14F1394_0212,batch_8,12:0,0.000668139002067586
CAAT_14F1394_0212,batch_8,13:0,0.000269685197198189
CAAT_14F1394_0212,batch_8,13:1,0
CAAT_14F1394_0212,batch_8,i-14:0,0
CAAT_14F1394_0212,batch_8,14:0,0.0197611220847881
CAAT_14F1394_0212,batch_8,14:1,0
CAAT_14F1394_0212,batch_8,14:1w5,0
CAAT_14F1394_0212,batch_8,i-15:0,0
CAAT_14F1394_0212,batch_8,a-15:0,0
CAAT_14F1394_0212,batch_8,15:0,0.00432103714609892
CAAT_14F1394_0212,batch_8,15:1w7,0
CAAT_14F1394_0212,batch_8,15:1w5,0
CAAT_14F1394_0212,batch_8,i-16:0,0
CAAT_14F1394_0212,batch_8,16:0,0.249340971984324
CAAT_14F1394_0212,batch_8,16:1w13,0
CAAT_14F1394_0212,batch_8,16:1w9,0
CAAT_14F1394_0212,batch_8,16:1w7t,0
CAAT_14F1394_0212,batch_8,16:1w8c,0
CAAT_14F1394_0212,batch_8,16:1w7c,0.0084343438024641
CAAT_14F1394_0212,batch_8,16:1w6c,0
CAAT_14F1394_0212,batch_8,16:1w5t,0
CAAT_14F1394_0212,batch_8,16:1w5c,0
CAAT_14F1394_0212,batch_8,16:2w6,0
CAAT_14F1394_0212,batch_8,14:4w3,0
CAAT_14F1394_0212,batch_8,i-17:0,0
CAAT_14F1394_0212,batch_8,a-17:0,0
CAAT_14F1394_0212,batch_8,16:2w5,0
CAAT_14F1394_0212,batch_8,16:2w4,0
CAAT_14F1394_0212,batch_8,17:0,0.0024113743983712
CAAT_14F1394_0212,batch_8,16:3w4,0
CAAT_14F1394_0212,batch_8,16:3w3,0
CAAT_14F1394_0212,batch_8,17:1w9c,0
CAAT_14F1394_0212,batch_8,17:1w7c,0
CAAT_14F1394_0212,batch_8,16:4w3,0
CAAT_14F1394_0212,batch_8,16:4w1,0
CAAT_14F1394_0212,batch_8,17:2,0
CAAT_14F1394_0212,batch_8,18:0,0.00922760701764616
CAAT_14F1394_0212,batch_8,18:1w9t,0
CAAT_14F1394_0212,batch_8,18:1w9c,0.0187698467653569
CAAT_14F1394_0212,batch_8,18:1w8c,0
CAAT_14F1394_0212,batch_8,18:1w7c,0.00229961296529807
CAAT_14F1394_0212,batch_8,18:1w5c,0
CAAT_14F1394_0212,batch_8,18:1w6c,0
CAAT_14F1394_0212,batch_8,"18:2w7,12c",0
CAAT_14F1394_0212,batch_8,18:2w6t,0
CAAT_14F1394_0212,batch_8,18:2w6c,0.0145860818142282
CAAT_14F1394_0212,batch_8,18:2w3,0
CAAT_14F1394_0212,batch_8,18:2,0
CAAT_14F1394_0212,batch_8,18:3w6,0.000964549759348479
CAAT_14F1394_0212,batch_8,18:3w4,0
CAAT_14F1394_0212,batch_8,19:0,0.260395635473079
CAAT_14F1394_0212,batch_8,18:3w3,0.00100342330128696
CAAT_14F1394_0212,batch_8,18:3w1,0
CAAT_14F1394_0212,batch_8,18:4w3c,0
CAAT_14F1394_0212,batch_8,18:4w1,0
CAAT_14F1394_0212,batch_8,18:5w3,0
CAAT_14F1394_0212,batch_8,20:0,0
CAAT_14F1394_0212,batch_8,20:1w11,0
CAAT_14F1394_0212,batch_8,20:1w9,0.00035472107018861
CAAT_14F1394_0212,batch_8,20:1w7,0
CAAT_14F1394_0212,batch_8,20:1w5,0
CAAT_14F1394_0212,batch_8,20:2w6,0.000470126897818465
CAAT_14F1394_0212,batch_8,20:3n7,0
CAAT_14F1394_0212,batch_8,20:3w6,0.000962120162977325
CAAT_14F1394_0212,batch_8,20:4w6,0.532567524557145
CAAT_14F1394_0212,batch_8,20:3w3,0
CAAT_14F1394_0212,batch_8,20:4,0
CAAT_14F1394_0212,batch_8,20:4w3,0
CAAT_14F1394_0212,batch_8,20:5w3,0.133326530463494
CAAT_14F1394_0212,batch_8,21:0,0
CAAT_14F1394_0212,batch_8,22:0,0
CAAT_14F1394_0212,batch_8,22:1w9c,0
CAAT_14F1394_0212,batch_8,22:1w7c,0
CAAT_14F1394_0212,batch_8,22:2w6,0
CAAT_14F1394_0212,batch_8,21:5w3,0
CAAT_14F1394_0212,batch_8,23:0,0
CAAT_14F1394_0212,batch_8,22:4w6,0
CAAT_14F1394_0212,batch_8,22:5w6,0
CAAT_14F1394_0212,batch_8,22:3w6,0
CAAT_14F1394_0212,batch_8,22:6w4,0
CAAT_14F1394_0212,batch_8,22:5w3,0
CAAT_14F1394_0212,batch_8,22:6w3,0
CAAT_14F1394_0212,batch_8,24:0,0
CAAT_14F1394_0212,batch_8,24:1,0
CAAT_14F1394_0212,batch_8,24:1w9,0
CAAT_14F1394_0212,batch_8,24:1w7,0
CAAT_14F1394_0212,batch_8,26:0,0
CAAT_14F1394_0212,batch_8,26:4w2,0
CAAT_14F1394_0212,batch_8,27:0,0
CAAT_14F1394_0212,batch_8,28:0,0
CAAT_14F1394_0212,batch_8,29:0,0
CAAT_14F1346_0188,batch_9,8:0,0.000206872985528126
CAAT_14F1346_0188,batch_9,9:0,0.00107684777288302
CAAT_14F1346_0188,batch_9,10:0,0.00012190729504336
CAAT_14F1346_0188,batch_9,11:0,6.64948882054692E-05
CAAT_14F1346_0188,batch_9,11:1,0.000164390140285743
CAAT_14F1346_0188,batch_9,12:0,0.000836727343252154
CAAT_14F1346_0188,batch_9,13:0,0
CAAT_14F1346_0188,batch_9,13:1,0.000238273349402931
CAAT_14F1346_0188,batch_9,i-14:0,0
CAAT_14F1346_0188,batch_9,14:0,0.0195790504160548
CAAT_14F1346_0188,batch_9,14:1,0
CAAT_14F1346_0188,batch_9,14:1w5,0
CAAT_14F1346_0188,batch_9,i-15:0,0
CAAT_14F1346_0188,batch_9,a-15:0,0
CAAT_14F1346_0188,batch_9,15:0,0.00341155718098616
CAAT_14F1346_0188,batch_9,15:1w7,0
CAAT_14F1346_0188,batch_9,15:1w5,0
CAAT_14F1346_0188,batch_9,i-16:0,0
CAAT_14F1346_0188,batch_9,16:0,0.282693781804413
CAAT_14F1346_0188,batch_9,16:1w13,0
CAAT_14F1346_0188,batch_9,16:1w9,0
CAAT_14F1346_0188,batch_9,16:1w7t,0
CAAT_14F1346_0188,batch_9,16:1w8c,0
CAAT_14F1346_0188,batch_9,16:1w7c,0.0178077004774702
CAAT_14F1346_0188,batch_9,16:1w6c,0
CAAT_14F1346_0188,batch_9,16:1w5t,0
CAAT_14F1346_0188,batch_9,16:1w5c,0
CAAT_14F1346_0188,batch_9,16:2w6,0
CAAT_14F1346_0188,batch_9,14:4w3,0
CAAT_14F1346_0188,batch_9,i-17:0,0
CAAT_14F1346_0188,batch_9,a-17:0,0
CAAT_14F1346_0188,batch_9,16:2w5,0
CAAT_14F1346_0188,batch_9,16:2w4,0
CAAT_14F1346_0188,batch_9,17:0,0.00190803387545138
CAAT_14F1346_0188,batch_9,16:3w4,0
CAAT_14F1346_0188,batch_9,16:3w3,0
CAAT_14F1346_0188,batch_9,17:1w9c,0
CAAT_14F1346_0188,batch_9,17:1w7c,0
CAAT_14F1346_0188,batch_9,16:4w3,0
CAAT_14F1346_0188,batch_9,16:4w1,0
CAAT_14F1346_0188,batch_9,17:2,0
CAAT_14F1346_0188,batch_9,18:0,0.0110030569177772
CAAT_14F1346_0188,batch_9,18:1w9t,0
CAAT_14F1346_0188,batch_9,18:1w9c,0.0259644067640078
CAAT_14F1346_0188,batch_9,18:1w8c,0
CAAT_14F1346_0188,batch_9,18:1w7c,0.00344849878554475
CAAT_14F1346_0188,batch_9,18:1w5c,0
CAAT_14F1346_0188,batch_9,18:1w6c,0
CAAT_14F1346_0188,batch_9,"18:2w7,12c",0
CAAT_14F1346_0188,batch_9,18:2w6t,0
CAAT_14F1346_0188,batch_9,18:2w6c,0.018997220144257
CAAT_14F1346_0188,batch_9,18:2w3,0
CAAT_14F1346_0188,batch_9,18:2,0
CAAT_14F1346_0188,batch_9,18:3w6,0.000879210188494537
CAAT_14F1346_0188,batch_9,18:3w4,0
CAAT_14F1346_0188,batch_9,19:0,0.332651760729227
CAAT_14F1346_0188,batch_9,18:3w3,0.00105652989037579
CAAT_14F1346_0188,batch_9,18:3w1,0
CAAT_14F1346_0188,batch_9,18:4w3c,0
CAAT_14F1346_0188,batch_9,18:4w1,0
CAAT_14F1346_0188,batch_9,18:5w3,0
CAAT_14F1346_0188,batch_9,20:0,0.000190249263476759
CAAT_14F1346_0188,batch_9,20:1w11,0
CAAT_14F1346_0188,batch_9,20:1w9,0
CAAT_14F1346_0188,batch_9,20:1w7,0
CAAT_14F1346_0188,batch_9,20:1w5,0
CAAT_14F1346_0188,batch_9,20:2w6,0.000443299254703128
CAAT_14F1346_0188,batch_9,20:3n7,0
CAAT_14F1346_0188,batch_9,20:3w6,0.000498711661541019
CAAT_14F1346_0188,batch_9,20:4w6,0.385932636984087
CAAT_14F1346_0188,batch_9,20:3w3,0
CAAT_14F1346_0188,batch_9,20:4,0
CAAT_14F1346_0188,batch_9,20:4w3,0
CAAT_14F1346_0188,batch_9,20:5w3,0.221758605085012
CAAT_14F1346_0188,batch_9,21:0,0
CAAT_14F1346_0188,batch_9,22:0,0
CAAT_14F1346_0188,batch_9,22:1w9c,0
CAAT_14F1346_0188,batch_9,22:1w7c,0
CAAT_14F1346_0188,batch_9,22:2w6,0
CAAT_14F1346_0188,batch_9,21:5w3,0
CAAT_14F1346_0188,batch_9,23:0,0
CAAT_14F1346_0188,batch_9,22:4w6,0.000480240859261722
CAAT_14F1346_0188,batch_9,22:5w6,0
CAAT_14F1346_0188,batch_9,22:3w6,0
CAAT_14F1346_0188,batch_9,22:6w4,0
CAAT_14F1346_0188,batch_9,22:5w3,0
CAAT_14F1346_0188,batch_9,22:6w3,0.00123569667248497
CAAT_14F1346_0188,batch_9,24:0,0
CAAT_14F1346_0188,batch_9,24:1,0
CAAT_14F1346_0188,batch_9,24:1w9,0
CAAT_14F1346_0188,batch_9,24:1w7,0
CAAT_14F1346_0188,batch_9,26:0,0
CAAT_14F1346_0188,batch_9,26:4w2,0
CAAT_14F1346_0188,batch_9,27:0,0
CAAT_14F1346_0188,batch_9,28:0,0
CAAT_14F1346_0188,batch_9,29:0,0
GISK_12F1080_0192,batch_9,8:0,0.000238151940938319
GISK_12F1080_0192,batch_9,9:0,0.00210712695569338
GISK_12F1080_0192,batch_9,10:0,0.000176025347650062
GISK_12F1080_0192,batch_9,11:0,6.2126593288257E-05
GISK_12F1080_0192,batch_9,11:1,0.000238151940938319
GISK_12F1080_0192,batch_9,12:0,0.00112863311140334
GISK_12F1080_0192,batch_9,13:0,0.0002174430765089
GISK_12F1080_0192,batch_9,13:1,0
GISK_12F1080_0192,batch_9,i-14:0,0
GISK_12F1080_0192,batch_9,14:0,0.0159768889072968
GISK_12F1080_0192,batch_9,14:1,0
GISK_12F1080_0192,batch_9,14:1w5,0
GISK_12F1080_0192,batch_9,i-15:0,0
GISK_12F1080_0192,batch_9,a-15:0,0
GISK_12F1080_0192,batch_9,15:0,0.00445758306843244
GISK_12F1080_0192,batch_9,15:1w7,0
GISK_12F1080_0192,batch_9,15:1w5,0
GISK_12F1080_0192,batch_9,i-16:0,0
GISK_12F1080_0192,batch_9,16:0,0.318357372873458
GISK_12F1080_0192,batch_9,16:1w13,0
GISK_12F1080_0192,batch_9,16:1w9,0
GISK_12F1080_0192,batch_9,16:1w7t,0
GISK_12F1080_0192,batch_9,16:1w8c,0
GISK_12F1080_0192,batch_9,16:1w7c,0.0155212938898496
GISK_12F1080_0192,batch_9,16:1w6c,0
GISK_12F1080_0192,batch_9,16:1w5t,0
GISK_12F1080_0192,batch_9,16:1w5c,0
GISK_12F1080_0192,batch_9,16:2w6,0
GISK_12F1080_0192,batch_9,14:4w3,0
GISK_12F1080_0192,batch_9,i-17:0,0
GISK_12F1080_0192,batch_9,a-17:0,0
GISK_12F1080_0192,batch_9,16:2w5,0
GISK_12F1080_0192,batch_9,16:2w4,0
GISK_12F1080_0192,batch_9,17:0,0.0019103927436139
GISK_12F1080_0192,batch_9,16:3w4,0
GISK_12F1080_0192,batch_9,16:3w3,0
GISK_12F1080_0192,batch_9,17:1w9c,0
GISK_12F1080_0192,batch_9,17:1w7c,0
GISK_12F1080_0192,batch_9,16:4w3,0
GISK_12F1080_0192,batch_9,16:4w1,0
GISK_12F1080_0192,batch_9,17:2,0
GISK_12F1080_0192,batch_9,18:0,0.0213560164428384
GISK_12F1080_0192,batch_9,18:1w9t,0
GISK_12F1080_0192,batch_9,18:1w9c,0.0457251726601572
GISK_12F1080_0192,batch_9,18:1w8c,0
GISK_12F1080_0192,batch_9,18:1w7c,0.00539983639997101
GISK_12F1080_0192,batch_9,18:1w5c,0
GISK_12F1080_0192,batch_9,18:1w6c,0
GISK_12F1080_0192,batch_9,"18:2w7,12c",0
GISK_12F1080_0192,batch_9,18:2w6t,0
GISK_12F1080_0192,batch_9,18:2w6c,0.00378454497447632
GISK_12F1080_0192,batch_9,18:2w3,0
GISK_12F1080_0192,batch_9,18:2,0
GISK_12F1080_0192,batch_9,18:3w6,0.000745519119459084
GISK_12F1080_0192,batch_9,18:3w4,0
GISK_12F1080_0192,batch_9,19:0,0.966565538378703
GISK_12F1080_0192,batch_9,18:3w3,0
GISK_12F1080_0192,batch_9,18:3w1,0
GISK_12F1080_0192,batch_9,18:4w3c,0
GISK_12F1080_0192,batch_9,18:4w1,0
GISK_12F1080_0192,batch_9,18:5w3,0
GISK_12F1080_0192,batch_9,20:0,0
GISK_12F1080_0192,batch_9,20:1w11,0
GISK_12F1080_0192,batch_9,20:1w9,0
GISK_12F1080_0192,batch_9,20:1w7,0
GISK_12F1080_0192,batch_9,20:1w5,0
GISK_12F1080_0192,batch_9,20:2w6,0
GISK_12F1080_0192,batch_9,20:3n7,0
GISK_12F1080_0192,batch_9,20:3w6,0
GISK_12F1080_0192,batch_9,20:4w6,0.25887633701606
GISK_12F1080_0192,batch_9,20:3w3,0
GISK_12F1080_0192,batch_9,20:4,0
GISK_12F1080_0192,batch_9,20:4w3,0
GISK_12F1080_0192,batch_9,20:5w3,0.303721382937967
GISK_12F1080_0192,batch_9,21:0,0
GISK_12F1080_0192,batch_9,22:0,0
GISK_12F1080_0192,batch_9,22:1w9c,0
GISK_12F1080_0192,batch_9,22:1w7c,0
GISK_12F1080_0192,batch_9,22:2w6,0
GISK_12F1080_0192,batch_9,21:5w3,0
GISK_12F1080_0192,batch_9,23:0,0
GISK_12F1080_0192,batch_9,22:4w6,0
GISK_12F1080_0192,batch_9,22:5w6,0
GISK_12F1080_0192,batch_9,22:3w6,0
GISK_12F1080_0192,batch_9,22:6w4,0
GISK_12F1080_0192,batch_9,22:5w3,0
GISK_12F1080_0192,batch_9,22:6w3,0
GISK_12F1080_0192,batch_9,24:0,0
GISK_12F1080_0192,batch_9,24:1,0
GISK_12F1080_0192,batch_9,24:1w9,0
GISK_12F1080_0192,batch_9,24:1w7,0
GISK_12F1080_0192,batch_9,26:0,0
GISK_12F1080_0192,batch_9,26:4w2,0
GISK_12F1080_0192,batch_9,27:0,0
GISK_12F1080_0192,batch_9,28:0,0
GISK_12F1080_0192,batch_9,29:0,0
LAAN_14F1208_0206,batch_9,8:0,5.90138528605041E-05
LAAN_14F1208_0206,batch_9,9:0,0.00160363730599196
LAAN_14F1208_0206,batch_9,10:0,9.4935328514724E-05
LAAN_14F1208_0206,batch_9,11:0,2.82240165854585E-05
LAAN_14F1208_0206,batch_9,11:1,0.000220660493304493
LAAN_14F1208_0206,batch_9,12:0,0.000772311726565727
LAAN_14F1208_0206,batch_9,13:0,0
LAAN_14F1208_0206,batch_9,13:1,0
LAAN_14F1208_0206,batch_9,i-14:0,0
LAAN_14F1208_0206,batch_9,14:0,0.0192333843931452
LAAN_14F1208_0206,batch_9,14:1,0
LAAN_14F1208_0206,batch_9,14:1w5,0
LAAN_14F1208_0206,batch_9,i-15:0,0
LAAN_14F1208_0206,batch_9,a-15:0,0
LAAN_14F1208_0206,batch_9,15:0,0.000921129268561781
LAAN_14F1208_0206,batch_9,15:1w7,0
LAAN_14F1208_0206,batch_9,15:1w5,0
LAAN_14F1208_0206,batch_9,i-16:0,0
LAAN_14F1208_0206,batch_9,16:0,0.220265357072297
LAAN_14F1208_0206,batch_9,16:1w13,0
LAAN_14F1208_0206,batch_9,16:1w9,0
LAAN_14F1208_0206,batch_9,16:1w7t,0
LAAN_14F1208_0206,batch_9,16:1w8c,0
LAAN_14F1208_0206,batch_9,16:1w7c,0.0600042592606847
LAAN_14F1208_0206,batch_9,16:1w6c,0
LAAN_14F1208_0206,batch_9,16:1w5t,0
LAAN_14F1208_0206,batch_9,16:1w5c,0
LAAN_14F1208_0206,batch_9,16:2w6,0
LAAN_14F1208_0206,batch_9,14:4w3,0
LAAN_14F1208_0206,batch_9,i-17:0,0
LAAN_14F1208_0206,batch_9,a-17:0,0
LAAN_14F1208_0206,batch_9,16:2w5,0
LAAN_14F1208_0206,batch_9,16:2w4,0
LAAN_14F1208_0206,batch_9,17:0,0.00038487295343807
LAAN_14F1208_0206,batch_9,16:3w4,0
LAAN_14F1208_0206,batch_9,16:3w3,0
LAAN_14F1208_0206,batch_9,17:1w9c,0
LAAN_14F1208_0206,batch_9,17:1w7c,0
LAAN_14F1208_0206,batch_9,16:4w3,0
LAAN_14F1208_0206,batch_9,16:4w1,0
LAAN_14F1208_0206,batch_9,17:2,0
LAAN_14F1208_0206,batch_9,18:0,0.00868016800987327
LAAN_14F1208_0206,batch_9,18:1w9t,0
LAAN_14F1208_0206,batch_9,18:1w9c,0.0171704653627171
LAAN_14F1208_0206,batch_9,18:1w8c,0
LAAN_14F1208_0206,batch_9,18:1w7c,0.0744523899327499
LAAN_14F1208_0206,batch_9,18:1w5c,0
LAAN_14F1208_0206,batch_9,18:1w6c,0
LAAN_14F1208_0206,batch_9,"18:2w7,12c",0
LAAN_14F1208_0206,batch_9,18:2w6t,0
LAAN_14F1208_0206,batch_9,18:2w6c,0.0708576765476383
LAAN_14F1208_0206,batch_9,18:2w3,0
LAAN_14F1208_0206,batch_9,18:2,0
LAAN_14F1208_0206,batch_9,18:3w6,0.00517525831389725
LAAN_14F1208_0206,batch_9,18:3w4,0
LAAN_14F1208_0206,batch_9,19:0,0.472169836736893
LAAN_14F1208_0206,batch_9,18:3w3,0.387395154192934
LAAN_14F1208_0206,batch_9,18:3w1,0
LAAN_14F1208_0206,batch_9,18:4w3c,0
LAAN_14F1208_0206,batch_9,18:4w1,0
LAAN_14F1208_0206,batch_9,18:5w3,0
LAAN_14F1208_0206,batch_9,20:0,0.000300200903681695
LAAN_14F1208_0206,batch_9,20:1w11,0
LAAN_14F1208_0206,batch_9,20:1w9,0.00393083576444749
LAAN_14F1208_0206,batch_9,20:1w7,0
LAAN_14F1208_0206,batch_9,20:1w5,0
LAAN_14F1208_0206,batch_9,20:2w6,0.00104172279397238
LAAN_14F1208_0206,batch_9,20:3n7,0
LAAN_14F1208_0206,batch_9,20:3w6,0.000633757463328022
LAAN_14F1208_0206,batch_9,20:4w6,0.0238903471297458
LAAN_14F1208_0206,batch_9,20:3w3,0.00199620771849879
LAAN_14F1208_0206,batch_9,20:4,0
LAAN_14F1208_0206,batch_9,20:4w3,0
LAAN_14F1208_0206,batch_9,20:5w3,0.0882359733052119
LAAN_14F1208_0206,batch_9,21:0,0
LAAN_14F1208_0206,batch_9,22:0,0
LAAN_14F1208_0206,batch_9,22:1w9c,0
LAAN_14F1208_0206,batch_9,22:1w7c,0
LAAN_14F1208_0206,batch_9,22:2w6,0
LAAN_14F1208_0206,batch_9,21:5w3,0
LAAN_14F1208_0206,batch_9,23:0,0
LAAN_14F1208_0206,batch_9,22:4w6,0
LAAN_14F1208_0206,batch_9,22:5w6,0.000815930661288709
LAAN_14F1208_0206,batch_9,22:3w6,0.000484939921331968
LAAN_14F1208_0206,batch_9,22:6w4,0
LAAN_14F1208_0206,batch_9,22:5w3,0.00162672968319824
LAAN_14F1208_0206,batch_9,22:6w3,0.00755633898583411
LAAN_14F1208_0206,batch_9,24:0,0.00216811763770113
LAAN_14F1208_0206,batch_9,24:1,0
LAAN_14F1208_0206,batch_9,24:1w9,0
LAAN_14F1208_0206,batch_9,24:1w7,0
LAAN_14F1208_0206,batch_9,26:0,0
LAAN_14F1208_0206,batch_9,26:4w2,0
LAAN_14F1208_0206,batch_9,27:0,0
LAAN_14F1208_0206,batch_9,28:0,0
LAAN_14F1208_0206,batch_9,29:0,0
TRAN_11F0982_0211,batch_9,8:0,7.20013339194495E-05
TRAN_11F0982_0211,batch_9,9:0,0.00135160398761072
TRAN_11F0982_0211,batch_9,10:0,7.57908778099468E-05
TRAN_11F0982_0211,batch_9,11:0,0.000125054948386412
TRAN_11F0982_0211,batch_9,11:1,0.000168003112478715
TRAN_11F0982_0211,batch_9,12:0,0.000745276965131143
TRAN_11F0982_0211,batch_9,13:0,0
TRAN_11F0982_0211,batch_9,13:1,0
TRAN_11F0982_0211,batch_9,i-14:0,0
TRAN_11F0982_0211,batch_9,14:0,0.0231755872529849
TRAN_11F0982_0211,batch_9,14:1,0
TRAN_11F0982_0211,batch_9,14:1w5,0
TRAN_11F0982_0211,batch_9,i-15:0,0
TRAN_11F0982_0211,batch_9,a-15:0,0
TRAN_11F0982_0211,batch_9,15:0,0.00465861262271806
TRAN_11F0982_0211,batch_9,15:1w7,0
TRAN_11F0982_0211,batch_9,15:1w5,0
TRAN_11F0982_0211,batch_9,i-16:0,0
TRAN_11F0982_0211,batch_9,16:0,0.308529505388731
TRAN_11F0982_0211,batch_9,16:1w13,0
TRAN_11F0982_0211,batch_9,16:1w9,0
TRAN_11F0982_0211,batch_9,16:1w7t,0
TRAN_11F0982_0211,batch_9,16:1w8c,0
TRAN_11F0982_0211,batch_9,16:1w7c,0.00643717188865815
TRAN_11F0982_0211,batch_9,16:1w6c,0
TRAN_11F0982_0211,batch_9,16:1w5t,0
TRAN_11F0982_0211,batch_9,16:1w5c,0
TRAN_11F0982_0211,batch_9,16:2w6,0
TRAN_11F0982_0211,batch_9,14:4w3,0
TRAN_11F0982_0211,batch_9,i-17:0,0
TRAN_11F0982_0211,batch_9,a-17:0,0
TRAN_11F0982_0211,batch_9,16:2w5,0
TRAN_11F0982_0211,batch_9,16:2w4,0
TRAN_11F0982_0211,batch_9,17:0,0.00187329786320252
TRAN_11F0982_0211,batch_9,16:3w4,0
TRAN_11F0982_0211,batch_9,16:3w3,0
TRAN_11F0982_0211,batch_9,17:1w9c,0
TRAN_11F0982_0211,batch_9,17:1w7c,0
TRAN_11F0982_0211,batch_9,16:4w3,0
TRAN_11F0982_0211,batch_9,16:4w1,0
TRAN_11F0982_0211,batch_9,17:2,0
TRAN_11F0982_0211,batch_9,18:0,0.00796435807652857
TRAN_11F0982_0211,batch_9,18:1w9t,0
TRAN_11F0982_0211,batch_9,18:1w9c,0.0124309671421281
TRAN_11F0982_0211,batch_9,18:1w8c,0
TRAN_11F0982_0211,batch_9,18:1w7c,0.0018492974185627
TRAN_11F0982_0211,batch_9,18:1w5c,0
TRAN_11F0982_0211,batch_9,18:1w6c,0
TRAN_11F0982_0211,batch_9,"18:2w7,12c",0
TRAN_11F0982_0211,batch_9,18:2w6t,0
TRAN_11F0982_0211,batch_9,18:2w6c,0.00413186602193893
TRAN_11F0982_0211,batch_9,18:2w3,0
TRAN_11F0982_0211,batch_9,18:2,0
TRAN_11F0982_0211,batch_9,18:3w6,0.00131244536740891
TRAN_11F0982_0211,batch_9,18:3w4,0
TRAN_11F0982_0211,batch_9,19:0,0.211915083900502
TRAN_11F0982_0211,batch_9,18:3w3,0
TRAN_11F0982_0211,batch_9,18:3w1,0
TRAN_11F0982_0211,batch_9,18:4w3c,0
TRAN_11F0982_0211,batch_9,18:4w1,0
TRAN_11F0982_0211,batch_9,18:5w3,0
TRAN_11F0982_0211,batch_9,20:0,0.000136423580057904
TRAN_11F0982_0211,batch_9,20:1w11,0
TRAN_11F0982_0211,batch_9,20:1w9,0
TRAN_11F0982_0211,batch_9,20:1w7,0
TRAN_11F0982_0211,batch_9,20:1w5,0
TRAN_11F0982_0211,batch_9,20:2w6,0.000199582644899527
TRAN_11F0982_0211,batch_9,20:3n7,0
TRAN_11F0982_0211,batch_9,20:3w6,0
TRAN_11F0982_0211,batch_9,20:4w6,0.434960058207394
TRAN_11F0982_0211,batch_9,20:3w3,0
TRAN_11F0982_0211,batch_9,20:4,0
TRAN_11F0982_0211,batch_9,20:4w3,0
TRAN_11F0982_0211,batch_9,20:5w3,0.18980309529945
TRAN_11F0982_0211,batch_9,21:0,0
TRAN_11F0982_0211,batch_9,22:0,0
TRAN_11F0982_0211,batch_9,22:1w9c,0
TRAN_11F0982_0211,batch_9,22:1w7c,0
TRAN_11F0982_0211,batch_9,22:2w6,0
TRAN_11F0982_0211,batch_9,21:5w3,0
TRAN_11F0982_0211,batch_9,23:0,0
TRAN_11F0982_0211,batch_9,22:4w6,0
TRAN_11F0982_0211,batch_9,22:5w6,0
TRAN_11F0982_0211,batch_9,22:3w6,0
TRAN_11F0982_0211,batch_9,22:6w4,0
TRAN_11F0982_0211,batch_9,22:5w3,0
TRAN_11F0982_0211,batch_9,22:6w3,0
TRAN_11F0982_0211,batch_9,24:0,0
TRAN_11F0982_0211,batch_9,24:1,0
TRAN_11F0982_0211,batch_9,24:1w9,0
TRAN_11F0982_0211,batch_9,24:1w7,0
TRAN_11F0982_0211,batch_9,26:0,0
TRAN_11F0982_0211,batch_9,26:4w2,0
TRAN_11F0982_0211,batch_9,27:0,0
TRAN_11F0982_0211,batch_9,28:0,0
TRAN_11F0982_0211,batch_9,29:0,0
RHLA_11F1042_0210,batch_9,8:0,0.000160932809479157
RHLA_11F1042_0210,batch_9,9:0,0.00169730469730684
RHLA_11F1042_0210,batch_9,10:0,0.000109434310445827
RHLA_11F1042_0210,batch_9,11:0,0.000133037789169436
RHLA_11F1042_0210,batch_9,11:1,0.000248909411994429
RHLA_11F1042_0210,batch_9,12:0,0.000381947201163866
RHLA_11F1042_0210,batch_9,13:0,0
RHLA_11F1042_0210,batch_9,13:1,0
RHLA_11F1042_0210,batch_9,i-14:0,0
RHLA_11F1042_0210,batch_9,14:0,0.0155546924788588
RHLA_11F1042_0210,batch_9,14:1,0
RHLA_11F1042_0210,batch_9,14:1w5,0
RHLA_11F1042_0210,batch_9,i-15:0,0
RHLA_11F1042_0210,batch_9,a-15:0,0
RHLA_11F1042_0210,batch_9,15:0,0.00239468020504986
RHLA_11F1042_0210,batch_9,15:1w7,0
RHLA_11F1042_0210,batch_9,15:1w5,0
RHLA_11F1042_0210,batch_9,i-16:0,0
RHLA_11F1042_0210,batch_9,16:0,0.251450004613407
RHLA_11F1042_0210,batch_9,16:1w13,0
RHLA_11F1042_0210,batch_9,16:1w9,0
RHLA_11F1042_0210,batch_9,16:1w7t,0
RHLA_11F1042_0210,batch_9,16:1w8c,0
RHLA_11F1042_0210,batch_9,16:1w7c,0.0156426690813741
RHLA_11F1042_0210,batch_9,16:1w6c,0
RHLA_11F1042_0210,batch_9,16:1w5t,0
RHLA_11F1042_0210,batch_9,16:1w5c,0
RHLA_11F1042_0210,batch_9,16:2w6,0
RHLA_11F1042_0210,batch_9,14:4w3,0
RHLA_11F1042_0210,batch_9,i-17:0,0
RHLA_11F1042_0210,batch_9,a-17:0,0
RHLA_11F1042_0210,batch_9,16:2w5,0
RHLA_11F1042_0210,batch_9,16:2w4,0
RHLA_11F1042_0210,batch_9,17:0,0.000924827211806889
RHLA_11F1042_0210,batch_9,16:3w4,0
RHLA_11F1042_0210,batch_9,16:3w3,0
RHLA_11F1042_0210,batch_9,17:1w9c,0
RHLA_11F1042_0210,batch_9,17:1w7c,0
RHLA_11F1042_0210,batch_9,16:4w3,0
RHLA_11F1042_0210,batch_9,16:4w1,0
RHLA_11F1042_0210,batch_9,17:2,0
RHLA_11F1042_0210,batch_9,18:0,0.00993062723026052
RHLA_11F1042_0210,batch_9,18:1w9t,0
RHLA_11F1042_0210,batch_9,18:1w9c,0.0160353451365032
RHLA_11F1042_0210,batch_9,18:1w8c,0
RHLA_11F1042_0210,batch_9,18:1w7c,0.100022959747486
RHLA_11F1042_0210,batch_9,18:1w5c,0
RHLA_11F1042_0210,batch_9,18:1w6c,0
RHLA_11F1042_0210,batch_9,"18:2w7,12c",0
RHLA_11F1042_0210,batch_9,18:2w6t,0
RHLA_11F1042_0210,batch_9,18:2w6c,0.0208740582748432
RHLA_11F1042_0210,batch_9,18:2w3,0
RHLA_11F1042_0210,batch_9,18:2,0
RHLA_11F1042_0210,batch_9,18:3w6,0.00590301545169548
RHLA_11F1042_0210,batch_9,18:3w4,0
RHLA_11F1042_0210,batch_9,19:0,0.413279746284061
RHLA_11F1042_0210,batch_9,18:3w3,0.000538588469056912
RHLA_11F1042_0210,batch_9,18:3w1,0
RHLA_11F1042_0210,batch_9,18:4w3c,0
RHLA_11F1042_0210,batch_9,18:4w1,0
RHLA_11F1042_0210,batch_9,18:5w3,0
RHLA_11F1042_0210,batch_9,20:0,0.000302553681820815
RHLA_11F1042_0210,batch_9,20:1w11,0
RHLA_11F1042_0210,batch_9,20:1w9,0
RHLA_11F1042_0210,batch_9,20:1w7,0
RHLA_11F1042_0210,batch_9,20:1w5,0
RHLA_11F1042_0210,batch_9,20:2w6,0.0017573862795124
RHLA_11F1042_0210,batch_9,20:3n7,0
RHLA_11F1042_0210,batch_9,20:3w6,0.00225091356191514
RHLA_11F1042_0210,batch_9,20:4w6,0.0392075239307088
RHLA_11F1042_0210,batch_9,20:3w3,0
RHLA_11F1042_0210,batch_9,20:4,0
RHLA_11F1042_0210,batch_9,20:4w3,0
RHLA_11F1042_0210,batch_9,20:5w3,0.512244841030571
RHLA_11F1042_0210,batch_9,21:0,0
RHLA_11F1042_0210,batch_9,22:0,0.000791789422637453
RHLA_11F1042_0210,batch_9,22:1w9c,0
RHLA_11F1042_0210,batch_9,22:1w7c,0
RHLA_11F1042_0210,batch_9,22:2w6,0
RHLA_11F1042_0210,batch_9,21:5w3,0
RHLA_11F1042_0210,batch_9,23:0,0
RHLA_11F1042_0210,batch_9,22:4w6,0
RHLA_11F1042_0210,batch_9,22:5w6,0
RHLA_11F1042_0210,batch_9,22:3w6,0
RHLA_11F1042_0210,batch_9,22:6w4,0
RHLA_11F1042_0210,batch_9,22:5w3,0
RHLA_11F1042_0210,batch_9,22:6w3,0
RHLA_11F1042_0210,batch_9,24:0,0.00144195797293325
RHLA_11F1042_0210,batch_9,24:1,0
RHLA_11F1042_0210,batch_9,24:1w9,0
RHLA_11F1042_0210,batch_9,24:1w7,0
RHLA_11F1042_0210,batch_9,26:0,0
RHLA_11F1042_0210,batch_9,26:4w2,0
RHLA_11F1042_0210,batch_9,27:0,0
RHLA_11F1042_0210,batch_9,28:0,0
RHLA_11F1042_0210,batch_9,29:0,0
MYSM_12F1194_0207,batch_9,8:0,2.94738331309463E-05
MYSM_12F1194_0207,batch_9,9:0,0.000149334087863462
MYSM_12F1194_0207,batch_9,10:0,8.25267327666498E-05
MYSM_12F1194_0207,batch_9,11:0,0.000261334653761058
MYSM_12F1194_0207,batch_9,11:1,0.000125755021358704
MYSM_12F1194_0207,batch_9,12:0,0.000601266195871306
MYSM_12F1194_0207,batch_9,13:0,0
MYSM_12F1194_0207,batch_9,13:1,0
MYSM_12F1194_0207,batch_9,i-14:0,0
MYSM_12F1194_0207,batch_9,14:0,0.0160141160011475
MYSM_12F1194_0207,batch_9,14:1,0
MYSM_12F1194_0207,batch_9,14:1w5,0
MYSM_12F1194_0207,batch_9,i-15:0,0
MYSM_12F1194_0207,batch_9,a-15:0,0
MYSM_12F1194_0207,batch_9,15:0,0.00211818614101068
MYSM_12F1194_0207,batch_9,15:1w7,0
MYSM_12F1194_0207,batch_9,15:1w5,0
MYSM_12F1194_0207,batch_9,i-16:0,0
MYSM_12F1194_0207,batch_9,16:0,0.248242377084291
MYSM_12F1194_0207,batch_9,16:1w13,0
MYSM_12F1194_0207,batch_9,16:1w9,0
MYSM_12F1194_0207,batch_9,16:1w7t,0
MYSM_12F1194_0207,batch_9,16:1w8c,0
MYSM_12F1194_0207,batch_9,16:1w7c,0.00531118473019653
MYSM_12F1194_0207,batch_9,16:1w6c,0
MYSM_12F1194_0207,batch_9,16:1w5t,0
MYSM_12F1194_0207,batch_9,16:1w5c,0
MYSM_12F1194_0207,batch_9,16:2w6,0
MYSM_12F1194_0207,batch_9,14:4w3,0
MYSM_12F1194_0207,batch_9,i-17:0,0
MYSM_12F1194_0207,batch_9,a-17:0,0
MYSM_12F1194_0207,batch_9,16:2w5,0
MYSM_12F1194_0207,batch_9,16:2w4,0
MYSM_12F1194_0207,batch_9,17:0,0.000778109194656984
MYSM_12F1194_0207,batch_9,16:3w4,0
MYSM_12F1194_0207,batch_9,16:3w3,0
MYSM_12F1194_0207,batch_9,17:1w9c,0
MYSM_12F1194_0207,batch_9,17:1w7c,0
MYSM_12F1194_0207,batch_9,16:4w3,0
MYSM_12F1194_0207,batch_9,16:4w1,0
MYSM_12F1194_0207,batch_9,17:2,0
MYSM_12F1194_0207,batch_9,18:0,0.0113847592773802
MYSM_12F1194_0207,batch_9,18:1w9t,0
MYSM_12F1194_0207,batch_9,18:1w9c,0.0139430879931464
MYSM_12F1194_0207,batch_9,18:1w8c,0
MYSM_12F1194_0207,batch_9,18:1w7c,0.0642686756031329
MYSM_12F1194_0207,batch_9,18:1w5c,0
MYSM_12F1194_0207,batch_9,18:1w6c,0
MYSM_12F1194_0207,batch_9,"18:2w7,12c",0
MYSM_12F1194_0207,batch_9,18:2w6t,0
MYSM_12F1194_0207,batch_9,18:2w6c,0.0132180316981251
MYSM_12F1194_0207,batch_9,18:2w3,0
MYSM_12F1194_0207,batch_9,18:2,0
MYSM_12F1194_0207,batch_9,18:3w6,0.00434837284791895
MYSM_12F1194_0207,batch_9,18:3w4,0
MYSM_12F1194_0207,batch_9,19:0,0.3093770017645
MYSM_12F1194_0207,batch_9,18:3w3,0.00311833154525412
MYSM_12F1194_0207,batch_9,18:3w1,0
MYSM_12F1194_0207,batch_9,18:4w3c,0
MYSM_12F1194_0207,batch_9,18:4w1,0
MYSM_12F1194_0207,batch_9,18:5w3,0
MYSM_12F1194_0207,batch_9,20:0,0
MYSM_12F1194_0207,batch_9,20:1w11,0
MYSM_12F1194_0207,batch_9,20:1w9,0
MYSM_12F1194_0207,batch_9,20:1w7,0
MYSM_12F1194_0207,batch_9,20:1w5,0
MYSM_12F1194_0207,batch_9,20:2w6,0.00165249957754173
MYSM_12F1194_0207,batch_9,20:3n7,0
MYSM_12F1194_0207,batch_9,20:3w6,0.00405952928323568
MYSM_12F1194_0207,batch_9,20:4w6,0.177815635278999
MYSM_12F1194_0207,batch_9,20:3w3,0
MYSM_12F1194_0207,batch_9,20:4,0
MYSM_12F1194_0207,batch_9,20:4w3,0
MYSM_12F1194_0207,batch_9,20:5w3,0.431650180969336
MYSM_12F1194_0207,batch_9,21:0,0
MYSM_12F1194_0207,batch_9,22:0,0.000394949363954681
MYSM_12F1194_0207,batch_9,22:1w9c,0
MYSM_12F1194_0207,batch_9,22:1w7c,0
MYSM_12F1194_0207,batch_9,22:2w6,0
MYSM_12F1194_0207,batch_9,21:5w3,0
MYSM_12F1194_0207,batch_9,23:0,0
MYSM_12F1194_0207,batch_9,22:4w6,0
MYSM_12F1194_0207,batch_9,22:5w6,0
MYSM_12F1194_0207,batch_9,22:3w6,0
MYSM_12F1194_0207,batch_9,22:6w4,0
MYSM_12F1194_0207,batch_9,22:5w3,0
MYSM_12F1194_0207,batch_9,22:6w3,0
MYSM_12F1194_0207,batch_9,24:0,0.000432282885920546
MYSM_12F1194_0207,batch_9,24:1,0
MYSM_12F1194_0207,batch_9,24:1w9,0
MYSM_12F1194_0207,batch_9,24:1w7,0
MYSM_12F1194_0207,batch_9,26:0,0
MYSM_12F1194_0207,batch_9,26:4w2,0
MYSM_12F1194_0207,batch_9,27:0,0
MYSM_12F1194_0207,batch_9,28:0,0
MYSM_12F1194_0207,batch_9,29:0,0
DEAN_07F0570_0191,batch_9,8:0,8.69246396806522E-05
DEAN_07F0570_0191,batch_9,9:0,0.00117682589106114
DEAN_07F0570_0191,batch_9,10:0,5.79497597871015E-05
DEAN_07F0570_0191,batch_9,11:0,0.000121471611861424
DEAN_07F0570_0191,batch_9,11:1,0.000161590676329418
DEAN_07F0570_0191,batch_9,12:0,0.000281947869733398
DEAN_07F0570_0191,batch_9,13:0,0
DEAN_07F0570_0191,batch_9,13:1,0.000217311599201631
DEAN_07F0570_0191,batch_9,i-14:0,0
DEAN_07F0570_0191,batch_9,14:0,0.0995565728957829
DEAN_07F0570_0191,batch_9,14:1,0
DEAN_07F0570_0191,batch_9,14:1w5,0
DEAN_07F0570_0191,batch_9,i-15:0,0
DEAN_07F0570_0191,batch_9,a-15:0,0
DEAN_07F0570_0191,batch_9,15:0,0.00160253374180485
DEAN_07F0570_0191,batch_9,15:1w7,0
DEAN_07F0570_0191,batch_9,15:1w5,0
DEAN_07F0570_0191,batch_9,i-16:0,0
DEAN_07F0570_0191,batch_9,16:0,0.0951133865059527
DEAN_07F0570_0191,batch_9,16:1w13,0
DEAN_07F0570_0191,batch_9,16:1w9,0
DEAN_07F0570_0191,batch_9,16:1w7t,0
DEAN_07F0570_0191,batch_9,16:1w8c,0
DEAN_07F0570_0191,batch_9,16:1w7c,0.00547513788142365
DEAN_07F0570_0191,batch_9,16:1w6c,0
DEAN_07F0570_0191,batch_9,16:1w5t,0
DEAN_07F0570_0191,batch_9,16:1w5c,0
DEAN_07F0570_0191,batch_9,16:2w6,0
DEAN_07F0570_0191,batch_9,14:4w3,0
DEAN_07F0570_0191,batch_9,i-17:0,0
DEAN_07F0570_0191,batch_9,a-17:0,0
DEAN_07F0570_0191,batch_9,16:2w5,0
DEAN_07F0570_0191,batch_9,16:2w4,0
DEAN_07F0570_0191,batch_9,17:0,0.000563895739466795
DEAN_07F0570_0191,batch_9,16:3w4,0
DEAN_07F0570_0191,batch_9,16:3w3,0
DEAN_07F0570_0191,batch_9,17:1w9c,0
DEAN_07F0570_0191,batch_9,17:1w7c,0
DEAN_07F0570_0191,batch_9,16:4w3,0
DEAN_07F0570_0191,batch_9,16:4w1,0
DEAN_07F0570_0191,batch_9,17:2,0
DEAN_07F0570_0191,batch_9,18:0,0.0105401697705078
DEAN_07F0570_0191,batch_9,18:1w9t,0
DEAN_07F0570_0191,batch_9,18:1w9c,0.108340419177359
DEAN_07F0570_0191,batch_9,18:1w8c,0
DEAN_07F0570_0191,batch_9,18:1w7c,0
DEAN_07F0570_0191,batch_9,18:1w5c,0
DEAN_07F0570_0191,batch_9,18:1w6c,0
DEAN_07F0570_0191,batch_9,"18:2w7,12c",0
DEAN_07F0570_0191,batch_9,18:2w6t,0
DEAN_07F0570_0191,batch_9,18:2w6c,0.0642384231424595
DEAN_07F0570_0191,batch_9,18:2w3,0
DEAN_07F0570_0191,batch_9,18:2,0
DEAN_07F0570_0191,batch_9,18:3w6,0.0101022033167322
DEAN_07F0570_0191,batch_9,18:3w4,0
DEAN_07F0570_0191,batch_9,19:0,0.21076661960106
DEAN_07F0570_0191,batch_9,18:3w3,0.0675348729395796
DEAN_07F0570_0191,batch_9,18:3w1,0
DEAN_07F0570_0191,batch_9,18:4w3c,0
DEAN_07F0570_0191,batch_9,18:4w1,0
DEAN_07F0570_0191,batch_9,18:5w3,0
DEAN_07F0570_0191,batch_9,20:0,0.00539155649711533
DEAN_07F0570_0191,batch_9,20:1w11,0
DEAN_07F0570_0191,batch_9,20:1w9,0
DEAN_07F0570_0191,batch_9,20:1w7,0
DEAN_07F0570_0191,batch_9,20:1w5,0
DEAN_07F0570_0191,batch_9,20:2w6,0
DEAN_07F0570_0191,batch_9,20:3n7,0
DEAN_07F0570_0191,batch_9,20:3w6,0.00824669658508752
DEAN_07F0570_0191,batch_9,20:4w6,0.281463097704409
DEAN_07F0570_0191,batch_9,20:3w3,0.000437966453775594
DEAN_07F0570_0191,batch_9,20:4,0
DEAN_07F0570_0191,batch_9,20:4w3,0
DEAN_07F0570_0191,batch_9,20:5w3,0.239163116315198
DEAN_07F0570_0191,batch_9,21:0,0
DEAN_07F0570_0191,batch_9,22:0,0
DEAN_07F0570_0191,batch_9,22:1w9c,0
DEAN_07F0570_0191,batch_9,22:1w7c,0
DEAN_07F0570_0191,batch_9,22:2w6,0
DEAN_07F0570_0191,batch_9,21:5w3,0
DEAN_07F0570_0191,batch_9,23:0,0
DEAN_07F0570_0191,batch_9,22:4w6,0
DEAN_07F0570_0191,batch_9,22:5w6,0
DEAN_07F0570_0191,batch_9,22:3w6,0
DEAN_07F0570_0191,batch_9,22:6w4,0
DEAN_07F0570_0191,batch_9,22:5w3,0
DEAN_07F0570_0191,batch_9,22:6w3,0
DEAN_07F0570_0191,batch_9,24:0,0.000125929285691201
DEAN_07F0570_0191,batch_9,24:1,0
DEAN_07F0570_0191,batch_9,24:1w9,0
DEAN_07F0570_0191,batch_9,24:1w7,0
DEAN_07F0570_0191,batch_9,26:0,0
DEAN_07F0570_0191,batch_9,26:4w2,0
DEAN_07F0570_0191,batch_9,27:0,0
DEAN_07F0570_0191,batch_9,28:0,0
DEAN_07F0570_0191,batch_9,29:0,0
