ProjID,sample,SI-ID,LinkedTo,Comments,siteName,revisedSpecies,phylum,Date,Transect,Depth.m,Replicate,Tissue,VialAmount,batch,targetFA,type,Latitude (dec),Longitude (dec),Ice cover (NIC-Midpoint-Annual),CN ratio,d15N,d13C,8:0,9:0,10:0,11:0,11:1,12:0,13:0,13:1,14:0,14:1,15:0,16:0,16:1w7c,17:0,17:1w7c,18:0,18:1w9c,18:1w7c,18:2w6c,18:3w6,19:0,18:3w3,20:0,20:1w9,20:2w6,20:3w6,20:4w6,20:3w3,20:5w3,22:0,22:1w9c,22:2w6,23:0,22:4w6,22:5w6,22:3w6,22:5w3,22:6w3,24:0,24:1w9
15F1491,ADUT_15F1491_0225,n/a,NA,NA,F,Adenocystis utricularis,Ochrophyta,2019.05.18,T3,5m,1,thallus,0.5ml,batch_11,standards,bside,NA,NA,NA,NA,NA,NA,2.8035870118895e-4,0.00695763424640766,6.5548654080798e-4,1.7374342045512e-4,0.00120435780088214,0.00117671680217337,1.6979470635387e-4,2.092818473664e-4,0.115906605014077,0,0.0043791239382895,0.202924417663388,0.00538209732000774,0.00117276808807212,0,0.04046642210964,0.0648023471156618,0.00150051135847611,0.168681168977322,0.0022981516069292,0.737481589120503,0.0880602731720415,0,0,0.00108984509194581,0,0.109418867745719,0,0.180894541692498,0.00219548504029663,0,0,0,0,0,0,0,0,0,0
XXF0832,ASMI_XXF0832_0226,n/a,NA,From Lemeire Channel. 3 reps taken from different parts of the same individual.,XX,Ascoseira mirabilis,Ochrophyta,2019.05.09,NA,5-15m,1,blade,~1ml,batch_14,standards,bside,NA,NA,NA,NA,NA,NA,1.97899005211176e-5,6.2189762387611e-4,6.53066717196879e-5,3.76008109901234e-5,6.97593993369394e-5,2.7062688962628e-4,0,0,0.0966568426302163,0,0.00277602829559977,0.110466235213852,0.00918399808433763,0.00130464919185467,0,0.00888121260636453,0.283425513040802,0,0.057817678614984,0.00556244628897312,0.129676291649701,0.0768807950394635,0,2.2511011842771e-4,0.00143229405021588,0.00717334419139209,0.120358711736846,0,0.216620745851666,0,0,0,0,0,0,0,1.4941374893443e-4,0,0,0
XXF0833,ASMI_XXF0833_0237,n/a,NA,From Lemeire Channel. 3 reps taken from different parts of the same individual.,XX,Ascoseira mirabilis,Ochrophyta,2019.05.09,NA,5-15m,2,blade,~1ml,batch_15,standards,bside,NA,NA,NA,NA,NA,NA,2.79289056532584e-5,6.6080844696577e-4,4.95342854982319e-5,1.76531762147954e-5,4.00489967858045e-5,2.8034297750063e-4,6.03369754207187e-5,0,0.0948747559843609,0,0.00280026801210217,0.102160511636473,0.00596018655455056,0.00138695999395049,0,0.00576415725449372,0.288879210381332,0,0.0659643864296082,0.00737876417754247,0.0886985156313606,0.0851631377440453,0,2.819238589527e-4,0.00152634104197477,0.00954562568784811,0.11837192396698,0,0.206096880104106,0.00264297030762109,0,6.53431000189442e-5,0,0,0,0,0,0,0,0
XXF0834,ASMI_XXF0834_0249,n/a,NA,From Lemeire Channel. 3 reps taken from different parts of the same individual.,XX,Ascoseira mirabilis,Ochrophyta,2019.05.09,NA,5-15m,3,blade,~1ml,batch_11,standards,bside,NA,NA,NA,NA,NA,NA,1.44811979197979e-5,1.8957204549553e-4,4.69541871944961e-5,3.11565167365348e-5,2.67682749426567e-5,4.9148308091435e-4,8.20601215455212e-5,0,0.104585405497677,0,0.00373044434897581,0.106793568768357,0.00639674006293616,0.00151438224306735,0,0.00621199508341389,0.302145806354788,0,0.0677724450888334,0.00747844166512713,0.0860248980062901,0.0686005063153382,0,0,0.0013467514065412,0.0102768234570832,0.121224740731704,0.00194179699379108,0.187065042958693,0.00191634519138658,0,0,1.71141429961247e-5,0,0,0,9.9174264541646e-5,0,0,0
14F1383,ASCR_14F1383_0251,n/a,NA,NA,B,Austropugetia crassa,Rhodophyta,2019.05.17,T2,25m,1,blade,1ml,batch_11,standards,bside,NA,NA,NA,NA,NA,NA,3.37801845437466e-5,0.00225807541296276,1.3512073817498e-4,7.3277015702588e-4,1.5590854404806e-4,0.00105498114805855,4.0796069025909e-4,8.1332290478405e-4,0.0506936630972272,0,0.00519175451680044,0.232033489155262,0.0342453117001567,9.7442840030038e-4,0,0.00774605616345452,0.0135484524777765,0.00204759887849787,0.00111994304141191,0,0.410712476061542,0,0,0,0,0,0.472696516223583,0,0.174110866565673,0,0,0,0,0,0,0,0,0,0,0
14F1382,ASCR_14F1382_0263,n/a,NA,NA,B,Austropugetia crassa,Rhodophyta,2019.05.17,T3,20m,2,thallus,1ml,batch_15,standards,bside,NA,NA,NA,NA,NA,NA,3.8733778437049e-5,0.00410578051432719,1.2480884163049e-4,5.2505788547999e-4,2.7400561783245e-4,7.5889514048884e-4,3.6581901857212e-4,0,0.0350282469665713,0,0.00474990890389145,0.218508720838486,0.0404940134793549,0.00132842514195212,0,0.00903931621969799,0.0223034834578074,0.00276731328166917,0.00218774118949999,0,0.484266913032625,9.5256403267409e-4,0,8.377972817495e-4,0,5.451420668918e-4,0.464247287918217,0,0.189927496105103,5.1358121038753e-4,0,0,0,3.7586110927803e-4,0,0,0,0,0,0
12F1116,BACA_12F1116_0264,12-S-045,12S045,bryozoan epibionts,A,Ballia callitricha,Rhodophyta,2019.05.15,T1,10m,1,thallus,~0.5ml,batch_14,standards,bside,-64.77195,-64.36985,37.26531,9.360944965,2.326,-33.233,3.49898897634315e-5,0.00361316651136066,8.10292183995256e-5,5.15640480724254e-5,1.6758315623538e-4,7.4767869705016e-4,3.4069103190709e-4,0,0.0466175826037634,0,0.00483965422622621,0.256781593108097,0.0387153922366642,0.00275499342558387,0,0.0332661772992962,0.0242848250689669,0.0135484536310298,0.00635158577863554,0.00149351582095489,0.479501449318065,0.00464813061910006,0,0.00701639368414074,0.00217489788476909,0.00144563491917335,0.0878264648793585,0,0.429508263138704,0,0,0,0,0,0,0,0.00361500808450611,0.0300747310382421,0,0
08F0575,BEDI_08F0575_0176,08-S-008,see comments,"SI on different material, associated with 08S008-10",G,Benthic diatoms,Ochrophyta,2019.05.05,Algae collection,5-10m,1,fuzzball,0.25ml,batch_8,standards,core,-65.513117,-64.420267,73.95918,6.486862887,0.819,-22.972,2.0453635524918e-4,0.00339443312966735,8.70367469145473e-5,3.48146987658189e-5,3.0462861420091e-4,5.2222048148728e-4,6.96293975316378e-5,0,0.113413233067001,0,0.00390794993646317,0.307827214650025,0.308092676728115,4.5259108395564e-4,0,0.00714571692168433,0.00350758090065626,0.0032290633105297,0.0022586035824325,5.9620171636464e-4,0.88114697025084,0,0,0,0,0,0.0249229724789806,0,0.138810555816666,0,0,0,0,0,0.00862098978188591,0.00687590300624924,0,0.0657214475951747,0,0
08F0575,BEDI_08F0575_0176,08-S-009,see comments,"SI on different material, associated with 08S008-10",G,Benthic diatoms,Ochrophyta,2019.05.05,Algae collection,5-10m,1,fuzzball,0.25ml,batch_8,standards,core,-65.513117,-64.420267,73.95918,6.315669236,-0.168,-22.648,2.0453635524918e-4,0.00339443312966735,8.70367469145473e-5,3.48146987658189e-5,3.0462861420091e-4,5.2222048148728e-4,6.96293975316378e-5,0,0.113413233067001,0,0.00390794993646317,0.307827214650025,0.308092676728115,4.5259108395564e-4,0,0.00714571692168433,0.00350758090065626,0.0032290633105297,0.0022586035824325,5.9620171636464e-4,0.88114697025084,0,0,0,0,0,0.0249229724789806,0,0.138810555816666,0,0,0,0,0,0.00862098978188591,0.00687590300624924,0,0.0657214475951747,0,0
09F0816,BEDI_09F0816_0177,09-S-076,NA,NA,E,Benthic diatoms,Ochrophyta,2019.05.08,NA,5-20m,1,bulk,1ml,batch_7,standards,core,-65.10425,-64.04705,53.5102,7.108572214,3.14,-22.473,5.25699837909217e-5,5.8327648682308e-4,1.9901493863706e-4,3.00399907376695e-5,1.764849455838e-4,0.00289009744221995,0,0,0.0812293866209391,0,0.00294391909229161,0.246619562292302,0.289233792486247,3.9928154355485e-4,0,0.010567818408256,0.051196905880954,0.0155068935520412,0.00378754216550783,0.00153954952530556,0.3913972976525,0,0,0.00506048677301658,0,9.1121305237597e-4,0.0203458353933674,0,0.179590329626315,0,0,0,0,0,0.0180127294460751,0,9.0996138609523e-4,0.0682133089675631,0,0
13F1227,BEDI_13F1227_0178,13-S-005,see comments,"associated with: 13S005, 13S006",I,Benthic diatoms,Ochrophyta,2019.05.16,T1,20m,1,whole clumps,~0.25ml,batch_7,standards,core,-66.02505,-65.353333,76.77551,5.058115019,-0.151,-21.991,1.6819543289936e-4,0.00182636454915979,1.3081867003284e-4,2.71831002665643e-5,1.9537853316593e-4,6.3540496873094e-4,0,7.9000885149702e-4,0.0812451898654606,0,0.00312605653065489,0.212770620505232,0.328568928697029,8.4777293956347e-4,0,0.0151579762861429,0.00384131185641886,0.0100339618858955,0.00308698082402171,0.00260108290675687,0.424798802584433,0,0,0,0,3.1260565306548e-4,0.0292914894809897,0,0.230038684949567,0,0,0,0,0,0.016552809118571,0,0.00560311654244556,0.0531480578524331,0,0
08-S-010,NA,08-S-010,NA,NA,NA,Benthic diatoms,Ochrophyta,NA,NA,NA,NA,NA,NA,NA,NA,NA,-65.513117,-64.420267,73.95918,5.357302752,3.723,-20.611,NA,NA,NA,NA,NA,NA,NA,NA,NA,NA,NA,NA,NA,NA,NA,NA,NA,NA,NA,NA,NA,NA,NA,NA,NA,NA,NA,NA,NA,NA,NA,NA,NA,NA,NA,NA,NA,NA,NA,NA
09-S-077,NA,09-S-077,NA,NA,NA,Benthic diatoms,Ochrophyta,NA,NA,NA,NA,NA,NA,NA,NA,NA,-65.10425,-64.04705,53.5102,7.005264656,2.349,-20.732,NA,NA,NA,NA,NA,NA,NA,NA,NA,NA,NA,NA,NA,NA,NA,NA,NA,NA,NA,NA,NA,NA,NA,NA,NA,NA,NA,NA,NA,NA,NA,NA,NA,NA,NA,NA,NA,NA,NA,NA
09-S-078,NA,09-S-078,NA,NA,NA,Benthic diatoms,Ochrophyta,NA,NA,NA,NA,NA,NA,NA,NA,NA,-65.10425,-64.04705,53.5102,7.656251128,1.394,-20.878,NA,NA,NA,NA,NA,NA,NA,NA,NA,NA,NA,NA,NA,NA,NA,NA,NA,NA,NA,NA,NA,NA,NA,NA,NA,NA,NA,NA,NA,NA,NA,NA,NA,NA,NA,NA,NA,NA,NA,NA
13-S-006,NA,13-S-006,NA,NA,NA,Benthic diatoms,Ochrophyta,NA,NA,NA,NA,NA,NA,NA,NA,NA,-66.02505,-65.353333,76.77551,7.158204297,-0.051,-23.24,NA,NA,NA,NA,NA,NA,NA,NA,NA,NA,NA,NA,NA,NA,NA,NA,NA,NA,NA,NA,NA,NA,NA,NA,NA,NA,NA,NA,NA,NA,NA,NA,NA,NA,NA,NA,NA,NA,NA,NA
14F1346,CAAT_14F1346_0188,14-S-092,NA,NA,B,Phyllophora antarctica,Rhodophyta,2019.05.17,T2,30m,1,thallus,0.5ml,batch_9,standards,bside,-64.77926667,-64.04408333,41.06122,6.479812376,1.571,-37.898,2.0687298552812e-4,0.00107684777288302,1.2190729504336e-4,6.64948882054692e-5,1.6439014028574e-4,8.3672734325215e-4,0,2.3827334940293e-4,0.0195790504160548,0,0.00341155718098616,0.282693781804413,0.0178077004774702,0.00190803387545138,0,0.0110030569177772,0.0259644067640078,0.00344849878554475,0.018997220144257,8.7921018849453e-4,0.332651760729227,0.00105652989037579,1.9024926347675e-4,0,4.4329925470312e-4,4.9871166154101e-4,0.385932636984087,0,0.221758605085012,0,0,0,0,4.8024085926172e-4,0,0,0,0.00123569667248497,0,0
14F1385,CAAT_14F1385_0200,14-S-099,14S092,NA,B,Phyllophora antarctica,Rhodophyta,2019.05.17,T3,20m,3,thallus,1ml,batch_6,standards,bside,-64.77926667,-64.04408333,41.06122,7.48486563,2.548,-35.316,1.2155210806084e-4,2.3391119954566e-4,8.99e-5,5.72009920286332e-5,2.6149024927375e-4,6.8436901177114e-4,0,0,0.0154360962774412,0,0.00434318960903122,0.234760021409514,0.00583552263320681,0.00216648757308448,0,0.00869148644949357,0.0214513934570237,0.00267312493105238,0.0173809300064147,0.00102757496394295,0.285844593076229,0,0,0,3.5035607617537e-4,6.5372562318437e-4,0.585326515519855,0,0.0971957213657963,0,4.9029421738828e-4,0,0,3.7997801847592e-4,0,0,0,3.8917103505195e-4,0,0
14F1394,CAAT_14F1394_0212,14-S-101,14S099,NA,B,Phyllophora antarctica,Rhodophyta,2019.05.17,Bulk collections,5-35m,4,blade,1ml,batch_8,standards,bside,-64.77926667,-64.04408333,41.06122,6.758745001,1.79,-35.185,1.57923764125066e-5,6.68139002067586e-5,4.37327346807875e-5,4.13031383096326e-5,9.35394602894621e-5,6.6813900206758e-4,2.6968519719818e-4,0,0.0197611220847881,0,0.00432103714609892,0.249340971984324,0.0084343438024641,0.0024113743983712,0,0.00922760701764616,0.0187698467653569,0.00229961296529807,0.0145860818142282,9.6454975934847e-4,0.260395635473079,0.00100342330128696,0,3.5472107018861e-4,4.7012689781846e-4,9.6212016297732e-4,0.532567524557145,0,0.133326530463494,0,0,0,0,0,0,0,0,0,0,0
12F1200,CORA_12F1200_0254,n/a,NA,NA,A,Curdiea racovitzae,Rhodophyta,2019.05.15,T3,5m,1,blade,1ml,batch_15,standards,bside,NA,NA,NA,NA,NA,NA,0,2.7990831597489e-4,7.86890848122197e-5,7.08201763309978e-5,0,0.0114200344658191,0.00044065887494842997,0,0.0173104745289053,0,0.00235505189545143,0.231791064742007,0.00262259478381298,0.0010139650642946,0,0.00668070330055746,0.0120405541060527,0.0132883381652179,0.00796221125321361,0.00380855170491144,0.337615518386829,2.6079810966335e-4,0,9.2853120078419e-4,0.00574430319129204,0.019673395332838,0.252840394929275,0,0.408509887283507,8.7906949033079e-4,0,0,0,0,0,0,0,0,0,0
12F1201,CORA_12F1201_0270,n/a,NA,NA,A,Curdiea racovitzae,Rhodophyta,2019.05.15,T3,5m,2,blade,1ml,batch_14,standards,bside,NA,NA,NA,NA,NA,NA,2.73599890560044e-5,0.00220095911961635,1.7023993190402e-4,6.53599738560104e-5,8.81599647360141e-5,0.0118575152569939,3.2983986806405e-4,0,0.0206795917281633,0,0.00241679903328039,0.224972070011172,0.0031175187529925,9.8495960601615e-4,0,0.00966111613555355,0.0169479932208027,0.0168750332499867,0.0115945553621779,0.00711055715577714,0.381089687564125,0,0,0.00107159957136017,0.00720023711990515,0.0223971910411236,0.184845606061758,0,0.454710858115657,0,0,0,0,0,0,0,6.748797300481e-4,0,0,0
12F1101,CYOB_12F1101_0238,12-S-033,12S033,NA,A,Meridionella antarctica,Rhodophyta,2019.05.15,T1,25m,1,thallus,1ml,batch_11,standards,bside,-64.77195,-64.36985,37.26531,23.77853359,2.66,-27.391,7.22432219544821e-5,0.00298760679179503,1.2118217876235e-4,4.66085302932143e-5,1.8410369465819e-4,8.3895354527785e-4,7.69040749838035e-5,0,0.0108225007340844,0,0.00995791249714523,0.3816562807325,0.028044352677427,0.0023374177942047,0,0.0372681808224541,0.0590809729996784,0.031444444962317,0.00462356620508685,0.017336042842561,0.399178757696234,0,0,0.0012397869057995,0,0.00366809133407596,0.116793985635251,0,0.291032984856888,0,0,0,0,0,0,0,0,3.6587696280173e-4,0,0
12F1193,CYOB_12F1193_0250,NA,NA,NA,A,Meridionella antarctica,Rhodophyta,2019.05.15,T3,25m,3,thallus,1ml,batch_15,standards,bside,NA,NA,NA,NA,NA,NA,0,5.20544894828242e-5,3.90408671121181e-5,4.04868251533077e-5,1.1423068525397e-4,3.3401630751478e-4,9.10953565949423e-5,0,0.00659935249998916,0,0.00837643493261113,0.407638707139996,0.0332686026116894,0.00197807060034732,0,0.00959103968721036,0.0552731920825122,0.0268326433703547,0.00453018654304689,0.0144581344538544,0.444740544518879,1.792987971075e-4,0,0,5.8272109059939e-4,0.00522569236085907,0.117030060021718,0,0.307764939276992,0,0,0,0,0,0,0,0,0,0,0
12F1164,CYOB_12F1164_0265,NA,NA,NA,A,Meridionella antarctica,Rhodophyta,2019.05.15,T2,25m,2,thallus,1ml,batch_15,standards,bside,NA,NA,NA,NA,NA,NA,6.34589146794892e-5,0.00673241394826945,8.65348836538489e-5,6.05744185576942e-5,2.264329455609e-4,5.0767131743591e-4,0,0,0.00883809611717977,0,0.00768141317233999,0.402058376432513,0.0435328154701296,0.00168743023125005,0,0.0133032961137184,0.0529305038349376,0.026420542227581,0.00507527092629824,0.0185891352569076,0.492487329850785,0.00321909767192318,0,0,0,0.00746796045932716,0.11931862432611,0,0.280445135441515,0,0,0,0,0,0,0,4.9901782907052e-4,0.00125619806104171,0,0
14-S-005,NA,14-S-005,NA,NA,NA,Meridionella antarctica,Rhodophyta,NA,NA,NA,NA,NA,NA,NA,NA,NA,-64.77926667,-64.04408333,41.06122,7.77498898,0.279,-35.357,NA,NA,NA,NA,NA,NA,NA,NA,NA,NA,NA,NA,NA,NA,NA,NA,NA,NA,NA,NA,NA,NA,NA,NA,NA,NA,NA,NA,NA,NA,NA,NA,NA,NA,NA,NA,NA,NA,NA,NA
14-S-013,NA,14-S-013,NA,NA,NA,Meridionella antarctica,Rhodophyta,NA,NA,NA,NA,NA,NA,NA,NA,NA,-64.77926667,-64.04408333,41.06122,7.537397939,1.669,-35.175,NA,NA,NA,NA,NA,NA,NA,NA,NA,NA,NA,NA,NA,NA,NA,NA,NA,NA,NA,NA,NA,NA,NA,NA,NA,NA,NA,NA,NA,NA,NA,NA,NA,NA,NA,NA,NA,NA,NA,NA
14-S-019,NA,14-S-019,NA,NA,NA,Meridionella antarctica,Rhodophyta,NA,NA,NA,NA,NA,NA,NA,NA,NA,-64.77926667,-64.04408333,41.06122,6.790697252,0.967,-35.92,NA,NA,NA,NA,NA,NA,NA,NA,NA,NA,NA,NA,NA,NA,NA,NA,NA,NA,NA,NA,NA,NA,NA,NA,NA,NA,NA,NA,NA,NA,NA,NA,NA,NA,NA,NA,NA,NA,NA,NA
12F1097,CYJA_12F1097_0224,12-S-076,nd,NA,A,Cystosphaera jacquinotii,Ochrophyta,2019.05.15,T1,30m,1,blade,~0.8ml,batch_10,standards,bside,-64.77195,-64.36985,37.26531,20.99471491,1.68,-28.246,5.28838707971488e-5,0.00152859569399378,1.6620645107675e-4,8.31032255383767e-5,2.8330645069901e-4,4.2433010615807e-4,8.18440857574922e-5,0,0.0372252084820692,0,0.00313148063505974,0.187427992943781,0.00426470643785579,0.00228533870230536,0,0.0225940042281914,0.0896003868077407,0,0.0824572868307829,0.0057253085836818,0.294915719478766,0.117086149084668,0,0,0,0.00210779999320064,0.270390194826698,0.001242770963733,0.167415225266402,0,0,0,0,0,0,0,0.00346263439743236,0,9.6324193237663e-4,0
14F1349,CYJA_14F1349_0189,14-S-067,NA,NA,B,Cystosphaera jacquinotii,Ochrophyta,2019.05.17,T2,25m,2,blade,1ml,batch_15,standards,bside,-64.77926667,-64.04408333,41.06122,20.97229763,0.561,-29.269,7.78694907335306e-5,8.4948535345669e-4,5.48625957440784e-5,2.83161784485566e-5,6.28265209327349e-5,1.1857399725333e-4,0,0,0.0296886282227351,0,0.0020653112655916,0.198468094745933,0,0.00190160835893588,0,0.00931159830669253,0.0949229092041738,0,0.0662669366142345,0.00402886126488369,0.280661996856904,0.123870892384364,0,0,0.00104946836374963,0.00337581939941385,0.291997317042092,0,0.1636922880888,0.00417398167943254,0,0,0,0,0,0,0.00399435092239951,0,0,0
14F1347,CYJA_14F1347_0201,14-S-068,14S067,NA,B,Cystosphaera jacquinotii,Ochrophyta,2019.05.17,T2,30m,1,blade,1ml,batch_7,standards,bside,-64.77926667,-64.04408333,41.06122,22.81787162,1.846,-26.827,6.29577553461627e-5,3.5571131770581e-4,6.40070512685988e-5,2.93802858282093e-5,9.54859289416801e-5,2.0566200079746e-4,0,0,0.0289930956328304,0,0.00205032423244003,0.19557197120732,0,0.00180478898659,0,0.00855176176785377,0.0860118360580051,0,0.0593943463935699,0.00441648653753332,0.288099934943653,0.148427105412268,0,0,7.1771841094625e-4,0.00138716920946045,0.249548802753352,0,0.204862437304569,0.0033535497681056,0,0,0,0,0,0,0.00324547228809469,0,8.4992969717319e-4,0
14F1354,CYJA_14F1354_0213,14-S-074,14S074,NA,B,Cystosphaera jacquinotii,Ochrophyta,2019.05.17,T2,20m,3,blade,1ml,batch_10,standards,bside,-64.77926667,-64.04408333,41.06122,23.81511915,0.932,-28.777,9.60296014285315e-5,0.0026268350466716,2.0178371945742e-4,9.23829077033974e-5,3.6588493708845e-4,4.3395655329095e-4,8.75206494032186e-5,0,0.0399361585485187,0,0.00273988255215076,0.194604595077207,0.00230106374055962,0.00188412509131929,0,0.0228659852211659,0.0842519962609234,6.3695583732342e-4,0.0708248699649796,0.00656404870524139,0.293885831743983,0.111455115885849,0,0,0,0.00156321604350749,0.246828895914852,0,0.206946222207635,0,0,0,0,0,0,0,0.00208347768162662,0,6.0899785209739e-4,0
15F1405,DEPU_15F1405_0239,15-S-017,15S017,NA,F,Delisea pulchra,Rhodophyta,2019.05.18,T1,15m,1,thallus,0.5ml,batch_15,standards,bside,-65.240183,-64.230867,62.85714,7.456400689,2.203,-34.887,1.3555112463707e-4,0.00523948822891524,1.2352642809668e-4,1.2243327386574e-4,1.5741420925595e-4,0.0131025466120964,0.00114015986287473,0,0.0537449277643684,0,0.00569642669744989,0.264517088186938,0.0237892223738063,0.0014812239829293,0,0.0163284447476126,0.0417322559205233,0.0146034473711827,0.0287313726519047,0.00248583272116696,0.310696295518942,0,0,0,0.00184852380452653,0.0073809773673348,0.113643220694721,0,0.403295204113758,0,0,0,0,0,0,0,0,7.0071186203519e-4,0,0
08F0624,DEAP_08F0624_0190,08-S-036,08S036,NA,G,Desmarestia anceps,Ochrophyta,2019.05.05,T1,15m,1,thallus,1ml,batch_15,standards,bside,-65.513117,-64.420267,73.95918,12.68468762,5.96,-29.585,4.12692423511314e-5,3.3332849591298e-4,4.30832749819504e-5,2.35824242006465e-5,0,1.4920418388486e-4,9.11551396986529e-5,0,0.048590224540959,0,0.00113513091873497,0.122825428383806,0.0364729400752461,8.711891709508e-4,0,0.0113726240707618,0.0886785316494273,6.7890171208399e-4,0.0556304851811674,0.00738401982374859,0.185711137071934,0.113587920719518,0,0,0.0021813742385598,0.00417771714877607,0.235802927123053,0,0.268694966785063,2.7029086199202e-4,0,0,0,0,0,0,5.80490441862068e-5,9.0565579093636e-4,0,0
08F0688,DEAP_08F0688_0202,08-S-080,08S080,NA,G,Desmarestia menziesii,Ochrophyta,2019.05.05,amphipod bag,5-30m,2,thallus,1ml,batch_7,standards,bside,-65.513117,-64.420267,73.95918,15.64272226,5.735,-29.825,3.71672569282757e-5,3.0588225242121e-4,3.11863190317716e-5,2.77686402337692e-5,2.00788629382639e-5,1.580676444076e-4,0,0,0.0486536481585119,0,0.00138415991319096,0.124560721471994,0,0.00110006536310701,0,0.0106430789868291,0.101151330545077,0,0.0731831833114744,0.00919483759617562,0.116257470832247,0.122319578600204,0,0,0.00221508307095528,0.00539822366144474,0.285475719528189,0.00169645031335842,0.211359082695011,1.7131114974986e-4,0,0,0,0,0,0,0,5.6135374257188e-4,3.5202091619424e-4,0
08F0689,DEAP_08F0689_0214,08-S-086,08S086,NA,G,Desmarestia menziesii,Ochrophyta,2019.05.05,amphipod bag,5-30m,3,thallus,1ml,batch_10,standards,bside,-65.513117,-64.420267,73.95918,12.03489189,6.363,-28.708,5.96908729073872e-6,7.99857696958989e-5,5.6109420532944e-5,5.1334150700353e-5,7.34197736760863e-5,4.1246393179004e-4,6.02877816364611e-5,0,0.0620498562046872,0,0.00245210105903547,0.130709879675138,0.0102310156163262,0.00141347987044693,0,0.0181913904272553,0.107394624717513,0.00172745386193979,0.0627798755803445,0.00812034635032096,0.156049849041782,0.116462265220874,0,0,0.00213096416279372,0.00605563905645443,0.259346695334203,0.00246523305107509,0.207151205337797,0,0,0,0,0,0,0,0,0,5.7840455847258e-4,0
09F0728,DEAP_09F0728_0269,09-S-024,09S024,NA,E,Desmarestia menziesii,Ochrophyta,2019.05.07,T1,10m,1,thallus,0.5ml,batch_15,standards,bside,-65.10425,-64.04705,53.5102,14.62460238,5.382,-23.764,4.13774982957643e-5,0.00147821112661618,6.20662474436464e-5,4.86185604975231e-5,0,2.0119808546315e-4,3.20675611792173e-5,0,0.0632827458935419,0,0.00153458796804416,0.145417597229363,0.0781698525616292,9.4909636715909e-4,0,0.0165318622253439,0.100831791159491,0.00205232391546991,0.0517404927439385,0.00485823551865143,0.179904190402696,0.0806928455202134,0,0,0.00169182246156806,0.0053195946246492,0.206771634483593,0,0.235818121068491,4.0136173346891e-4,0,0,0,0,0,0,8.22377778628315e-5,0.00199025766802626,0,0
12F1092,DEAP_12F1092_0240,12-S-020,12S020,NA,A,Desmarestia anceps,Ochrophyta,2019.05.15,T1,30m,1,thallus,1ml,batch_11,standards,bside,-64.77195,-64.36985,37.26531,12.08164597,0.495,-31.643,3.70184135758862e-5,0.00171518649568273,8.79187322427297e-5,5.2751239345637e-4,1.2493714581861e-4,4.5656043410259e-4,7.86641288487582e-5,0,0.0381428478882537,0,0.0030000339335457802,0.155796620835814,0.0829752315964499,0.00149307601422741,0,0.0236069508241224,0.0737345101075693,0.00496355228696674,0.0164809062107643,0.00372035056437656,0.269893541212291,0.0847428608446985,0,0,5.8766731551719e-4,0.00173215326857168,0.239654124622489,0,0.191840216187535,0,0,0,0,0,0,0,0.07450109975537,0,0,0
12F1144,DEAP_12F1144_0266,12-S-062,12S062,NA,A,Desmarestia menziesii,Ochrophyta,2019.05.15,nd,5m,3,thallus,1ml,batch_14,standards,bside,-64.77195,-64.36985,37.26531,11.55051689,1.704,-27.104,2.93123261662475e-5,0.00116050164049098,3.86389754009626e-5,4.46346784804224e-5,2.93123261662475e-5,1.9585963392901e-4,0,0,0.0620435354662492,0,0.00159152607298103,0.138860483320287,0.0460223506487018,0.00102260046966341,0,0.0123891211298569,0.108994553903036,0.00285195609812967,0.0455440267808071,0.00661126192895092,0.189057175690755,0.0814569558483087,0,0,0.00205852472394784,0.00378328864313908,0.201828023250004,0,0.281358359842113,0,0,0,0,0,0,0,9.573139250204e-4,0.00112785836816948,0,0
14F1390,DEAP_14F1390_0252,14-S-040,NA,NA,B,Desmarestia anceps,Ochrophyta,2019.05.17,T3,10m,5,thallus,1ml,batch_15,standards,bside,-64.77926667,-64.04408333,41.06122,12.62320357,1.357,-33.389,0,0.00230817721003182,4.37569139342525e-5,2.502348515615e-4,1.025552670334e-4,1.4631218096765e-4,4.78591246155887e-5,0,0.0360556970818241,0,0.00184599480660128,0.136197496831042,0.113741995561408,0.00112127091956522,0,0.0159275166720679,0.0646945972517923,0.00245722419812037,0.0137765908714873,0.00335424093377254,0.363480479630473,0.0751087427681444,0,0,5.8661612743107e-4,0.00268284578559386,0.235242638924783,0,0.188883556015003,3.4458569723223e-4,0,0,0,0.0362936253013416,0,0,0.0687858687046449,0,0,0
07F0570,DEAN_07F0570_0191,07-S-084,07S084,NA,J,Desmarestia antarctica,Ochrophyta,2019.05.04,Bulk collection,5-10m,1,thallus,1ml,batch_9,standards,bside,-66.089417,-65.83855,58.36735,13.23244912,3.583,-23.907,8.69246396806522e-5,0.00117682589106114,5.79497597871015e-5,1.2147161186142e-4,1.6159067632941e-4,2.8194786973339e-4,0,2.1731159920163e-4,0.0995565728957829,0,0.00160253374180485,0.0951133865059527,0.00547513788142365,5.6389573946679e-4,0,0.0105401697705078,0.108340419177359,0,0.0642384231424595,0.0101022033167322,0.21076661960106,0.0675348729395796,0.00539155649711533,0,0,0.00824669658508752,0.281463097704409,4.3796645377559e-4,0.239163116315198,0,0,0,0,0,0,0,0,0,1.259292856912e-4,0
07F0571,DEAN_07F0571_0203,07-S-085,07S085,NA,J,Desmarestia antarctica,Ochrophyta,2019.05.04,Bulk collection,5-10m,2,thallus,1ml,batch_8,standards,bside,-66.089417,-65.83855,58.36735,11.15599715,2.752,-27.122,6.84445296198591e-5,8.2035657644374e-4,5.96445186687344e-5,6.84445296198591e-5,1.1244458437548e-4,2.04355809865e-4,9.09334464949556e-5,0,0.086747574619204,0,0.00141289064715281,0.0935265163885537,0.00484782825507516,5.1626730913265e-4,0,0.00811849899190986,0.094086783752442,0,0.0397115160854422,0.00827494363104096,0.227925172529104,0.0779426747731064,0,0,4.057782827463e-4,0.00556356247909997,0.312153988458297,5.5635624790999e-4,0.2647101960838,0,0,0,0,0,0,0,0,0,0,0
07F0574,DEAN_07F0574_0215,07-S-086,NA,NA,J,Desmarestia antarctica,Ochrophyta,2019.05.04,Bulk collection,5-10m,5,thallus,1ml,batch_10,standards,bside,-66.089417,-65.83855,58.36735,11.45752829,3.089,-26.63,5.91890702778138e-5,0.00101870966511482,1.1180157719142e-4,1.6441408410503e-4,2.058464332995e-4,4.3471083837372e-4,1.4008079965749e-4,0,0.0903567193734377,0,0.00226168014094891,0.106047741904086,0.00589128546165173,8.02998386769e-4,0,0.0161993908787012,0.122579249232679,0,0.0757192622937343,0.0129630640471776,0.160457623585135,0.0792357507245729,0,0,0,0.0113386528962199,0.24639094643981,6.7672837017633e-4,0.227238678610583,0,0,0,0,0,0,0,0,0,1.6309877143219e-4,0
11F1052,DEAN_11F1052_0228,11-S-072,11S072,NA,C,Desmarestia antarctica,Ochrophyta,2019.05.14,T3,5m,1,blade,1ml,batch_14,standards,bside,-64.7932,-64.007233,41.10204,12.89963263,2.166,-25.802,1.11513918264546e-5,1.1310697423975e-4,4.61986232810262e-5,6.58463136419224e-5,1.9435282897535e-4,2.049732021434e-4,0,0,0.0877333096853024,0,0.00184635187526584,0.156339327294943,0.0418586077859018,6.8395203202254e-4,0,0.0230435546813808,0.201837005946878,0,0.0796140343983267,0.00794032199909408,0.135433122713633,0.0434309540334319,0,0,2.7984683297817e-4,0.0135186730056134,0.144159883345821,0,0.197078547748932,0,0,0,0,0,0,0,0,0,0,0
12F1199,DEAN_12F1199_0241,12-S-088,NA,NA,A,Desmarestia antarctica,Ochrophyta,2019.05.15,T3,5m,4,thallus,1ml,batch_15,standards,bside,-64.77195,-64.36985,37.26531,12.99381992,2.486,-25.123,4.6936405148685e-5,0.00287584923072027,6.52336478337656e-5,1.4956007064326e-4,0,2.4741054239391e-4,1.0819239152917e-4,0,0.092735994654023,0,0.00157356287091693,0.0989077341649297,0.0200116147714436,7.4620928863502e-4,0,0.0123402968926509,0.0851354791490987,0.00125534995465466,0.0421735533245294,0.00678509490700227,0.23882595344545,0.099785206281523,0,0,3.6753591828292e-4,0.00327838856979205,0.232149846462268,0,0.29896819461902,1.7422157165359e-4,0,0,0,0,0,0,1.1853431130769e-4,0,0,0
12F1198,DEAN_12F1198_0253,n/a,NA,NA,A,Desmarestia antarctica,Ochrophyta,2019.05.15,T3,5m,3,thallus,1ml,batch_11,standards,bside,NA,NA,NA,NA,NA,NA,1.13077145751918e-5,3.5958532349109e-4,2.71385149804603e-5,1.1873100303951e-4,7.46309161962657e-5,2.0127731943841e-4,1.0403097409176e-4,0,0.0987265251845419,0,0.00188951910551455,0.124695822477927,0.0211567339701838,6.6489361702127e-4,0,0.0116118920972644,0.127900428788537,0,0.0595023248661167,0.00636398176291793,0.190502198219713,0.0727063431755681,0,0,0,0.00412957736286004,0.218259245187437,0,0.251496010638298,0,0,0,0,0,0,0,0,0,0,0
12F1175,DEAN_12F1175_0267,n/a,NA,NA,A,Desmarestia antarctica,Ochrophyta,2019.05.15,T2,10m,1,thallus,1ml,batch_15,standards,bside,NA,NA,NA,NA,NA,NA,0,1.2489010289213e-4,4.20422128547775e-5,8.28478900373557e-5,0,2.4359752742327e-4,3.4004730985481e-4,0,0.0926721659529795,0,0.00165695780074711,0.107194040887289,0.0110855423012671,7.1719068987561e-4,0,0.0130405051990142,0.10423748409506,7.1100801151462e-4,0.0333691516499714,0.0037417569440752,0.42058782432785,0.0663562137772331,0,0,4.5009898468056e-4,0.00391239886683871,0.32524474132292,0,0.234777318473472,0,0,0,0,0,0,0,0,0,0,0
03F0154,DEME_03F0154_0033,13-S-017,03-S-017,NA,M,Desmarestia menziesii,Ochrophyta,2019.04.28,1,5-30m,1,thallus,1.5ml,batch_1,standards,core,-66.02505,-65.353333,76.77551,15.2594447,3.907,-27.121,4.44676252527938e-5,3.0293569703465e-4,5.92901670037251e-5,7.13334821763568e-5,4.90996695499598e-5,2.5939448064129e-4,6.76278467386239e-5,5.37317138471259e-5,0.0360345254053734,8.33767973489884e-6,0.00196028114656066,0.181419573351664,0.00548711967442287,0.00124231428049993,0,0.0366302063019889,0.0970774579711461,6.5404465475984e-4,0.071261222285321,0.0033897300166661,0.256367902897529,0.0830951690557207,0.00760859596252491,2.96450835018625e-5,0.00306641332472391,0.00250871519134512,0.273154431430459,0.00229934678911321,0.189476551202154,3.3165437167708e-4,0,0.00109779449842835,0,0,0,3.70563543773282e-6,3.6037304631951e-4,4.7802697146753e-4,4.1688398674494e-4,0
08F0678,DEME_08F0678_0057,08-S-063,08S063,NA,G,Desmarestia menziesii,Ochrophyta,2019.05.05,Bulk collection,5-30m,1,thallus parts,1ml,batch_4,standards,core,-65.513117,-64.420267,73.95918,15.85585953,5.899,-28.82,7.07954282811078e-5,1.6935376961363e-4,5.27495347976882e-5,3.6785859793124597e-05,0,2.1238628484332e-4,6.94072826285371e-5,0,0.0708662237093889,4.5184140991177e-4,0.00158734455371464,0.147049045268124,0.0126411483851355,0.00122087410143597,0,0.0263365933933984,0.152253203319612,0,0.0784920018517863,0.00858429271549747,0.203337657407041,0.0815119127189539,0.0127563644742988,0,0.0024861688637542,0.00942759119943419,0.22114826020235,0.00128889323841193,0.170778007053168,2.3529068811074e-4,0,0,0,0,0,0,0,0,2.7346469355643e-4,0
12F1161,DEME_12F1161_0082,12-S-058,12S058,NA,A,Desmarestia menziesii,Ochrophyta,2019.05.15,nd,5m,1,thallus,1ml,batch_4,standards,core,-64.77195,-64.36985,37.26531,15.92699894,4.459,-28.022,8.26098337551743e-5,2.0851518279167e-4,6.41967985205873e-5,7.26568417364786e-5,2.63754288495436e-5,3.1700279579545e-4,3.63284208682393e-5,0,0.0665486905346051,6.1360195795259e-4,0.00161338000623057,0.12558038384709,0.0140819907576516,0.00144517444111462,0,0.0357158142094886,0.172750101271694,0,0.0809073744703764,0.00807038357835941,0.160494484549473,0.0641117004388274,0.0231934573011666,0,0.00257782493284219,0.00743438738836475,0.226597778691241,0.00154669495970531,0.165631223730322,3.5333121666369e-4,0,0,0,0,0,0,0,0,4.1902096398708e-4,0
12F1079,GECO_12F1079_0229,n/a,NA,NA,A,Georgiella confluens,Rhodophyta,2019.05.15,T1,30-35m,1,thallus,1ml,batch_11,standards,bside,NA,NA,NA,NA,NA,NA,1.4304895034695e-4,0.00497659769364938,3.7142534476051e-4,3.2123273060369e-4,0.00114188197206781,0.00199264678202603,2.735497471547e-4,0,0.0336666959456916,0,0.00359881043504448,0.258850840098879,0.0555632238716073,7.8551441155434e-4,0,0.0271617331509668,0.0293601696510358,0.016071675053016,0.0225164067107525,0.00165384663646744,0.451690863689408,0,0,0,0.00116195901773054,0.00153338436249106,0.295406120989296,0,0.24021432246245,0,0,0,0,0,0,0,0,0.00323491398240749,0,0
12F1098,GECO_12F1098_0256,12-S-026,nd,little black specks,A,Georgiella confluens,Rhodophyta,2019.05.15,T1,30m,2,thallus,~1ml,batch_15,standards,bside,-64.77195,-64.36985,37.26531,8.392187592,2.548,-35.599,0,8.02629413960133e-5,0,9.43089561403157e-5,0,0.00101933935572937,1.6253245632692e-4,0,0.0271348939124572,0,0.00225739522676287,0.261179624449697,0.0613128609324146,5.9394576633049e-4,0,0.0152680180270566,0.0180370895052191,0.0133838454777852,0.0171682431646073,0.00142266063624434,0.597762269193879,0.00582508297181567,0,8.1466885516953e-4,0.00132433853303422,0.00125812160638251,0.28287068436197,0,0.28475485691124103,0,0,0,0,0,0,0,0.00207479703508694,0.00196242891713253,0,0
14-S-007,NA,14-S-007,NA,NA,NA,Georgiella confluens,Rhodophyta,NA,NA,NA,NA,NA,NA,NA,NA,NA,-64.77926667,-64.04408333,41.06122,7.273251669,1.887,-36.551,NA,NA,NA,NA,NA,NA,NA,NA,NA,NA,NA,NA,NA,NA,NA,NA,NA,NA,NA,NA,NA,NA,NA,NA,NA,NA,NA,NA,NA,NA,NA,NA,NA,NA,NA,NA,NA,NA,NA,NA
12F1206,GYAN_12F1206_0242,n/a,NA,NA,A,Gymnogongrus antarcticus,Rhodophyta,2019.05.15,Bulk,5-35m,1,thallus,1ml,batch_11,standards,bside,NA,NA,NA,NA,NA,NA,1.7519035105451e-4,3.7733306380971e-4,2.8973788828246e-4,1.4823798935381e-4,5.3904723401388e-4,0.00146890371268782,3.7059497338454e-4,0,0.0257260292433124,0,0.00772858971767401,0.328165217977225,0.0326393100195405,0.00171821305841924,0,0.03164881072704,0.0429822788221818,0.00446061586146486,0.0114682299036453,0,0.978451586820295,0,0,0,0,0,0.298834310356445,0,0.211259349100465,0,0,0,0,0,0,0,0,0,0,0
14F1388,GYAN_14F1388_0257,14-S-094,14S094,NA,B,Gymnogongrus antarcticus,Rhodophyta,2019.05.17,T3,15m,1,thallus parts,1ml,batch_11,standards,bside,-64.77926667,-64.04408333,41.06122,6.927953448,2.294,-35.318,8.66602191463622e-5,0.00599342075616241,1.3172353310247e-4,8.66602191463622e-5,1.975852996537e-4,6.4821843921478e-4,2.1145093471712e-4,0,0.0286325364059581,0,0.00626380063989906,0.31115178364063,0.0397805069969461,8.9779987035631e-4,0,0.00978220553724136,0.0509492760405293,0.00559131733932329,0.0107493335829148,5.7889026389769e-4,0.527934055039638,0,0,0,4.7836440968791e-4,0.00205558039815171,0.301858341739375,0,0.223181261980775,0,0,0,0,0,0,0,0,6.9328175317089e-4,0,0
09F0705,HIGR_09F0705_0122,09-S-004,09S004,NA,E,Himantothallus grandifolius,Ochrophyta,2019.05.07,T1,5-35m,1,blade,1ml,batch_2,standards,core,-65.10425,-64.04705,53.5102,20.29685821,1.772,-22.845,1.0923377137927e-4,7.7296778899738e-4,6.20225651051792e-5,8.42396033518105e-5,1.1015948130621e-4,1.8051343575388e-4,0,0,0.0477110896346408,0.00388705598323354,0.00382318199827448,0.148880076130384,0.026021706046367,0.0017579231512647,0,0.0130145558628913,0.111168505126582,8.5998452213002e-4,0.0310325738809093,0.00477851464287962,0.268086520552612,0.0876971299289425,0.0115630426974447,0,0.00216893835882738,0.00481184020024957,0.283120975476093,0,0.162449132239514,0,0,0,0,0,0,0,0.0539346374734784,0,0,0
10F0836,HIGR_10F0836_0130,10-S-009,10S009,NA,D,Himantothallus grandifolius,Ochrophyta,2019.05.10,T1,>=30m,2,blade,1ml,batch_8,standards,core,-64.900167,-63.853133,36.12245,18.71684006,2.48,-22.956,6.47712551987455e-5,3.2499261380423e-4,6.36349173882412e-5,8.06799845458058e-5,7.49982954932842e-5,2.5226699393195e-4,4.88625258516852e-5,0,0.0394922842662667,0,0.00317833685598055,0.168396172814254,0.0368559805458967,0.00135565100793164,0,0.0160098634121952,0.0931058385036704,5.8521397240971e-4,0.0339719551828367,0.00513397422785846,0.249546601213609,0.0764198540942251,0,0,0.00198859116838254,0.00219199563646281,0.249351151110202,0.00214654212404264,0.15017954137406,0,0,0,0,0.0464716710983841,0,0,0.0722551760187269,0,0,0
11F0984,HIGR_11F0984_0131,11-S-035,11S035,NA,C,Himantothallus grandifolius,Ochrophyta,2019.05.14,T1,25m,2,blade,1ml,batch_9,standards,core,-64.7932,-64.007233,41.10204,17.28864178,2.738,-22.752,2.28437077446319e-5,7.99529771062118e-5,5.09590403534097e-5,5.44734569295069e-5,4.04157906251181e-5,1.6429897493254e-4,0,0,0.050534674551846,0,0.00264723428594523,0.169881625663676,0.0387771938965127,0.00123356021821013,0,0.0146226087689965,0.110792861165609,0,0.0574325956865808,0.00526459603099364,0.175346543439507,0.0831704254816288,0.0186053213538587,0,0.00172206412228764,0.00695239459166433,0.185194817289875,0.00202606115612005,0.170232188717141,3.3562678301728e-4,0,0,0,0,0,0,0.0796235005522027,0,5.3770573614287e-4,0
05F0291,HYSP_05F0291_0193,05-S-010,see comments,"different individuals: 05S010, 05S011, 05S012",L,Hymenocladiopsis sp.,Rhodophyta,2019.04.30,NA,5-30m,1,thallus,1ml,batch_8,standards,bside,-67.548813,-67.77137,57.87755,6.192113177,1.317,-34.303,2.9296313024129e-4,0.00341441552983603,3.2609586520905e-4,9.76543767470978e-5,2.2146617583716e-4,0.0019147233155056,2.1797851952477e-4,0,0.0222163707099648,0,0.00770946427855213,0.347968701772252,0.007453121539591,0.00301333505391045,0,0.0159194072379331,0.0317864996311803,0.00867554507708592,0.039940640089563,0.00440665375071279,0.367206613991431,0,0,0,7.2020102850984e-4,0.00356438475126907,0.132035692674701,0,0.365944082406343,0,0,0,0,0,0,0,4.1328727301896e-4,0.00174731581251057,0,0
05F0294,HYSP_05F0294_0205,05-S-011,NA,NA,L,Hymenocladiopsis sp.,Rhodophyta,2019.04.30,NA,5-30m,4,thallus,1ml,batch_8,standards,bside,-67.548813,-67.77137,57.87755,6.346852819,1.898,-33.832,1.1062099863106e-4,0.00163780534084327,1.1983941518365e-4,7.22109296619453e-5,1.5978588691153e-4,6.5911678351009e-4,1.352034427713e-4,0,0.0179006285423686,0,0.0066157502792412,0.317264096879412,0.00969931061608214,0.00254735577403203,0,0.0149031067600185,0.0253629367416892,0.0108224210327392,0.0349654539839692,0.0042420080169496,0.333390180235408,0,0,0,6.1609750626468e-4,0.00319110852995448,0.146489857437188,0,0.400444942238938,0,0,0,0,0,0,0,2.9806213520037e-4,0.00174228072843928,0,0
05F0293,HYSP_05F0293_0217,05-S-012,see comments,"different individuals: 05S010, 05S011, 05S012",L,Hymenocladiopsis sp.,Rhodophyta,2019.04.30,NA,5-30m,3,thallus,1ml,batch_10,standards,bside,-67.548813,-67.77137,57.87755,6.58623991,-0.334,-33.493,1.0571159761937e-4,0.002537078342865,2.6075527412779e-4,2.1024862193186e-4,7.9753527537283e-4,0.00116047842719936,2.3139094145574e-4,0,0.0223944146690111,0,0.00854502080756613,0.279299437496843,0.00743152531264205,0.00314668188913672,0,0.0216415131792998,0.0361474935192918,0.0162091116349708,0.0470134711812566,0.00758304526922982,0.257942171057809,0,0,0,7.4233032994938e-4,0.00480400482514714,0.164705716530827,0,0.375033034874256,0,0,0,0,0,0,0,0,0,0,0
05F0292,HYSP_05F0292_0231,n/a,see comments,"different individuals: 05S010, 05S011, 05S012",L,Hymenocladiopsis sp.,Rhodophyta,2019.04.30,NA,5-30m,2,thallus,1ml,batch_11,standards,bside,NA,NA,NA,NA,NA,NA,1.3237965392956e-4,0.00350191950498198,3.0024251406704e-4,1.6922759883778e-4,5.9366133463256e-4,0.00151213047993766,2.9614829796613e-4,0,0.0241968171564031,0,0.00856646482181289,0.303115289031186,0.0125965382038128,0.00288778708984484,0,0.0274408010470275,0.0332887063778334,0.014657293641273,0.0475693321378222,0.00538935312750344,0.269807476311548,0,0,0,7.6698314957126e-4,0.00413242878452277,0.146849978368892,0,0.361225862890162,0,0,0,0,0,0,0,0,8.1065478798101e-4,0,0
08F0700,HYSP_08F0700_0248,08-S-011,NA,NA,G,Hymenocladiopsis sp.,Rhodophyta,2019.05.05,NA,5-35m,4,thallus,0.5ml,batch_11,standards,bside,-65.513117,-64.420267,73.95918,7.67039176,0.899,-34.791,2.38706924589499e-5,9.0708631344009e-4,1.0294236122922e-4,1.2681305368817e-4,1.4322415475369e-4,7.5938640385034e-4,1.6709484721264e-4,5.9378347491637e-4,0.0217208382193657,0,0.00578416716645929,0.294989541652866,0.0264860252014836,0.0021185239557318,0,0.0171510925317555,0.0214731797851041,0.0215149534969072,0.0454557661149553,0.00196187253646994,0.246199338185052,4.1326136319557e-4,0,0,7.2805611999797e-4,0.00442204577802046,0.135063361769296,0,0.396365388689469,0,0,0,0,0,0,0,0,0.00152772431737279,0,0
10F0854,HYSP_10F0854_0268,10-S-008,10S008,NA,D,Hymenocladiopsis sp.,Rhodophyta,2019.05.10,T1,30m,1,thallus,0.25ml,batch_14,standards,bside,-64.900167,-63.853133,36.12245,5.924565279,3.345,-32.352,6.86380663283954e-5,0.00552193243611941,1.1668471275827e-4,7.72178246194448e-5,2.0248229566876e-4,5.1650144912117e-4,1.4242398763142e-4,0,0.018918367031764,0,0.00384544766604835,0.324393797177946,0.0126928944157785,0.00180174924112038,0,0.0137876715737164,0.0265131690710009,0.0157610159806578,0.0446010155001913,0.00176399830463976,0.442806473256035,0.00104329860819161,0,0,0.00124749685551859,0.00621689285769442,0.170817839719819,0,0.349043442748131,0,0,0,0,0,0,0,3.0029154018673e-4,6.0573093534808e-4,0,0
14F1393,HYSP_14F1393_0243,14-S-014,14S100,NA,B,Hymenocladiopsis sp.,Rhodophyta,2019.05.17,Bulk collections,5-35m,3,blade,1ml,batch_15,standards,bside,-64.77926667,-64.04408333,41.06122,7.025984817,2.285,-32.585,3.8278830658281e-5,0.0036275571853831,8.80413105140464e-5,1.6970281591837e-4,1.824624261378e-4,4.2361905928497e-4,1.4673551752341e-4,0,0.017391348729079,0,0.00448627895315054,0.321803749539059,0.00458580391286207,0.00175317044414927,0,0.0151941438492937,0.0321618735190877,0.010511366898764,0.0364057198780692,0.00201219053160364,0.362707232019476,0.00101694093448833,0,0,8.7913714411852e-4,0.00434975112380267,0.118677134650891,0,0.423583332376363,1.046288037993e-4,0,0,0,0,0,0,4.0703156599972e-4,0,0,0
10F0875,IRCO_10F0875_0071,10-S-034,10S034,NA,D,Iridaea cordata,Rhodophyta,2019.05.10,NA,NA,1,blade,1ml,batch_1,standards,core,-64.900167,-63.853133,36.12245,11.15645264,4.019,-11.431,1.9920598836637e-4,4.3122237481661e-4,2.6013958480784e-4,1.2889799247235e-4,7.03079958940131e-5,0.0171926485959493,4.8043797194242e-4,7.96823953465481e-5,0.018186334937918,0,0.00245609265656419,0.252729122040619,0.00191237748831716,0.00129366712444984,0,0.012894486446962,0.0139373883860565,0.0132249340276639,0.00723234917763081,0.00332088100606055,0.593568224535616,0.0012350771278715,3.3982198015439e-4,7.499519562028e-4,0.0048512517166869,0.017729332964607,0.187598138244269,0,0.430214626875466,6.7026956085625e-4,0.0021303322755886,2.34359986313377e-5,3.3747838029126e-4,0,0,2.10923987682039e-5,0.00157958630775216,2.57795984944714e-5,0.00140147271815399,0.00506217570436894
11F1005,IRCO_11F1005_0072,11-S-044,11S044,very reproductive,C,Iridaea cordata,Rhodophyta,2019.05.14,T1,5m,1,blade,0.5ml,batch_2,standards,core,-64.7932,-64.007233,41.10204,14.26609392,4.417,-21.798,2.7003249100617e-4,7.0847234199469e-4,1.9744311170344e-4,8.42036799911731e-5,1.6260020963812e-4,0.00165503784810237,0,5.9232933511032e-4,0.0250694680359927,0,0.00334782217344216,0.268566185544261,0.0213267596391437,0.00106561208816416,0,0.0138210178192408,0.047711547228102,0.00972697682656655,0.0160945171790025,0.00470959892916148,0.827902195973903,0.00455280586986757,0,0,0,0.00222704215700792,0.0804609715943241,0,0.49441787673162,0,0,0,0,0,0,0,0,0.00323167916655778,0,0
14F1320,IRCO_14F1320_0095,14-S-049,14S049,NA,B,Iridaea cordata,Rhodophyta,2019.05.17,T1,10m,1,blade,1ml,batch_4,standards,core,-64.77926667,-64.04408333,41.06122,13.4045487,2.923,-22.207,2.8889124718478e-4,0.00182767931892415,1.4149775372316e-4,1.002275755539e-4,1.8866367163088e-4,0.00126168830403151,1.2970627424623e-4,0,0.0195797516714422,0,0.00216373648401665,0.343975143561263,0.00933885174572854,0.00118504368743146,0,0.0233412336245829,0.0385227634511302,0.00408574763875624,0.0109248057353756,0,1.6746730812315,0.00130885422193923,7.7234190573891e-4,0,0,0.00121452238612379,0.0904465433277914,0,0.449202306413386,0,0,0,0,0,0,0,0,0,0,0
14F1207,LAAN_14F1207_0194,14-S-008,14S008,NA,B,Lambia antarctica,Chlorophyta,2019.05.17,T1,25m,1,thallus,0.5ml,batch_8,standards,bside,-64.77926667,-64.04408333,41.06122,18.23005704,2.123,-30.373,1.7635278696752e-4,0.00194666345614157,1.5430868859658e-4,3.39139974937556e-5,2.1535388408534e-4,0.00108016082017612,3.90010971178189e-5,0,0.0112441858690547,0,6.2740895363447e-4,0.208530387789604,0.023934803731218,3.8661957142881e-4,0,0.0146372813183049,0.0184678673352246,0.0993290115595861,0.0753585981309996,0.0057585967744397,0.36073301714183,0.404127672634965,0,0.0050786211246899,0.00136673409899835,7.6136924373481e-4,0.0248776128615444,0.00268768430138013,0.0949269746848966,0,0,0,0,0,0,0,0.0023587185256907,0.00189409676002625,0,0
14F1208,LAAN_14F1208_0206,14-S-010,14S010,NA,B,Lambia antarctica,Chlorophyta,2019.05.17,T1,30m,2,thallus,0.5ml,batch_9,standards,bside,-64.77926667,-64.04408333,41.06122,9.631610174,2.657,-32.593,5.90138528605041e-5,0.00160363730599196,9.4935328514724e-5,2.82240165854585e-5,2.2066049330449e-4,7.7231172656572e-4,0,0,0.0192333843931452,0,9.2112926856178e-4,0.220265357072297,0.0600042592606847,3.8487295343807e-4,0,0.00868016800987327,0.0171704653627171,0.0744523899327499,0.0708576765476383,0.00517525831389725,0.472169836736893,0.387395154192934,3.0020090368169e-4,0.00393083576444749,0.00104172279397238,6.3375746332802e-4,0.0238903471297458,0.00199620771849879,0.0882359733052119,0,0,0,0,0,8.159306612887e-4,4.8493992133196e-4,0.00162672968319824,0.00755633898583411,0.00216811763770113,0
14F1343,LAAN_14F1343_0218,n/a,NA,NA,B,Lambia antarctica,Chlorophyta,2019.05.17,T2,35m,4,thallus,0.5ml,batch_10,standards,bside,NA,NA,NA,NA,NA,NA,1.0559933329718e-4,0.00317368807098558,2.6685236927801e-4,7.2777918894004e-5,6.6213636013368e-4,0.00110736598160288,1.4840987382306e-4,5.2656964846838e-4,0.0295278568187202,0,0.00133140781035501,0.189145530151464,0.123962201146752,4.7234296380226e-4,0,0.0165848033997277,0.0109951738250647,0.0502196180728978,0.0505992048655606,0.00486185038572297,0.324518167366381,0.198977684292242,0,0.00227609373795954,8.9759433302604e-4,0,0.0321193215385537,0.00132998079233748,0.271879753753771,0,0,0,0,0,0,0,0.00182658306243775,0.00439521549399083,0.00253438399913237,0
14F1209,LAAN_14F1209_0244,14-S-011,14S011,NA,B,Lambia antarctica,Chlorophyta,2019.05.17,T1,35m,3,thallus,0.5ml,batch_11,standards,bside,-64.77926667,-64.04408333,41.06122,6.417485519,1.695,-30.104,4.32485138237977e-5,0.00109300789481961,1.4154059069606e-4,4.32485138237977e-5,8.25653445727047e-5,0.00144685937155978,0,0,0.0253691850407322,0,0.00143309848079766,0.203409555562545,0.0707427735665083,5.6223067970937e-4,0,0.0148676595476992,0.0139692699650867,0.0699072909130941,0.0573986412103293,0.00297235240461737,0.349546283773158,0.288369295127858,0,0.00389433208567924,0.00137608907621174,6.6052275658163e-4,0.0321788601264429,0.00194028559745856,0.198485122511245,0,0,0,0,0.00144292768848489,9.1608215644953e-4,0,0.00301560091844117,0.00423835435473217,0,0
09F0777,MYMA_09F0777_0159,09-S-053,09S053,NA,E,Myriogramme manginii,Rhodophyta,2019.05.07,T2,5-30m,1,blade,1ml,batch_7,standards,core,-65.10425,-64.04705,53.5102,7.662543506,3.704,-33.101,9.90362307544176e-5,0.00159008170489037,7.88621837488881e-5,7.51941752024282e-5,2.7143263243803e-4,3.5763083327984e-4,0,0,0.016588568651365,0,0.00256210396970225,0.276635702561187,0,0.0014323573373926,0,0.0187747017450551,0.0130250983484792,0.106034791061063,0.0205646899157275,0.00685550797333358,0.502574024997478,0,0,0,0.00181749823477089,0.00314164932004291,0.0498372321207508,0,0.475060292890482,0,0,0,0,0,0,0,0,0.0051975681103337,0,0
11F1031,RHLA_11F1031_0198,11-S-054,11S054,NA,C,Myriogramme manginii,Rhodophyta,2019.05.14,nd,nd,1,blade,1ml,batch_6,standards,bside,-64.7932,-64.007233,41.10204,6.726674341,3.667,-34.411,1.3447900910743e-4,0.00138577417004038,1.0117944494749e-4,1.2167148443053e-4,1.9851663249192e-4,3.7526047303311e-4,7.81259005290788e-5,0,0.0144840296571041,0,0.0022887046597617,0.20907899809296,0.0117112005645557,9.3110704401049e-4,0,0.00932643946971725,0.0108146738371728,0.0880081865697735,0.0190294201649353,0.0060374671326898,0.410210927123904,8.5810415335217e-4,0,0,0.00185581032568254,0.0025153978465428,0.037396691304075,0,0.564346925105438,5.3023152162358e-4,0,0,0,0,0,0,6.2500720423263e-4,0,9.298262915428e-4,0.0168367719402503
11F1042,RHLA_11F1042_0210,11-S-071,see comments,"associated with: 11S052, 11S053.",C,Myriogramme manginii,Rhodophyta,2019.05.14,T3,25m,2,blade,1ml,batch_9,standards,bside,-64.7932,-64.007233,41.10204,8.560058843,2.829,-33.768,1.6093280947915e-4,0.00169730469730684,1.0943431044582e-4,1.3303778916943e-4,2.4890941199442e-4,3.8194720116386e-4,0,0,0.0155546924788588,0,0.00239468020504986,0.251450004613407,0.0156426690813741,9.2482721180688e-4,0,0.00993062723026052,0.0160353451365032,0.100022959747486,0.0208740582748432,0.00590301545169548,0.413279746284061,5.3858846905691e-4,3.0255368182081e-4,0,0.0017573862795124,0.00225091356191514,0.0392075239307088,0,0.512244841030571,7.9178942263745e-4,0,0,0,0,0,0,0,0,0.00144195797293325,0
11F1043,RHLA_11F1043_0222,11-S-076,see comments,"associated with: 11S052, 11S053.",C,Myriogramme manginii,Rhodophyta,2019.05.14,T3,25m,3,blade,1ml,batch_10,standards,bside,-64.7932,-64.007233,41.10204,8.158786118,2.974,-34.841,1.0904635753093e-4,0.00270370821760521,5.0674483793786e-4,3.2072458097333e-4,4.7467237984053e-4,0.00121875340769867,0,0,0.0262160272487604,0,0.00416621230684362,0.287600146250409,0.014012456942725,0.00167097506687108,0,0.0450970833306606,0.0206674919979217,0.119261435434935,0.0248112535840972,0.00711367120598857,0.781740508156026,0.00289293572037948,0,0,0.00261069808912295,0.00247920101092388,0.0521979255534103,0,0.382072778821915,0,0,0,0,0,0,0,0,0,0.00179605765345068,0
11F1048,RHLA_11F1048_0235,n/a,NA,NA,C,Myriogramme manginii,Rhodophyta,2019.05.14,T3,15m,4,blade,1ml,batch_11,standards,bside,NA,NA,NA,NA,NA,NA,1.8748563618109e-4,0.00291207528455481,4.2335466234441e-4,2.3586902616331e-4,7.6203839221995e-4,0.00108560231272604,2.116773311722e-4,0,0.0270735306569255,0,0.00412770795785807,0.256053971671525,0.0183252089557655,0.00145150169946657,0,0.0332212451465412,0.0344247819723489,0.103694676617517,0.0237139090150351,0.00666481197005068,0.540775101907515,0.00124889625391603,0,0,0.00244638515597595,0.00268225418213927,0.0628500235869026,0,0.415062958886214,0,0,0,0,0,0,0,0,0.00114003362645604,0,0
11F0983,MYMA_11F0983_0161,11-S-033,11S033,NA,C,Myriogramme manginii,Rhodophyta,2019.05.14,T1,15m,1,blade,1ml,batch_6,standards,core,-64.7932,-64.007233,41.10204,7.419728379,2.777,-34.757,1.7271625090591e-4,0.00142236912510752,1.3038383646819e-4,7.45050494103941e-5,2.6923415582392e-4,4.6057666908243e-4,0,0,0.0223803008649359,0,0.00323758305619713,0.305076164480056,0.0149585819657141,0.00114128189324104,0,0.0173122642084516,0.0185365176339906,0.124916181819413,0.0214506810438835,0.00672238741271056,0.605030106813148,0.00281256561524238,0,0,0.0019286648017827,0.00251623871417831,0.0418853841412616,0,0.390689239438909,9.1268685527732e-4,0,0,0,0,0,0,0,0,0.00168144350146639,0.0193120474664897
14F1218,MYMA_14F1218_0162,14-S-015,14S015,NA,B,Myriogramme manginii,Rhodophyta,2019.05.17,T1,25m,1,blade,1ml,batch_6,standards,core,-64.77926667,-64.04408333,41.06122,7.107752793,2.56,-35.241,9.6311488866173e-5,0.00216919739696312,1.4665613077349e-4,1.2038936108271e-4,3.721125706193e-4,6.1508019025896e-4,0,0,0.0261157357650525,0,0.00320235700480025,0.363781626832381,0.0173754681504473,0.00132209407443565,0,0.0328903734477981,0.0207792037228768,0.135516831527128,0.0249249755390707,0.00687751586403445,0.749970997108467,0.0016766954652611,0,0,0.00210790826768465,0.00221078644897352,0.0412826063640005,0,0.294139664792241,8.14269860414e-4,0,0,0,0,0,0,0,0,0.00190434080258115,0.0195577989322558
12F1170,MYSM_12F1170_0195,12-S-083,12S083,NA,A,Myriogramme smithii,Rhodophyta,2019.05.15,T2,15m,1,thallus,<0.5ml,batch_8,standards,bside,-64.77195,-64.36985,37.26531,4.114804537,5.42,-37.609,2.1314506317715e-4,0.00428445525869584,1.8201151462318e-4,3.9036680109973e-4,3.9515657780034e-4,9.0287290806502e-4,1.2213930586556e-4,0,0.0269520734943337,0,0.00316364751075305,0.362851928843077,0.0174180229717691,0.0010776997576373,0,0.01365804826179,0.0152841774516472,0.105837300865034,0.0218844897450881,0.00563277739991762,0.485316939524279,0.00878445046891914,0,0,0.00334326413702593,0.0041718955062315,0.176728390922415,0,0.226146912030961,5.7477320407322e-4,0,0,0,0,0,0,0,0,0,0
12F1194,MYSM_12F1194_0207,n/a,NA,NA,A,Myriogramme smithii,Rhodophyta,2019.05.15,T3,25m,2,thallus,1ml,batch_9,standards,bside,NA,NA,NA,NA,NA,NA,2.94738331309463e-5,1.4933408786346e-4,8.25267327666498e-5,2.6133465376105e-4,1.257550213587e-4,6.012661958713e-4,0,0,0.0160141160011475,0,0.00211818614101068,0.248242377084291,0.00531118473019653,7.7810919465698e-4,0,0.0113847592773802,0.0139430879931464,0.0642686756031329,0.0132180316981251,0.00434837284791895,0.3093770017645,0.00311833154525412,0,0,0.00165249957754173,0.00405952928323568,0.177815635278999,0,0.431650180969336,3.9494936395468e-4,0,0,0,0,0,0,0,0,4.3228288592054e-4,0
12F1195,MYSM_12F1195_0219,n/a,NA,NA,A,Myriogramme smithii,Rhodophyta,2019.05.15,T3,20m,3,thallus,1ml,batch_10,standards,bside,NA,NA,NA,NA,NA,NA,8.36111232948814e-5,0.00148581078117461,4.0297820079828e-4,9.8277336725295e-4,4.7425325672178e-4,0.00199158954340103,2.0697179700864e-4,6.1817404272117e-4,0.0218211325058117,0,0.00384337032325979,0.247332668099478,0.010129281986052001,0.00141179437694636,0,0.0201338326242379,0.0142742006228343,0.076728968375806,0.0152775341023729,0.00429158077108645,0.308734758103426,0,0,0,0.00197788280187728,0.0042778740295627,0.199323435238388,0,0.36904990350454,0,0,0,0,0,0,0,0.00103348831089083,0.00237537830606606,4.7151190841703e-4,0
14F1291,MYSM_14F1291_0232,14-S-026,14S026,NA,B,Myriogramme smithii,Rhodophyta,2019.05.17,T1,20m,1,blade,1ml,batch_15,standards,bside,-64.77926667,-64.04408333,41.06122,5.675520568,3.818,-37.244,9.89078179137044e-5,0.00426602406557089,1.5485567451135e-4,7.8027278576366e-4,4.0861916693641e-4,4.7855398768347e-4,0,0,0.0129079697721723,0,0.00182529882149836,0.250542494395224,0.00385041141655977,6.5239197068332e-4,0,0.0135124064372005,0.00936127529142839,0.0466465254382915,0.0126062509740921,0.0030901200081524,0.253798459835433,4.9653722730415e-4,0,0,0.00197815635827409,0.00339483601283604,0.165434814752651,0,0.466336374498967,3.7065454995943e-4,0,0,0,0,0,0,8.0624857632686e-4,0,0,0
14-S-075,NA,14-S-075,NA,NA,NA,Myriogramme smithii,Rhodophyta,NA,NA,NA,NA,NA,NA,NA,NA,NA,-64.77926667,-64.04408333,41.06122,6.018255435,4.225,-36.976,NA,NA,NA,NA,NA,NA,NA,NA,NA,NA,NA,NA,NA,NA,NA,NA,NA,NA,NA,NA,NA,NA,NA,NA,NA,NA,NA,NA,NA,NA,NA,NA,NA,NA,NA,NA,NA,NA,NA,NA
14F1318,PAOR_14F1318_0245,14-S-046,14S046,NA,B,Pachymenia orbicularis,Rhodophyta,2019.05.17,T1,10m,1,blade,1ml,batch_15,standards,bside,-64.77926667,-64.04408333,41.06122,10.61467592,2.247,-33.035,0,0.0138235345822761,3.2815512361486e-4,1.933771264159e-4,0,0.00196307082876749,0,0,0.0116905262787795,0,0.00319365254232322,0.299927923071063,0.0250335480014767,0.00222090699732202,0,0.0384410287663125,0.0385992464151983,0.00258422159846705,0.0057485745761818,0,1.5793461509162,0,0,0,0,0,0.125654112779884,0,0.430598121311917,0,0,0,0,0,0,0,0,0,0,0
14F1387,PAOR_14F1387_0258,14-S-093,14S093,NA,B,Pachymenia orbicularis,Rhodophyta,2019.05.17,T3,15m,2,blade,1ml,batch_15,standards,bside,-64.77926667,-64.04408333,41.06122,9.053093921,2.497,-35.272,6.07399646189706e-5,0.00448210322250821,1.2147992923794e-4,9.36407787875797e-5,2.6573734520799e-4,0.00121479929237941,3.8215561072769e-4,0,0.0103941264454213,0,0.00394809770023309,0.285910605957072,0.0253310960779699,0.00176145897395015,0,0.0177740321466263,0.0487134516244144,0.00346217798328132,0.004396054939298,0,0.776158045387938,0,0,0,0,2.7586067264449e-4,0.143541190553923,0,0.4476915017197,1.7968906199778e-4,0,0,0,0,0,0,0,0,0,0
15-S-050,NA,15-S-050,NA,NA,NA,Pachymenia orbicularis,Rhodophyta,NA,NA,NA,NA,NA,NA,NA,NA,NA,-65.240183,-64.230867,62.85714,8.501485924,4.733,-33.637,NA,NA,NA,NA,NA,NA,NA,NA,NA,NA,NA,NA,NA,NA,NA,NA,NA,NA,NA,NA,NA,NA,NA,NA,NA,NA,NA,NA,NA,NA,NA,NA,NA,NA,NA,NA,NA,NA,NA,NA
12F1178,PADE_12F1178_0196,12-S-087,12S087,NA,A,Palmaria decipiens,Rhodophyta,2019.05.15,T2,5m,1,blade,1ml,batch_7,standards,bside,-64.77195,-64.36985,37.26531,6.695619158,3.211,-24.29,1.334164769349e-4,6.7288310106298e-4,1.334164769349e-4,6.09075220789768e-5,1.6387023797439e-4,7.9034760792957e-4,0,6.902852502284e-4,0.0737285554766014,0.00483344693069594,0.00458981684238004,0.144735124787911,0.0611772553910408,6.3372826544078e-4,0,0.0113273489275926,0.0259538553011297,0.0163971750511188,0.00190698551271082,0.00175906724480473,0.381386951288484,0.00307437968589121,0,0.00216801775019215,0,0,0.00425047493365431,0,0.626667343416912,5.4526734051655e-4,0,0.0136070304682628,0,0,0,0,0,0,0,0
12F1179,PADE_12F1179_0208,12-S-089,12S089,NA,A,Palmaria decipiens,Rhodophyta,2019.05.15,T2,5m,2,blade,1ml,batch_15,standards,bside,-64.77195,-64.36985,37.26531,8.610732314,2.956,-23.356,3.05915506137205e-5,9.8342837708225e-4,5.03860833637749e-5,4.13885684773865e-5,7.37796220683847e-5,2.5193041681887e-4,5.75840952728856e-5,0,0.0684530932556428,0,0.00538051390206025,0.143432084058383,0.0117894437556347,5.4884840806969e-4,0,0.00724119998056537,0.0338297562213317,0.0185258831510737,0.00129834139810584,0.00107160402296886,0.334237883496578,8.0887658828631e-4,0,0.00463372016649001,0,3.5270258354642e-4,0.00589697125653894,0,0.693471763099032,9.3034303925255e-4,0,0,0,0,0,0,8.457663993205e-4,0,0,0
12F1180,PADE_12F1180_0220,12-S-090,12S090,NA,A,Palmaria decipiens,Rhodophyta,2019.05.15,T2,5m,3,blade,1ml,batch_10,standards,bside,-64.77195,-64.36985,37.26531,11.1127534,3.625,-23.446,5.69400421356312e-5,0.00110969815450997,2.4547484831805e-4,1.4171743820423e-4,4.3400965450047e-4,0.00121598623316315,1.7082012640689e-4,0,0.0838144766893794,0,0.00749204421077938,0.167053226286054,0.0461113114557038,0.0010654114550711401,0,0.0237262828907827,0.0382156256128963,0.0243184593289932,0.0038010641461208,0.00242944179778693,0.273598167795977,0.0050271730534413896,0,0.00334048247195703,0,0.00111729016012805,0.00950772170238073,0,0.575132385597965,0,0,0,0,0,0,0,0.00151080911799875,0.00186636804777902,0.00109577947754348,0
12F1081,PAPL_12F1081_0233,12-S-018,12S018,NA,A,Pantoneura plocamioides,Rhodophyta,2019.05.15,T1,30-35m,1,thallus,1ml,batch_11,standards,bside,-64.77195,-64.36985,37.26531,7.795020543,1.43,-37.226,1.1434085287121e-4,0.00233422667934642,6.6931230949001e-4,3.0955694313913e-4,8.1711877783572e-4,0.0187435334670099,5.3544984759201e-4,0.0013971894460604,0.0120587767759784,0,0.00324058709844747,0.282767717951793,0.0736048324348745,0.00125217177900423,0,0.026507556257094,0.0534417991114879,0.0563811956706649,0.0157678824910689,6.5815710433184e-4,0.499334870892444,0.00123265016997744,0,0,0.00193821689623149,7.4739874559718e-4,0.12286064081076,0,0.317399052365322,0,0,0,0,0,0,0,0.00165375916469824,0.00356687684932385,0,0
12-S-027,NA,12-S-027,NA,NA,NA,Pantoneura plocamioides,Rhodophyta,NA,NA,NA,NA,NA,NA,NA,NA,NA,-64.77195,-64.36985,37.26531,8.468687834,2.173,-36.414,NA,NA,NA,NA,NA,NA,NA,NA,NA,NA,NA,NA,NA,NA,NA,NA,NA,NA,NA,NA,NA,NA,NA,NA,NA,NA,NA,NA,NA,NA,NA,NA,NA,NA,NA,NA,NA,NA,NA,NA
12-S-074,NA,12-S-074,NA,NA,NA,Pantoneura plocamioides,Rhodophyta,NA,NA,NA,NA,NA,NA,NA,NA,NA,-64.77195,-64.36985,37.26531,6.777901216,4.005,-27.529,NA,NA,NA,NA,NA,NA,NA,NA,NA,NA,NA,NA,NA,NA,NA,NA,NA,NA,NA,NA,NA,NA,NA,NA,NA,NA,NA,NA,NA,NA,NA,NA,NA,NA,NA,NA,NA,NA,NA,NA
12F1185,PASA_12F1185_0259,n/a,NA,NA,A,Paraglossum salicifolium,Rhodophyta,2019.05.15,T3,35m,1,thallus,<0.5ml,batch_11,standards,bside,NA,NA,NA,NA,NA,NA,1.1217652846362e-4,0.00214303909585718,1.7994984774373e-4,2.7576729913974e-4,1.191875614926e-4,0.00210097289768332,2.5940822207213e-4,0,0.0289345333105864,0,0.00500354057167963,0.310813116240591,0.094286709184687,0.00154476427738451,0,0.0172261081521955,0.0438470005632196,0.0211639717034707,0.00333257769977354,0.00277870609048439,0.393515261850399,0.00162655966272257,0,0,0,5.0245736707665e-4,0.372316234981783,0,0.0849316541130225,0,0,0,0,0,9.3013038184422e-4,0,0.00171302907007995,0.00385840517694679,0,0
03F0186,PHAN_03F0186_0145,03-S-037,03S037,NA,M,Callophyllis atrosanguinea,Rhodophyta,2019.04.28,NA,5-30m,2,thallus,1ml,batch_6,standards,core,-68.175766,-67.268234,68.61224,5.784438394,3.541,-21.633,2.17734620961448e-5,5.0419173166385e-4,3.26601931442172e-5,1.5377507605402e-4,1.1907362083829e-4,4.3546924192289e-4,0,0,0.0147385925770185,0,0.00541818995848753,0.234205564616491,0.0115433370144093,0.00170581467109484,0,0.00720361385037141,0.00778401269937177,0.00312585265217779,0.0029026746656923,0.00173030981595301,0.175479815660427,0.00254681464455844,0,3.3816908318074e-4,0,7.8044253200869e-4,0.40878450328269,0,0.289167906733375,0,8.6209301486923e-4,0,0,0,0,0,5.3549108342706e-4,0.00352662043888495,7.07637518124706e-5,0.00176228958840672
08F0702,PHAN_08F0702_0148,08-S-091,08S091,NA,G,Phyllophora antarctica,Rhodophyta,2019.05.05,T3,5-35m,2,thallus,1ml,batch_7,standards,core,-65.513117,-64.420267,73.95918,7.652867459,3.205,-36.433,5.24871677924259e-5,6.2170145298959e-4,6.60614353249499e-5,4.07228025975718e-5,1.6379616155912e-4,5.6559448052183e-4,0,0,0.0172682782037081,9.4114921558832e-4,0.00437815375482339,0.25327139847533803,0.014155246182916,0.00215830853767131,0,0.00795995048107204,0.0150891557891536,0.00310941221611682,0.0153905045283757,0.00133118316935618,0.234820349093963,0,0,0,0,0.00122982863844667,0.392839302391243,0,0.26891347942865,0,0,0,0,0,0,0,0,4.5428548675513e-4,0,0
09F0709,PHAN_09F0709_0142,09-S-011,09S011,NA,E,Phyllophora antarctica,Rhodophyta,2019.05.07,T1,20m,1,thallus,1ml,batch_6,standards,core,-65.10425,-64.04705,53.5102,6.97524855,2.725,-32.382,1.72880451093503e-5,4.8060765403994e-4,2.83523939793346e-5,2.14371759355944e-5,8.22910947205076e-5,3.4714394579575e-4,0,0,0.0166304078733907,0,0.00357101859778741,0.239879232632084,0.125125338327043,8.6232769005439e-4,0,0.00797393792623675,0.0200983897223263,0.0140365095851837,0.0138560223942421,0.00239819761756908,0.201008792008221,0.00215893107325567,0,0,4.4257395479936e-4,0.00119287511254517,0.0949825943961839,0,0.436764480120823,1.0441979246047e-4,0,0,0,0,0,0,0.00520439309971883,0.00887913996816234,3.9070981947131e-4,0.00447137998708237
11F1044,PIPL_11F1044_0246,11-S-077,NA,NA,C,Picconiella plumosa,Rhodophyta,2019.05.14,T3,25m,2,thallus,0.5ml,batch_11,standards,bside,-64.7932,-64.007233,41.10204,8.694527837,1.691,-35.473,2.62903293652463e-5,0.00130400033651622,9.28924970905369e-5,4.03118383600443e-5,1.1918282645578e-4,7.0633351561295e-4,1.0165594021228e-4,0,0.0215808550316185,0,0.00427831293203775,0.305271035768869,0.0472717648873372,9.2191421640797e-4,0,0.0177810260940282,0.0548451324331525,0.107725500918409,0.00796772248629398,0.00272367812223952,0.32699385857906,8.5355936005832e-4,0,0.00117605406693868,0,0.00449564632145712,0.0930029164738709,0,0.324997546235926,0,0,0,0,0,0,0,4.6796786270138e-4,0.00224869950504073,0,0
11F1059,PIPL_11F1059_0260,11-S-078,11S077,NA,C,Picconiella plumosa,Rhodophyta,2019.05.14,T3,5-15m,3,thallus,1ml,batch_15,standards,bside,-64.7932,-64.007233,41.10204,9.511035522,3.723,-34.062,0,1.94847643756156e-5,5.94285313456276e-5,1.1301163337857e-4,0,0.0013736758884809,1.9971883485006e-4,0,0.0182757347461087,0,0.00454384705239356,0.315037464330703,0.0458710322930742,0.00107263627887764,0,0.0150334699540062,0.0469368489044204,0.114862685994254,0.0078163132292782,0.00321011493088267,0.314127525834362,0.00240539416216975,0,0.00171660774149173,8.2030858021341e-4,0.00595454399318813,0.0887336169665534,0,0.320522425502439,2.1433240813177e-4,0,0,0,0,0,0,0.0023722700627312,0.00283503321665207,0,0
07F0515,PLCA_07F0515_0045,07-S-055,07S055,NA,J,Plocamium sp.,Rhodophyta,2019.05.04,NA,5-30m,1,thallus,0.5ml,batch_4,standards,core,-66.089417,-65.83855,58.36735,7.754416447,3.682,-33.287,4.18127483125006e-5,1.8776290751651e-4,1.8855182729599e-4,8.20476570660389e-5,0,0.0078237174531145,3.9524880952005e-4,0,0.0469888509856764,0,0.00370161160532552,0.230837927476182,0.0121083407754766,0.00128120572187738,0,0.0219556374629602,0.00743320216227133,0.00304838602791514,0.0087814660654046,0.00453155521333969,0.24825175376867,0.00523132705773946,0.00281407685340924,3.2424602936675e-4,0.00148080242608611,0.051292408382746,0.133228038840099,0,0.449692952421826,0.00240462748785852,0,0,0,0,0,0,0,0.00414419560161444,0,0
09F0718,PLCA_09F0718_0077,09-S-019,09S019,NA,E,Plocamium sp.,Rhodophyta,2019.05.07,T1,15m,1,thallus,1ml,batch_4,standards,core,-65.10425,-64.04705,53.5102,6.257625897,2.865,-32.571,5.28981111847766e-5,4.1189995909212e-4,1.4740940316824e-4,6.20671171234713e-5,7.61732801060784e-5,0.00687463852957357,1.5939964170346e-4,0,0.0480568760491459,0,0.00242696534115755,0.229000155167793,0.0983721487918072,8.8727765160598e-4,0,0.0103412280825493,0.00878884484631335,0.00441170247281037,0.0082739698974482,0.00392927169880521,0.214867190475519,0.00638938652297189,0.00198262120720543,0,0.00129706168625072,0.0423184889478213,0.126210661437982,0,0.389797717622829,0.00338900565657136,0,0,0,0,0,0,0,0.00634213087698015,0,0
14F1214,PLCA_14F1214_0106,14-S-004,14S004,NA,B,Plocamium sp.,Rhodophyta,2019.05.17,T1,nd,1,thallus,1ml,batch_1,standards,core,-64.77926667,-64.04408333,41.06122,8.655166382,2.346,-34.759,7.58538465931807e-5,6.6572905362956e-4,1.1868895996344e-4,6.78222628362556e-5,9.4058769775544e-4,0.00689823804900337,2.2220715060825e-4,1.7044805528585e-4,0.0430912316522931,0,0.00241929150722486,0.22715728339711,0.0109756054029356,9.2809412302244e-4,0,0.0108283597007253,0.00359547232851676,0.00436114998001028,0.00256029042206865,0.00198558598435091,0.26518504768976,0.00106106145410932,0.00276821920155349,3.4178850876692e-4,0.00160274715860415,0.056216624307499,0.1358703024159,0,0.474796890170769,0.00793698954823234,5.9522959620766e-4,0,0,4.01579187846251e-5,6.15754754697584e-5,2.49871494659889e-5,7.906648009595e-4,7.1034896339025e-4,1.2047375635387e-4,0
15F1417,POPL_15F1417_0197,15-S-020,15S020,NA,F,Porphyra plocamiestris,Rhodophyta,2019.05.18,T1,5m,1,thallus,0.5ml,batch_7,standards,bside,-65.240183,-64.230867,62.85714,7.716834233,6.496,-30.366,1.5031909320379e-4,0.00102395580320998,1.0120493403819e-4,4.01843120445778e-5,2.1282802305091e-4,2.9914987855407e-4,0,0,0.00196010144306329,7.6201362099347e-4,6.9950469114635e-4,0.214020157641568,0,2.9022003143306e-4,0,0.0104836405200743,0.00991213030432919,0.00769157498690289,0.0256256846216126,0.00128292136971948,0.356268157355813,0.00181871219698052,0,0.0203674929751869,0.0332889817592989,0.011610289565176,0.0439809853788637,0.00292154831642616,0.609030456731914,0,0,0.00139900938229271,0,0,0,0,0.00102693241891699,0,0,0
15F1421,POPL_15F1421_0209,15-S-021,NA,NA,F,Porphyra plocamiestris,Rhodophyta,2019.05.18,T1,5m,5,thallus,0.5ml,batch_15,standards,bside,-65.240183,-64.230867,62.85714,7.602715594,6.147,-29.382,5.11894486190322e-5,0.00134681204470075,4.58939884170634e-5,3.26553379121413e-5,6.08977923226418e-5,1.8622368376923e-4,0,0,9.6818664025997e-4,0,4.8453460848015e-4,0.216356617471841,0.00183752469008319,2.4976920619286e-4,0,0.00767312183265287,0.0103914580696635,0.00898639596274114,0.0283086476630252,0.00203875217775801,0.293461165742609,0.00125502406786662,0,0.0315547647668321,0.0378934306285888,0.0149093681986433,0.0489388780331955,0,0.583655032540603,0,0,0.00133710370099714,0,0,0,0,0.00143771744483454,0,0,0
15F1420,POPL_15F1420_0221,15-S-022,NA,NA,F,Porphyra plocamiestris,Rhodophyta,2019.05.18,T1,5m,4,thallus,0.5ml,batch_10,standards,bside,-65.240183,-64.230867,62.85714,7.156445081,5.754,-28.706,4.13288147162577e-5,0.00103721993062092,1.8264669729442e-4,7.59916915750545e-5,2.4663970072605e-4,4.7328158787972e-4,0,0,0.00273836727184494,0,9.5189592604541e-4,0.219061382622167,0.0016211560869345,4.7594796302271e-4,0,0.0187526163806091,0.0177687239528478,0.0116147301228399,0.0390997250967228,0.00270103801984316,0.304642692398964,0.00279969390013358,0,0.0372812572492074,0.0429619694913356,0.018072690719148,0.0696057231076069,0.00371026101146275,0.507203212448772,0,0,0.00152250020664407,0,0,0,0,0,0,0,0
15F1418,POPL_15F1418_0234,n/a,15S021,NA,F,Porphyra plocamiestris,Rhodophyta,2019.05.18,T1,5m,2,thallus,0.5ml,batch_15,standards,bside,NA,NA,NA,NA,NA,NA,1.7160397658473e-4,0.0109383074063505,3.8369877910519e-4,1.1761620867043e-4,6.4785321497157e-4,6.2471560015116e-4,0,0,0.00246029970923731,0,9.4478593850022e-4,0.225271674160683,0.00414356118742239,5.1288379518583e-4,0,0.0247013319553598,0.0100012340061238,0.00885399393794492,0.0248767922010813,0.00139982569663502,0.549730446787342,0,0,0.0256191240099029,0.0319453335287176,0.0157644282309751,0.0521502556706438,0,0.55634780462598,0,0,0.00116844954843088,0,0,0,0,9.5442661134205e-4,0,0,0
12F1080,GISK_12F1080_0192,12-S-019,12S019,NA,A,Sarcopeltis antarctica,Rhodophyta,2019.05.15,T1,30-35m,1,blade,1ml,batch_9,standards,bside,-64.77195,-64.36985,37.26531,14.26402902,3.027,-23.455,2.3815194093831e-4,0.00210712695569338,1.7602534765006e-4,6.2126593288257e-5,2.3815194093831e-4,0.00112863311140334,2.174430765089e-4,0,0.0159768889072968,0,0.00445758306843244,0.318357372873458,0.0155212938898496,0.0019103927436139,0,0.0213560164428384,0.0457251726601572,0.00539983639997101,0.00378454497447632,7.4551911945908e-4,0.966565538378703,0,0,0,0,0,0.25887633701606,0,0.303721382937967,0,0,0,0,0,0,0,0,0,0,0
12F1095,GISK_12F1095_0204,12-S-023,nd,NA,A,Sarcopeltis antarctica,Rhodophyta,2019.05.15,T1,30m,2,blade,1ml,batch_8,standards,bside,-64.77195,-64.36985,37.26531,13.08988978,1.967,-26.558,4.3679324426448e-4,0.00305755270985142,3.5359453107125e-4,1.1786484369041e-4,3.5359453107125e-4,0.00187890427294725,2.1493000908252e-4,0,0.0175687949359717,0,0.00368847628490013,0.328884513252862,0.0154749606539419,0.00203836847323428,0,0.0281350315115126,0.0499677604986376,0,0.00429860018165052,0.00133117941109178,1.49871388655855,0,0,0,0,0,0.19114904356146,0,0.35105003709276,0,0,0,0,0,0,0,0,0,0,0
12F1104,GISK_12F1104_0216,12-S-037,12S037,NA,A,Sarcopeltis antarctica,Rhodophyta,2019.05.15,T1,nd,3,blade,1ml,batch_10,standards,bside,-64.77195,-64.36985,37.26531,14.15155826,1.774,-26.392,1.9700198792915e-4,0.00480863943263427,4.6564106237799e-4,1.611834446693e-4,8.9546358149614e-4,0.00200136110464387,2.8654834607876e-4,0,0.0213433744649605,0,0.00451313645074055,0.324699571968408,0.014725898597704,0.00200136110464387,0,0.0616660995397317,0.0574395114350699,0.00822035567813457,0.00316994107849634,0,1.05648136540287,0,0,0,0,0,0.236402385514981,0,0.2570025252073,0,0,0,0,0,0,0,0,0,0,0
12F1159,GISK_12F1159_0230,n/a,NA,NA,A,Sarcopeltis antarctica,Rhodophyta,2019.05.15,T1,5m,4,blade,1ml,batch_14,standards,bside,NA,NA,NA,NA,NA,NA,3.2259046227821e-4,0.0151982714020512,9.2516509936394e-4,2.373778873368e-4,0.00356675492254786,0.00250159773578015,0,0,0.0183267902249003,0,0.00465017194680301,0.294464225935056,0.0294409446422594,0.00174685778629904,0,0.0529535287135945,0.0494415533035089,0.00696308469521288,0.0031102589853617,0.00202075534861073,1.38226969779969,0,0,0,0,0,0.164448096411942,0,0.349681974497094,0,0,0,0,0,0,0,0,0,0,0
12F1169,GISK_12F1169_0255,n/a,NA,NA,A,Sarcopeltis antarctica,Rhodophyta,2019.05.15,T2,15m,5,blade,1ml,batch_11,standards,bside,NA,NA,NA,NA,NA,NA,3.33601326398874e-6,0.00192821566658549,6.67202652797747e-5,2.7688910091106e-4,1.7347268972741e-4,0.00112090045670022,3.1692126007893e-4,0,0.0372999643046581,0,0.00516081251939058,0.40216307100037,0.0122298246257827,0.00146450982289106,0,0.0103950173305889,0.0175474297685808,9.474277669728e-4,0.00303243605696576,0.00104083613836449,0.528034187463929,0,0,0,0,0,0.42778031685454,0,0.0770518983583479,0,0,0,0,0,0,0,0,0,0,0
14F1293,GISK_14F1293_0271,14-S-028,14S028,NA,B,Sarcopeltis antarctica,Rhodophyta,2019.05.17,T1,20m,1,blade,1ml,batch_14,standards,bside,-64.77926667,-64.04408333,41.06122,14.28284665,1.9,-27.242,1.2087903232305e-4,0.0113062188232829,2.8205107542045e-4,1.1282043016818e-4,4.2710591420812e-4,0.0015150172051156,0,0,0.0149245311908196,0,0.00490768871231596,0.291439346930881,0.0176805731277853,0.00232893602275749,0,0.0341442973301851,0.0610600285274516,0.00506080215325849,0.00374725000201465,0,1.99501978386829,0,0,0,0,0,0.213246730222176,0,0.337695723299836,0,0,0,0,0,0,0,0,0,0,0
14-S-047,NA,14-S-047,NA,NA,NA,Sarcopeltis antarctica,Rhodophyta,NA,NA,NA,NA,NA,NA,NA,NA,NA,-64.77926667,-64.04408333,41.06122,13.24801902,2.935,-23.257,NA,NA,NA,NA,NA,NA,NA,NA,NA,NA,NA,NA,NA,NA,NA,NA,NA,NA,NA,NA,NA,NA,NA,NA,NA,NA,NA,NA,NA,NA,NA,NA,NA,NA,NA,NA,NA,NA,NA,NA
14-S-062,NA,14-S-062,NA,NA,NA,Sarcopeltis antarctica,Rhodophyta,NA,NA,NA,NA,NA,NA,NA,NA,NA,-64.77926667,-64.04408333,41.06122,16.29891294,2.058,-24.392,NA,NA,NA,NA,NA,NA,NA,NA,NA,NA,NA,NA,NA,NA,NA,NA,NA,NA,NA,NA,NA,NA,NA,NA,NA,NA,NA,NA,NA,NA,NA,NA,NA,NA,NA,NA,NA,NA,NA,NA
15-S-075,NA,15-S-075,NA,NA,NA,Sarcopeltis antarctica,Rhodophyta,NA,NA,NA,NA,NA,NA,NA,NA,NA,-65.240183,-64.230867,62.85714,15.59648774,2.405,-22.975,NA,NA,NA,NA,NA,NA,NA,NA,NA,NA,NA,NA,NA,NA,NA,NA,NA,NA,NA,NA,NA,NA,NA,NA,NA,NA,NA,NA,NA,NA,NA,NA,NA,NA,NA,NA,NA,NA,NA,NA
14F1357,SYAU_14F1357_0247,n/a,NA,little brown mystery,B,Microzonia australe,Ochrophyta,2019.05.17,nd,nd,1,nd,0.3ml,batch_15,standards,bside,NA,NA,NA,NA,NA,NA,1.71747858876693e-5,5.619971604354e-4,6.67908340076027e-5,2.67163336030411e-5,9.25530128391066e-5,2.7861319328885e-4,0,0,0.0472134864052028,0,0.00290635543410225,0.150058012610109,0.0819132329816955,0.00219646428407859,0,0.0176852586904417,0.0457784376288109,0.00709414072637895,0.0423701967848801,0.00577072805825687,0.288876082011511,0.140195868891501,0,0.00175659893439995,0.00226516342762927,0.0134421324214158,0.161157695067401,0,0.24943514037525,4.5894844510938e-4,0,0,0,0,4.8566477871242e-4,0,0.00205238691357648,0.0247202418209853,0,0
14F1358,SYAU_14F1358_0261,n/a,NA,little brown mystery,B,Microzonia australe,Ochrophyta,2019.05.17,nd,nd,2,nd,0.5ml,batch_15,standards,bside,NA,NA,NA,NA,NA,NA,7.62321609413382e-6,2.9144141529111e-4,4.10480866607206e-5,2.52152532344426e-5,4.63256978028132e-5,1.8412998873523e-4,0,0,0.0532692748620931,0,0.00421505209881799,0.137114096675281,0.0440791946599958,0.00305808245622368,0,0.0202847916252521,0.0457867950650817,0.00769534344640908,0.0586541974307416,0.00853213801304977,0.200379753441735,0.153817735940004,0,0.0083116511475579,0.00509758596202348,0.0126316690679797,0.185510963650746,0,0.23459216087097,4.6384337926614e-4,0,0,0,0,5.1075547830696e-4,0,0.00256315981134299,0.013215724701038,0,0
11F0994,TRAN_11F0994_0199,11-S-042,11S042,NA,C,Trematocarpus antarcticus,Rhodophyta,2019.05.14,T1,10m,2,blade,1ml,batch_6,standards,bside,-64.7932,-64.007233,41.10204,7.92989279,4.506,-18.954,5.59942118342823e-5,4.6745729654912e-4,5.47359149391299e-5,1.5288307276101e-4,1.1261757211614e-4,6.4487715876561e-4,1.8056560445437e-4,0,0.020776369184309,0,0.00294881877378968,0.255297115354368,0.00775802950706219,0.00105193620434742,0,0.00743968039258863,0.0149441630752776,0,0.00371512158293749,0.0010443864229765,0.219821950989336,0,0,0,0,8.1852213029664e-4,0.504015225392431,0,0.176504451225267,0,0,0,0,0,0,0,0,4.1083393626726e-4,9.56305640315832e-5,0.00151058542263047
11F0982,TRAN_11F0982_0211,11-S-034,11S034,NA,C,Trematocarpus antarcticus,Rhodophyta,2019.05.14,T1,25m,1,blade,1ml,batch_9,standards,bside,-64.7932,-64.007233,41.10204,5.686599838,3.96,-20.229,7.20013339194495e-5,0.00135160398761072,7.57908778099468e-5,1.2505494838641e-4,1.6800311247871e-4,7.4527696513114e-4,0,0,0.0231755872529849,0,0.00465861262271806,0.308529505388731,0.00643717188865815,0.00187329786320252,0,0.00796435807652857,0.0124309671421281,0.0018492974185627,0.00413186602193893,0.00131244536740891,0.211915083900502,0,1.364235800579e-4,0,1.9958264489952e-4,0,0.434960058207394,0,0.18980309529945,0,0,0,0,0,0,0,0,0,0,0
11F1023,TRAN_11F1023_0223,11-S-061,11S061,NA,C,Trematocarpus antarcticus,Rhodophyta,2019.05.14,T2,10m,3,blade,1ml,batch_10,standards,bside,-64.7932,-64.007233,41.10204,5.633265547,3.977,-22.594,8.71944365236285e-5,0.00162605841084605,4.3597218261814e-4,2.474436712157e-4,0.0013314826117797299,0.0019701229441555,4.3361557622561e-4,5.490892894596e-4,0.0384551031133127,0,0.00566292516125079,0.334986885485426,0.0142221195789216,0.00203139471036129,0,0.0383443426128638,0.0176651215184086,0.00239195548841846,0.00444691626270506,0.00185700583731403,0.55128093340466,0,0,0,0,9.8741807847028e-4,0.431119930055922,0,0.101147902973802,0,0,0,0,0,0,0,0,0,0,0
12F1100,TRAN_12F1100_0236,12-S-032,12S032,NA,A,Trematocarpus antarcticus,Rhodophyta,2019.05.15,T1,25m,2,blade,1ml,batch_15,standards,bside,-64.77195,-64.36985,37.26531,6.956785472,3.353,-25.945,1.7968877463279e-4,0.00578090757162196,2.4362711161869e-4,2.9874636764102e-4,0.00138128855591959,7.1544794316984e-4,0,0,0.0175202067192578,0,0.0032553432606788,0.31748691468862,0.00629020949726829,0.00160617512049069,8.8190809635727e-4,0.0216398199143667,0.0151203143120455,0.00170208262596955,0.0039366172651148,0.00145184120362817,0.334156080094893,0,0,0,0,7.8379582063753e-4,0.443199606668989,0,0.156525458481972,0,0,0,0,0,0,0,0,0,0,0
15F1500,TRAN_15F1500_0262,15-S-076,15S076,NA,F,Trematocarpus antarcticus,Rhodophyta,2019.05.18,Bulk collections,5-20m,3,blade,0.75ml,batch_14,standards,bside,-65.240183,-64.230867,62.85714,5.812606594,2.823,-25.081,1.1236306475471e-4,0.00368017996624474,8.57202762046305e-5,1.8649951985061e-4,1.3553070697218e-4,7.6684895739818e-4,1.7607408085275e-4,0,0.0187947497489207,0,0.00302337730937954,0.315611631546452,0.00352148161705509,0.00139932558993505,0,0.0110451734271777,0.0081955534344292,0.0019020634260541,0.0024719874246038,9.3249759925307e-4,0.247911147458568,7.2630558351761e-4,0,0,0,0,0.552325857521317,0,0.0741098123073466,0,0,0,0,0,0,0,8.1086747761137e-5,7.1588014451975e-4,0,0
09-S-029,NA,09-S-029,NA,NA,NA,Iridaea cordata,Rhodophyta,NA,NA,NA,NA,NA,NA,NA,NA,NA,-65.10425,-64.04705,53.5102,12.65382334,5.201,-20.107,NA,NA,NA,NA,NA,NA,NA,NA,NA,NA,NA,NA,NA,NA,NA,NA,NA,NA,NA,NA,NA,NA,NA,NA,NA,NA,NA,NA,NA,NA,NA,NA,NA,NA,NA,NA,NA,NA,NA,NA
11-S-069,NA,11-S-069,NA,NA,NA,Iridaea cordata,Rhodophyta,NA,NA,NA,NA,NA,NA,NA,NA,NA,-64.7932,-64.007233,41.10204,12.11323872,3.946,-24.373,NA,NA,NA,NA,NA,NA,NA,NA,NA,NA,NA,NA,NA,NA,NA,NA,NA,NA,NA,NA,NA,NA,NA,NA,NA,NA,NA,NA,NA,NA,NA,NA,NA,NA,NA,NA,NA,NA,NA,NA
13-S-019,NA,13-S-019,NA,NA,NA,Iridaea cordata,Rhodophyta,NA,NA,NA,NA,NA,NA,NA,NA,NA,-66.02505,-65.353333,76.77551,11.92461055,5.805,-20.109,NA,NA,NA,NA,NA,NA,NA,NA,NA,NA,NA,NA,NA,NA,NA,NA,NA,NA,NA,NA,NA,NA,NA,NA,NA,NA,NA,NA,NA,NA,NA,NA,NA,NA,NA,NA,NA,NA,NA,NA
13-S-009,NA,13-S-009,NA,NA,NA,Callophyllis atrosanguinea,Rhodophyta,NA,NA,NA,NA,NA,NA,NA,NA,NA,-66.02505,-65.353333,76.77551,6.777602668,3.91,-20.477,NA,NA,NA,NA,NA,NA,NA,NA,NA,NA,NA,NA,NA,NA,NA,NA,NA,NA,NA,NA,NA,NA,NA,NA,NA,NA,NA,NA,NA,NA,NA,NA,NA,NA,NA,NA,NA,NA,NA,NA
13-S-004,NA,13-S-004,NA,NA,NA,Callophyllis atrosanguinea,Rhodophyta,NA,NA,NA,NA,NA,NA,NA,NA,NA,-66.02505,-65.353333,76.77551,6.056537707,3.094,-25.881,NA,NA,NA,NA,NA,NA,NA,NA,NA,NA,NA,NA,NA,NA,NA,NA,NA,NA,NA,NA,NA,NA,NA,NA,NA,NA,NA,NA,NA,NA,NA,NA,NA,NA,NA,NA,NA,NA,NA,NA
09F0739,IRCO_09F0739_0101,NA,NA,NA,E,Iridaea cordata,Rhodophyta,NA,NA,NA,NA,NA,NA,batch_4,standards,core,NA,NA,NA,NA,NA,NA,5.533498416036e-4,0.00292237885096905,1.9713088107128e-4,1.5562964295101e-4,3.5967739704234e-4,0.00160817297716049,2.1096462711137e-4,1.4179589691092e-4,0.0182363357173489,0,0.00301575663673966,0.318452833842876,0.00986000249007429,8.0581570683525e-4,0,0.0212797598461687,0.0278680813977617,0.00812040892553295,0.0115235104513951,0.00218227343782423,0.93396461327763,0.00121045277850789,4.8072267489313e-4,0,0,0.00122082808803796,0.0552934829222405,0,0.514300634968943,0,0,0,0,0,0,0,0,0,0,0
11F1030,IRCO_11F1030_0076,NA,NA,NA,C,Iridaea cordata,Rhodophyta,NA,NA,NA,NA,NA,NA,batch_4,standards,core,NA,NA,NA,NA,NA,NA,2.0723128101652e-4,4.3354965370562e-4,3.6265474177891e-4,2.4813219174346e-4,0,0.026552871243933,6.4078093472214e-4,2.3995200959808e-4,0.0215356928614277,0,0.00329115994982822,0.273016305829743,0.00294486557234008,0.00130337568849866,0,0.0167393793968479,0.0114249877297268,0.0129846757921143,0.00682772536401811,0.00301848721164858,0.751104324589628,0,3.7901510606969e-4,0,0.00383377869880569,0.0166466706658668,0.202096853356601,0,0.395271854719965,0,0,0,0,0,0,0,0,0,0,0
13F1251,IRCO_13F1251_0094,NA,NA,NA,I,Iridaea cordata,Rhodophyta,NA,NA,NA,NA,NA,NA,batch_4,standards,core,NA,NA,NA,NA,NA,NA,6.73029034472547e-5,0.00170410951528449,1.3191369075661e-4,1.076846455156e-4,2.2613775558277e-4,0.00110107550039709,1.3999003917029e-4,3.2574605268471e-4,0.0162630735889946,0,0.00250905224051366,0.281848406940275,0.0134255831796584,8.7224562867642e-4,0,0.0130702238494569,0.0404786582493169,0.00622417251080212,0.0193805440766715,0.00317938915884831,0.758159130984911,0.00110376761653498,3.7420414316673e-4,0,0,0.00110915184881076,0.0910392914350325,0,0.505318275430402,0,0,0,0,0,0,0,0,0,0,0
13F1231,PHAN_13F1231_0150,NA,NA,NA,I,Callophyllis atrosanguinea,Rhodophyta,NA,NA,NA,NA,NA,NA,batch_9,standards,core,NA,NA,NA,NA,NA,NA,5.94907885950209e-5,1.457524320578e-4,8.77489131776559e-5,1.3087973490904e-4,2.855557852561e-4,7.4809666658238e-4,0,4.372572961734e-4,0.0215207927742488,0,0.00532740011868412,0.292450767654263,0.0297052380152088,0.00171630925096635,0,0.0105179714235997,0.0134954853927805,0.00401711549987879,0.00553264333933695,0.00210448664654886,0.217658948232603,0,1.6657420806605e-4,3.1381390983873e-4,2.7514489725197e-4,7.6891844259064e-4,0.355496130867837,0,0.249984755485422,0,0,0,0,0,0,0,8.2246015232616e-4,0.00372858517519294,1.6062512920655e-4,0
13F1230,PHAN_13F1230_0143,NA,NA,NA,I,Callophyllis atrosanguinea,Rhodophyta,NA,NA,NA,NA,NA,NA,batch_6,standards,core,NA,NA,NA,NA,NA,NA,2.7562328981613e-5,7.09583363143654e-5,6.86126061882706e-5,1.0145282795359e-4,2.7914188500527e-4,7.0665120048603e-4,0,0,0.0202671082894584,0,0.00602031636862211,0.285940397343226,0.0148003842305947,0.00185078106948874,0,0.0117063661942757,0.012591292884345,0.00169009855585125,0.00332683175133384,0.00205720532058507,0.170934527153585,0,0,3.3661227309459e-4,0,7.9402964768306e-4,0.374435998512807,0,0.258572177529547,1.2901515693521e-4,0,0,0,0,3.096363766445e-4,0,2.0407852097024e-4,0.00165901763168049,2.1756646919528e-4,0.00183670668873217
