Sample,C12:0,C14:0,C14:1w5,C15:0,C16:0,C16:1w7c,C16:2w6,C16:2w6,C17:0,C16:3n4,C16:4w1,C18:0,C18:1w9c,C18:1w7c,C18:1n,C18:2w6c,C18:3w6,C19:0,C18:3w3,C18:4w3,C18:5w3,C20:0,C20:4w6,C20:4w3,C20:5w3,C22:0,C22:5w3,C22:6w3
DEME_03F0154_0033_342020_7.qgd,18167,2510471,25877,117273,11639830,139105,4229,81060,73392,18908,10223,2068055,2286220,32217,56734,1811415,52350,15535879,2149751,2276702,0,432712,6312724,313363,4478223,12524,6959,7999
DEME_04F0245_0034_342020_27.qgd,24034,7470654,21362,227107,14948475,2317115,150448,1302786,51720,3657915,2794724,1525757,2857419,63539,48725,1948007,209921,15070972,3174368,5898954,0,454375,6366325,447595,16387567,11597,2749,433650
DEME_12F1165_0090_342020_21.qgd,17732,6831798,24967,92076,9693805,262519,8467,81178,85564,6392,4431,3018379,6171168,56594,52551,2056357,150965,16550895,2175699,2459591,0,1523682,8453428,463494,4646106,15476,336,-----
DEME_13F1242_0087_342020_22.qgd,15904,3816756,66336,234151,12942448,233911,11524,177455,86310,38064,43079,586603,3015682,75469,62533,1393509,72586,17973718,3297356,4091518,0,680452,6605495,834169,5285272,19281,587,8685
DEME_14F1312_0088_342020_12.qgd,23587,11114682,43557,91238,18653113,632136,13054,228772,141932,15520,23510,4134361,10416767,116804,163059,4659761,339093,19391694,4969554,6433401,0,1879275,14714105,520443,8820374,20878,8433,-----
DEME_15F1416_0089_342020_13.qgd,22901,5614483,34510,147036,18136959,310879,12317,227542,116840,38835,67426,952098,4670296,98441,127298,2810215,286967,19469033,5376109,7709167,0,661576,12331670,655409,9521721,16244,5981,18259
HIGR_07F0558_0050_342020_26.qgd,14816,2926383,38726,198349,11227516,622724,48540,52427,91011,32918,102901,2286422,2191923,19672,36421,807499,84456,17158616,2315531,3943543,0,812478,5998942,357731,3899087,18029,1152219,-----
HIGR_11F0992_0124_342020_18.qgd,11519,3202088,89577,218152,10176508,820098,54648,66534,68376,28656,91626,626379,2035939,17727,44661,1002866,67761,15607701,2473295,3440759,0,924667,5652316,162814,3750393,15667,1844156,320
HIGR_12F1091_0125_342020_16.qgd,11476,2073498,83650,156351,8950115,789852,60337,37198,50133,35423,84697,542953,1448576,20800,25513,622452,71379,16388278,1468722,2218187,0,937992,4261080,193196,2594339,20438,964695,-----
IRCO_08F0676_0069_342020_10.qgd,18412,164062,-----,21732,2398943,43860,-----,1898,7511,1245,2961,214356,100160,15618,-----,43901,10865,14345684,6829,10570,0,5169,298883,2350,1508801,-----,-----,-----
IRCO_09F0720_0070_342020_11.qgd,11277,124717,-----,16483,2340520,29759,-----,-----,5778,861,713,210372,64553,20411,-----,30514,2210,13765260,3270,722,0,5755,235018,-----,1359871,-----,619,-----
IRCO_10F0875_0071_342020_23.qgd,471952,501250,-----,63795,6408220,18948,-----,1553,30416,471,1555,302985,131825,136538,-----,72086,24747,14466197,10607,6676,0,6851,1708267,-----,4032266,11940,10221,-----
IRCO_15F1424_0105_342020_20.qgd,17961,299641,-----,33357,5126678,81047,-----,-----,10738,913,164,207467,232195,51262,-----,87092,25271,13352880,37836,49101,0,6985,576674,7580,3812643,1042,3544,-----
PHAN_02F0095_0051_342020_8.qgd,35274,1588038,-----,251452,18001770,642790,11169,91903,44054,161720,200877,782494,299154,120907,-----,187863,56064,16772110,386003,422198,0,13307,9798150,11948,7863903,2206,8490,30932
PHAN_03F0175_0052_342020_9.qgd,47238,1110030,-----,261589,21082192,105247,-----,5471,95246,5442,3400,1595569,286914,42152,-----,66213,43041,16583654,23735,1919,0,18334,13726134,-----,6649970,4239,3215,-----
PHAN_04F0230_0053_342020_25.qgd,25047,634566,-----,130246,9136231,958490,8521,30957,36664,26131,34545,1193041,383699,194401,-----,319855,23539,16137350,109080,125292,0,17814,1825519,4038,4685122,3222,61799,85224
PLCA_09F0719_0108_342020_19.qgd,460688,4088776,-----,179862,19914678,2960989,47902,326312,25186,621770,728088,742271,186088,143611,-----,244957,96199,17566332,193912,480948,0,131135,4182270,49166,13340798,190162,14830,90495
PLCA_14F1214_0106_342020_14.qgd,499373,3111470,-----,161700,15185493,296251,5392,35085,58361,84258,61441,652636,82635,130038,-----,59003,37343,16677676,28467,28103,0,164683,3231482,51665,11582647,364374,18607,14071
PLCA_15F1397_0107_342020_15.qgd,424722,2990871,-----,199578,16524287,403566,8758,42141,82379,72052,71554,927645,112645,112089,10257,108480,32014,14098605,39293,108873,0,154755,3459344,55670,12412448,82898,47050,609989
DEME_05F0328_0035_352020_7.qgd,11121,3165367,6502,86941,8685792,133324,1001,110317,47741,11449,12761,1026533,2595670,8329,49142,1521738,90454,13433039,1578715,2121056,0,482879,4899355,168159,4046553,8534,1894,-----
DEME_07F0563_0036_352020_27.qgd,14899,6656985,23956,155941,15135695,252228,7294,176337,91091,18514,37698,1434245,4475734,45446,73866,2452588,81848,19237396,3527962,5272539,0,898380,8055818,610152,8326429,19865,1376,-----
DEME_08F0679_0067_352020_24.qgd,42656,22942156,11305,260654,16468258,4782329,135415,1197213,424409,47706,19699,27225894,32268898,162496,147885,12759363,33148,12955979,4660662,4235957,0,6485487,20303808,708518,10619800,22360,-----,-----
DEME_09F0780_0068_352020_10.qgd,12727,5029937,20437,123540,15215655,2617115,29032,341976,69930,394099,779913,976347,3680181,99960,82696,2172004,143343,16648086,3366115,4044848,0,793579,8359285,372037,8057373,23349,-----,59762
DEME_12F1162_0086_352020_12.qgd,21261,7972204,10198,154162,14610949,585473,22343,238865,105130,13556,14035,3298332,6992458,91022,87591,2579880,184536,17287084,3348005,4000971,0,1389359,9246337,467962,8066010,19431,-----,-----
DEME_14F1329_0091_352020_13.qgd,23190,11704987,14651,164188,16349996,766946,34045,250381,164438,12092,13137,4846514,11322334,81294,196961,4412973,260334,19981389,4689655,5648279,0,2201294,11513797,655073,8125381,14998,-----,-----
DEME_15F1408_0085_352020_22.qgd,17913,6951774,12886,156759,16683601,258958,7946,225396,115246,28769,37848,1204184,5501169,66403,144477,3024702,279748,19991485,5223592,7842610,0,773607,11485932,492522,8719257,13630,-----,-----
DEME_15F1427_0092_352020_21.qgd,19036,9276118,23541,159935,14518830,684853,14566,218627,106522,13217,17857,3132951,8312032,44771,124495,4215639,302997,17628371,4017994,5695811,0,1597566,10572760,461220,8968094,14006,-----,-----
HIGR_07F0557_0049_352020_8.qgd,14203,2979430,58456,164716,9593612,605946,57425,48123,59313,48872,126104,1130874,1926098,22904,29685,841131,118057,16018052,2671761,4470880,0,887817,5846028,426152,4319212,16934,1244883,-----
HIGR_09F0705_0122_352020_18.qgd,12072,3220332,59593,244432,9378820,695263,52921,55061,99517,37872,100440,750560,2569446,15112,52961,766483,93858,15572159,2261666,3829725,0,639013,6340079,296793,3772442,12657,1109927,-----
HIGR_10F0835_0123_352020_16.qgd,12596,1937163,30142,161835,10869436,996885,80061,41833,52992,37531,71265,536683,2391086,15151,52210,677383,111440,16160418,1589577,2250057,0,814720,5345631,177117,2708648,15304,1123493,-----
IRCO_08F0677_0073_352020_23.qgd,12217,119281,-----,20446,1705417,33042,-----,662,5606,1312,1976,126821,73437,11911,-----,31249,6640,8736481,2697,4502,0,4215,226822,2765,1110940,-----,-----,-----
IRCO_11F1005_0072_352020_11.qgd,35925,541074,866,66681,5380327,147392,-----,19941,19324,29921,42097,254156,343587,72097,-----,124278,25094,15472509,32276,66340,0,7518,570617,22027,3659818,-----,6696,21981
IRCO_14F1336_0104_352020_20.qgd,28612,565096,-----,41396,5082645,226024,2410,26058,13637,40262,53671,190494,213910,66614,-----,91091,13698,15687734,47337,82950,0,8307,408086,6685,3048339,-----,-----,5601
PHAN_05F0317_0054_352020_9.qgd,46491,898978,-----,272224,11234689,1530520,12652,72503,50796,98130,80843,945904,306321,319809,-----,248195,17496,16542655,33101,50840,0,15788,1594268,3431,5107469,3713,82082,124569
PHAN_08F0600_0055_352020_25.qgd,32249,1186050,-----,286682,15463889,622279,5163,56974,174058,116040,58751,2844946,330539,137899,8003,382600,23279,18498650,26472,97662,0,38343,9892820,37538,4736168,9497,56652,645728
PLCA_08F0608_0048_352020_26.qgd,416498,2812614,-----,161618,14016834,703337,11611,132721,69256,323851,251468,1195111,75182,131896,4279,85129,65341,14998356,36509,116343,0,104881,3629152,31078,10585755,113196,33568,165961
PLCA_10F0863_0109_352020_15.qgd,489968,3469243,-----,146901,15730402,351473,6568,57417,60636,83792,129235,688151,259375,116564,-----,335194,83218,15874142,364337,654679,0,121337,3893513,45444,10459767,205427,19693,26131
PLCA_11F0972_0110_352020_19.qgd,557636,3120846,-----,153060,16573249,99065,2195,12536,59534,15375,35212,892737,87450,70721,-----,43713,64899,15753277,-----,8192,0,125414,2824522,54011,11687739,200068,5725,-----
DEME_03F0184_0037_3102020_7.qgd,12781,4362705,19352,108757,9147573,184166,10392,208933,69127,30008,26159,1617828,3199746,39370,66316,1781116,232391,11809450,2811335,4458588,0,736928,7881512,378005,5797455,13197,-----,4510
DEME_04F0246_0038_3102020_27.qgd,19972,4663031,16232,191614,10580219,1154595,87707,818241,59565,1918987,1551827,1129371,2330726,36821,51116,1842692,190915,11636531,2939132,4798504,0,436054,5167375,396679,9490767,9294,-----,221353
DEME_09F0781_0065_3102020_24.qgd,15055,6351463,14784,141246,9450020,761729,17373,249552,106853,117046,414370,2900820,4513071,62079,99681,2942232,138133,10804419,3300749,3903226,0,1403136,6927601,355320,7185932,14292,-----,23249
DEME_11F1004_0066_3102020_10.qgd,7847,2827030,11055,69994,6842075,264175,10147,139421,51171,115041,126314,506634,2080780,35284,60146,1212843,163292,10009385,2078777,2820774,0,562980,5472648,292446,4201837,12773,-----,6872
DEME_13F1241_0083_3102020_22.qgd,7736,3426442,16526,91566,8039182,263429,10817,165502,38729,46557,90888,578564,2169252,30144,29315,1638673,98108,10774249,2875329,4187476,0,591515,4513621,609042,6290983,14028,1665,5401
DEME_14F1300_0084_3102020_12.qgd,15408,5155139,27538,137672,12290528,356091,10463,109585,95143,40764,65521,1539519,4290356,74722,164130,2229330,172936,12040808,2825798,3081474,0,1168405,8157290,388371,5181904,17191,-----,-----
IRCO_09F0736_0074_3102020_11.qgd,18284,206107,-----,18926,3246377,47048,-----,2527,7165,2641,5021,125943,120527,35108,494,47670,10721,11056321,7659,14030,0,4583,352805,-----,2300473,-----,2912,-----
IRCO_10F0906_0075_3102020_23.qgd,337840,342951,-----,45842,4004268,4913,-----,-----,20690,1014,261,241824,68508,77656,-----,54435,20506,9186679,1345,-----,0,3965,1338222,-----,3140578,6328,6438,-----
IRCO_10F0907_0102_3102020_20.qgd,507683,585595,-----,78637,6654727,12118,-----,1530,32431,2383,1932,267992,99273,182197,-----,86807,32023,9993598,3650,-----,0,6199,2402587,-----,4828907,16525,17954,-----
IRCO_11F1061_0103_3102020_14.qgd,14066,332577,-----,31315,4608377,176027,2702,32528,11945,46992,59481,142127,261134,45367,-----,99360,24732,10713420,17103,35669,0,4860,581513,-----,3331783,1280,6631,-----
IRCO_12F1202_0093_3102020_21.qgd,12976,212150,-----,36396,3108217,35402,-----,1148,10645,644,-----,144358,140288,17776,-----,50966,4374,10230842,2776,1826,0,3700,515244,-----,1979446,869,3391,-----
MYMA_07F0472_0056_3102020_9.qgd,15712,488575,-----,72295,6112909,186778,3484,12194,32689,22863,18622,647441,112271,1154819,-----,206179,51819,11185660,12816,21853,0,12434,435883,6212,5222426,9446,7347,-----
PLCA_07F0527_0047_3102020_8.qgd,441674,2403106,-----,148931,11259294,105461,-----,14275,56629,25689,39217,1375905,61619,59871,-----,49555,31012,11163957,3396,25085,0,133577,2597570,18059,8665737,143233,4934,7643
PLCA_08F0601_0046_3102020_26.qgd,199698,1622633,-----,104533,8379914,967225,22585,152156,56048,374395,364065,1244353,60195,97305,4365,66885,27349,10039943,47997,153238,0,82290,1952394,29617,6379338,91966,18193,279306
PLCA_12F1094_0111_3102020_15.qgd,356459,2007096,-----,95035,8708224,105781,-----,12000,35664,12975,42972,736678,88785,78938,-----,70374,27888,11764816,26125,27164,0,75136,2284614,38348,6017022,248727,4008,4705
PLCA_14F1292_0112_3102020_19.qgd,378917,1951215,-----,96078,9269526,146412,-----,11967,41230,18444,21642,521933,73870,59130,-----,70700,45415,10198582,19784,20533,0,97443,2211744,56050,7209815,360303,-----,-----
PLCA_14F1309_0120_3102020_18.qgd,501495,2633381,-----,160250,12328813,114476,-----,13258,57311,14881,10339,583119,59304,90473,-----,89552,49633,10070697,23460,33856,0,96918,3136224,42560,9467899,440551,8065,-----
PLCA_15F1483_0121_3102020_16.qgd,409334,2452845,-----,153404,10801220,142511,-----,18380,50462,34257,35792,757851,194015,72890,-----,160683,47531,10819728,54319,150610,0,202426,2559191,36837,8370124,283474,1094,49953
DEME_05F0329_0039_3112020_7.qgd,19515,7416986,14905,115952,7982231,710955,37243,256173,152670,17604,7367,5807039,6799011,47524,77179,3360569,407790,9606485,2550113,3342590,0,1589308,9180620,389805,5428746,11831,-----,-----
DEME_07F0564_0040_3112020_27.qgd,13087,3261134,7103,77305,5897802,269243,5274,143662,52573,4518,6247,1395845,2577270,26744,41556,1958937,93008,10717212,1957988,2328378,0,900183,3601370,242115,4036913,12144,-----,-----
DEME_07F0565_0063_3112020_24.qgd,6931,2295653,4551,58943,5769352,90894,2639,50654,33519,3368,3778,529393,1630774,16534,33917,1062147,88243,9514445,1576836,2275813,0,370314,2465240,225133,3096907,8212,-----,-----
DEME_08F0678_0057_3112020_9.qgd,10227,3575550,4535,78151,6837606,218252,8798,96571,55077,17555,34591,1115457,2548105,48871,62475,1599619,140495,9871772,1847700,2473892,0,580692,4236322,223395,3435532,8808,-----,-----
DEME_08F0680_0064_3112020_10.qgd,14558,3250111,8074,76785,6128393,173656,7777,96612,45150,34549,49977,783734,2043684,27743,48772,1353203,162399,9517398,2201008,3477416,0,494374,4700929,309555,3959642,8751,-----,-----
DEME_09F0722_0058_3112020_25.qgd,8634,3349807,11145,92278,8463062,1405729,30316,253040,44863,328545,614214,757472,1922168,69570,59825,1330914,126021,11035287,2042143,2601860,0,526380,5095682,294353,5028300,15089,-----,47597
DEME_11F0995_0081_3112020_22.qgd,27448,8762917,31162,149494,9958615,619504,27493,237516,163977,17707,16949,5422118,6924204,62383,99507,3988678,324830,10396070,3148118,3622275,0,2224320,9279805,474876,6270508,23045,-----,-----
DEME_12F1161_0082_3112020_12.qgd,21465,4685107,14417,110949,8109866,382946,12795,145350,90927,19709,34690,2147012,4044923,56580,54588,2306130,190130,10798048,2035722,2181688,0,1457600,6049727,241960,4644471,15644,1227,-----
IRCO_08F0692_0100_3112020_20.qgd,22080,224984,-----,23397,2792404,36752,-----,1094,5847,897,864,184614,93503,28408,-----,50867,7275,9948269,4628,2136,0,6268,514502,-----,1995580,-----,2808,-----
IRCO_09F0739_0101_3112020_14.qgd,16585,186179,-----,29620,2937900,41231,-----,2053,6977,602,748,194494,94377,30852,-----,46366,8159,9103363,7216,2180,0,4265,214164,-----,2068609,-----,3188,-----
IRCO_11F1030_0076_3112020_11.qgd,335904,277462,-----,40868,3202477,16199,-----,1663,15328,2024,5798,193657,46691,63464,-----,35634,13158,9301371,999,1211,0,3737,990335,-----,2023804,-----,5178,-----
IRCO_13F1251_0094_3112020_13.qgd,13979,213209,-----,32181,3345938,66586,-----,2189,9858,1718,1004,151697,174841,29864,-----,101017,13541,9503894,9704,3364,0,3851,449057,-----,2616591,-----,2257,-----
IRCO_14F1320_0095_3112020_21.qgd,7250,117010,-----,12411,1861806,18946,-----,541,6330,1188,931,123774,75922,9173,-----,26453,4057,9590242,2919,3795,0,3896,202457,-----,1063469,-----,1201,-----
PLCA_07F0515_0045_3112020_8.qgd,340145,2097984,-----,159508,9446872,214064,18107,41616,50086,47106,140135,879359,108313,49754,-----,147300,69877,10574541,67182,204656,0,111393,2264572,21656,7922215,77211,-----,67891
PLCA_07F0528_0114_3112020_19.qgd,420634,2449506,-----,160906,10450867,137552,21280,25291,52698,27458,37266,703270,95284,56534,-----,65365,51441,9850595,-----,34667,0,134031,2819423,40732,8796589,144006,18207,11157
PLCA_09F0718_0077_3112020_23.qgd,335809,2401130,-----,103498,10363915,1900135,30933,224913,37018,423857,505530,457892,149659,82628,-----,163549,60082,10213185,111982,308861,0,88114,2386225,40322,7631620,128047,4263,115481
PLCA_11F0973_0118_3112020_18.qgd,384352,2168459,-----,110308,9396829,111640,-----,15110,43548,19051,21930,510263,61434,70614,-----,45399,28042,10543343,14402,11993,0,109441,2296922,31547,6979945,297320,15818,313
PLCA_12F1112_0119_3112020_16.qgd,365517,2169294,-----,115391,8652658,137859,-----,15485,39126,25960,49917,510412,61792,53460,-----,98265,34399,9513572,23292,63426,0,105009,2629105,27415,6131524,201403,4429,5583
PLCA_15F1415_0113_3112020_15.qgd,176819,1232247,-----,87683,5614014,48031,6672,8046,28384,5442,17788,374502,37750,23796,-----,31261,16489,9368497,3772,15063,0,57554,1539419,10001,4271224,287375,2532,14924
DEME_03F0188_0061_3232020_24.qgd,15882,4484834,26935,117361,11210342,191089,9889,203563,74936,51815,42405,1143815,3245474,51928,73506,2022794,177979,13673478,3673655,5340350,0,703091,8748915,494632,6900616,13042,-----,5815
DEME_04F0247_0062_3232020_10.qgd,13876,3968994,18114,126589,10292014,584342,38728,421980,50964,820688,711952,816974,2501252,23139,44188,1807275,159634,12222360,2782542,4832928,0,485748,5741749,386420,8026076,8875,-----,73079
DEME_10F0900_0059_3232020_9.qgd,7428,3011758,11208,64517,6492557,110374,3314,66368,48431,13021,18789,510042,1956532,36078,54377,1276835,147837,10484705,2115351,2558564,0,505135,6172486,306708,3347363,11934,-----,3847
DEME_11F0966_0060_3232020_25.qgd,62258,23678830,18576,281614,16217072,2868483,116463,582564,455935,28058,25629,23786831,23361835,136657,150625,10427769,563194,10994197,5060112,5542385,0,5976205,15561479,787622,10682890,21998,-----,-----
IRCO_03F0167_0041_3232020_7.qgd,22399,249133,-----,51707,4226267,46210,-----,304,28571,1496,2117,2155436,141984,37533,-----,57589,7683,11230120,3968,1922,0,31970,306756,-----,1848426,4995,1775,-----
IRCO_07F0516_0042_3232020_27.qgd,11472,112976,-----,15413,1809380,28208,-----,1063,5056,1075,2123,285308,71997,30800,-----,27102,7297,9233942,3044,2834,0,5544,247864,-----,1346975,540,1636,-----
IRCO_07F0542_0043_3232020_26.qgd,17266,167928,-----,24231,2399470,39580,-----,2964,8146,2258,3225,490881,98553,11268,-----,40959,9838,12199670,3426,2480,0,8986,256727,-----,2015418,935,2605,-----
IRCO_07F0546_0044_3232020_8.qgd,16348,200435,-----,26131,3178228,64629,-----,4472,10993,5749,6677,642245,159189,37128,-----,52567,20757,11561034,10700,13807,0,9748,424752,4284,2598753,1697,2496,-----
IRCO_12F1205_0097_3232020_21.qgd,13591,248538,-----,32472,3476813,63927,-----,1011,10197,1062,2146,113869,191821,40528,-----,73970,17564,10200177,8945,15246,0,3436,534562,8564,2173585,1102,1925,-----
IRCO_14F1335_0098_3232020_20.qgd,20073,456306,-----,31830,4574153,199551,-----,20390,12016,42329,71653,187474,221490,88230,-----,83681,25560,9744327,22650,65475,0,6478,727758,7470,3217023,1562,4761,-----
IRCO_15F1422_0096_3232020_13.qgd,24593,440990,-----,56796,6246854,70095,-----,1500,63725,2657,1119,2468914,362431,85376,-----,135607,36716,11030732,24946,36536,0,26452,659226,7754,3698565,8584,5283,-----
IRCO_15F1423_0099_3232020_14.qgd,19492,268627,-----,25560,3276331,56247,-----,469,10578,114,-----,91967,105777,44802,-----,42646,11418,10996057,10387,11419,0,4157,368619,-----,1824442,1168,1886,-----
PLCA_08F0619_0115_3232020_15.qgd,210425,1717574,-----,113651,8926951,378099,-----,50896,53389,111760,88814,778679,72638,59839,-----,61888,31741,10913128,36617,120079,0,80288,2372583,43742,6752688,113757,32120,522348
PLCA_09F0735_0116_3232020_19.qgd,350312,2514717,-----,148343,11978321,842474,27159,156742,44513,228339,369175,522499,196951,104244,-----,281207,96911,12065965,420524,556655,0,112619,3391151,39272,10038783,222754,11113,63708
PLCA_10F0855_0078_3232020_11.qgd,303674,1826921,-----,98875,9619633,143247,5153,27709,35915,38413,65743,468809,81854,70629,-----,103917,33728,11674169,106912,151994,0,127887,2038099,25920,6385819,184943,6461,13966
PLCA_10F0864_0117_3232020_16.qgd,369363,2048376,-----,102912,9937039,185360,5241,23719,36858,37081,61671,506263,86984,86575,-----,90867,46318,10948642,40218,96513,0,119124,2397430,28022,7759572,101739,9791,17857
PLCA_11F0961_0079_3232020_23.qgd,521574,2671143,-----,132917,12588025,105304,2094,12489,49066,24720,21701,787791,53069,65058,-----,61083,51538,11601732,13928,12687,0,97596,2544619,49305,9333162,180698,10355,6184
PLCA_12F1093_0080_3232020_22.qgd,482372,2526379,-----,148012,12173298,167082,3971,25874,63574,47446,56215,937965,71534,154856,-----,66254,27498,11046780,27584,35593,0,120566,2863056,47248,9171656,230760,29902,168499
BEDI_08F0576_0180_5222020_12.qgd,14209,996420,-----,43574,2612385,981953,31434,327327,-----,1565464,51749,256428,23672,61328,1227,17074,741,6943040,65358,13839,1464104,9772,213397,385,833583,-----,8327,254951
BEDI_09F0817_0181_5222020_13.qgd,6528,1250031,-----,41119,3116692,1454596,37649,539943,-----,2910394,5214,102274,11287,8647,-----,15285,-----,6096371,56301,6318,2228313,3492,75767,-----,534018,-----,1218,269169
BEDI_13F1228_0182_5222020_19.qgd,6036,1016152,-----,35585,2606894,1326863,41446,438514,-----,2084128,9335,126473,15631,14209,-----,13355,-----,5399734,55183,14990,1761247,4582,123236,-----,460237,-----,1682,188545
BEDI_14F1216_0179_5222020_20.qgd,6486,543112,-----,24233,1743913,781667,20143,252105,-----,1130226,2240,118279,18363,12860,-----,9316,-----,5747090,68206,4674,1051976,3314,64407,-----,285534,-----,1356,102403
CAAT_14F1385_0200_5222020_15.qgd,15257,342584,-----,90417,4734038,51643,-----,3444,41807,2858,895,167549,150041,21159,-----,145820,6195,5824818,6652,-----,0,3666,4288753,-----,707289,1071,-----,4933
HIGR_13F1234_0126_5222020_7.qgd,6912,1965934,33978,141782,6304157,434357,21823,45431,52826,23668,74399,603752,1185645,14545,18469,794413,67108,8454611,2060877,3376862,0,344353,3695645,228150,3426034,7902,807033,11794
HIGR_14F1211_0127_5222020_25.qgd,4270,1097187,16225,73443,4500266,302412,23856,15178,29122,11181,29355,297190,898217,9285,15496,270730,42341,6655655,953429,1609599,0,454180,2203012,124552,1750478,8545,600380,-----
HIGR_15F1398_0128_5222020_26.qgd,6237,1647181,62118,102149,5465480,363255,15978,33463,25544,17335,71789,357467,957865,14563,18202,652101,41215,7801592,1347320,1798430,0,465491,2612616,119661,1945763,9349,954161,18287
HIGR_15F1449_0141_5222020_27.qgd,4623,948999,9903,74263,4450777,394639,24650,24210,26365,11376,31689,263185,1221118,7227,14234,418666,48162,6526730,865779,1560339,0,239757,2323409,75960,1409802,3745,491731,-----
MYMA_07F0473_0164_5222020_21.qgd,6023,240293,-----,34869,3442490,82236,1828,5673,13956,7835,5528,218175,52154,502582,-----,74338,22144,7199022,4157,6269,0,3440,145033,4504,1827478,4693,2039,2512
MYMA_11F0983_0161_5222020_22.qgd,6190,298802,-----,40757,3971889,78398,1066,1499,10371,2375,-----,197288,66077,616455,-----,108807,27205,7467854,13297,8283,0,3958,188158,2236,1732479,8979,3061,-----
MYMA_14F1218_0162_5222020_10.qgd,6217,270474,-----,31114,3562676,69550,876,1870,11726,4260,-----,288621,58632,518230,-----,97066,20357,7176013,5614,4047,0,4852,143640,3076,1006720,6147,1560,-----
MYMA_15F1413_0163_5222020_11.qgd,5984,306135,-----,49617,4748609,97505,2187,1291,19231,3328,-----,237978,71694,903543,-----,118963,36298,6807516,3141,6320,0,4525,248893,2883,3353775,6285,2887,-----
PHAN_02F0096_0144_5222020_9.qgd,9524,445497,-----,83711,4364280,678289,10814,86978,17095,152803,162886,326763,182352,90729,-----,135684,17174,5763703,144320,257985,0,7849,1302039,5150,2354070,-----,14232,65979
PHAN_03F0186_0145_5222020_23.qgd,14713,491590,-----,171662,7096937,129978,2437,18807,38597,44955,24014,205880,80298,36844,-----,37160,17550,5326836,30587,36495,0,2527,4515579,1959,3126016,-----,4081,36132
PHAN_09F0709_0142_5222020_24.qgd,11759,546026,-----,111348,7121158,1322954,12531,89616,19266,109898,165931,227053,212508,167259,-----,170077,22725,6029103,27994,87922,0,3576,1038649,3242,4684923,2528,35560,90389
PHAN_13F1230_0143_5222020_8.qgd,27224,783275,-----,221326,10034212,189437,3607,27880,61347,68614,22625,391847,128229,24120,-----,48652,18166,6031859,4056,12761,0,7657,4815851,-----,3287990,3487,2003,18258
RHLA_11F1031_0198_5222020_18.qgd,6670,256724,-----,37996,3563081,68816,1626,1356,14077,2486,1030,139473,61762,574374,-----,127613,32321,6816469,4575,8457,0,3748,221050,6211,3273048,7842,3515,-----
TRAN_11F0994_0199_5222020_14.qgd,23991,748204,-----,100663,8361979,94007,3678,8301,31091,29211,29365,231365,168517,19867,-----,48298,10732,7231849,9711,7304,0,4125,6006692,-----,2049496,1345,-----,4918
BEDI_08F0577_0184_5242020_16.qgd,15174,1283688,-----,71674,3156177,1311551,39056,480529,12777,2107349,61396,356312,27945,52405,6550,18655,1519,7878925,114493,25022,2081809,19286,608058,4887,879795,-----,9466,432115
BEDI_09F0816_0177_5242020_18.qgd,58857,1640303,-----,49158,4691322,1875792,47647,825444,5508,3203681,41683,187419,350700,120025,5414,28772,2847,7717433,115859,28647,3055442,17559,145564,3441,1313689,-----,999,406464
BEDI_13F1227_0178_5242020_10.qgd,9244,1205653,-----,43779,2954995,1614772,44928,512827,6894,2064071,118750,199345,19971,58406,4562,17051,11089,6177029,79383,52614,1768722,3066,152741,3545,1245597,-----,12709,264378
BEDI_14F1342_0183_5242020_11.qgd,11220,1078977,-----,39082,3226926,1364654,32725,717947,3985,2109290,13402,189332,26847,33919,5881,18511,1649,6711988,92828,7479,1872847,4453,145896,-----,599202,-----,1955,203126
CYJA_14F1347_0201_5242020_13.qgd,5061,698865,-----,47101,4376067,38034,-----,32987,31136,3211,2436,181093,715158,1042,-----,565493,32959,6741762,1456223,967659,0,37442,2176588,3971,1804706,54192,22012,-----
DEAP_08F0688_0202_5242020_14.qgd,9639,2855744,18003,76672,6919922,290269,12229,157745,53651,119094,212237,555494,2018946,22719,17517,1699899,169895,6818927,2947282,4271988,0,459772,6053351,248114,4564018,9406,-----,11384
HIGR_09F0706_0129_5242020_24.qgd,4890,1279010,41872,85460,3959772,397036,35454,23820,33946,31307,68323,418228,884187,7533,-----,329506,50628,6125644,1140449,2002795,0,343143,2797552,128327,2185326,5963,694361,524
HIGR_14F1289_0140_5242020_25.qgd,5855,1166706,29356,59457,4189692,338640,14668,37923,20393,8526,33834,263150,1029017,8497,-----,441626,49483,6571489,1299508,2340761,0,205798,2823841,159962,1794675,2750,655421,-----
MYMA_08F0622_0158_5242020_27.qgd,5148,257002,851,48382,4457395,59270,1991,1833,17851,3834,2586,264425,91748,648181,-----,109949,38294,6873811,4103,6679,0,3995,277999,6353,2390549,5715,2848,-----
MYMA_08F0623_0165_5242020_19.qgd,8648,296554,-----,49707,4198679,98802,437,2397,20055,3618,3006,198770,56210,774724,-----,126875,27899,8156181,5157,6394,0,5146,150717,8228,3406146,6094,3375,-----
MYMA_09F0777_0159_5242020_20.qgd,4901,229675,767,33992,3739600,79020,1337,4021,16680,10813,2659,229189,48656,570534,-----,110794,26338,6761305,4088,7340,0,3832,248279,8890,2387135,7343,4166,23557
MYMA_10F0840_0160_5242020_8.qgd,7533,281737,-----,43644,4045231,112448,2270,3073,14650,7896,3707,194745,86680,579995,-----,99166,26222,6595114,5020,5500,0,2684,351124,4011,3217150,4188,2007,5209
PADE_12F1178_0196_5242020_15.qgd,13708,1283483,-----,67240,2369592,352303,15639,105234,7654,89468,326797,151305,152738,111028,8754,11943,8350,6480868,19223,119845,0,7412,25372,5862,3974047,6619,5094,4199
PHAN_04F0231_0146_5242020_7.qgd,6870,289354,-----,69114,4540463,769422,5462,26918,16491,21887,38819,179325,162633,111889,-----,137886,17453,6261845,25179,65652,0,3062,922860,2375,2790126,-----,26530,40197
PHAN_05F0318_0147_5242020_21.qgd,13621,289713,-----,69429,4429434,32963,-----,1718,20200,1055,1151,185411,50590,8207,-----,13504,3343,5815119,6443,-----,0,2834,2158069,-----,1278191,-----,-----,966
PHAN_08F0702_0148_5242020_26.qgd,16142,483358,-----,115871,6652393,132896,-----,7151,51126,6819,7248,194253,147754,33469,-----,169211,12114,6363036,10860,2184,0,2663,3914644,-----,2730116,-----,-----,5247
POPL_15F1417_0197_5242020_12.qgd,5187,33424,-----,11610,3376151,17968,-----,1073,4042,931,545,155225,53661,49959,-----,172364,6204,5905153,12799,8812,0,3555,267923,10835,3749338,-----,5086,-----
BEDI_08F0575_0176_5252020_16.qgd,4917,1105972,-----,36553,2812647,944453,32786,368156,3439,1860833,16753,61200,11177,11855,-----,7648,-----,8478463,53499,4979,1585799,3765,88532,-----,507755,-----,-----,224971
BEDI_09F0818_0185_5252020_9.qgd,9548,1475551,-----,42812,3490238,1552544,47356,585641,3403,3224509,6362,148345,9220,6282,-----,15664,-----,8322015,52581,5643,2403471,4413,101908,-----,596177,-----,-----,222908
BEDI_13F1229_0186_5252020_15.qgd,13028,1573381,-----,56663,4549283,1813666,67884,649012,13357,2775210,139496,541949,175585,220898,-----,24046,8913,8617997,90269,90235,2270967,10381,198458,3400,1626758,-----,11184,334414
BEDI_14F1391_0187_5252020_26.qgd,10242,1111724,-----,42095,2883280,1154960,28979,616251,5006,2061443,4382,147808,18063,11278,-----,12824,-----,7418708,94549,6136,1919069,4338,99021,-----,459570,-----,-----,162788
CAAT_14F1394_0212_5252020_23.qgd,21534,690108,-----,147516,8124360,98129,-----,5510,75795,9076,5745,291218,204661,30532,-----,200936,9335,8899742,14784,3968,0,6275,6833614,-----,1758856,-----,-----,12847
DEAN_07F0571_0203_5252020_11.qgd,8241,3737583,-----,59433,3792885,82353,6860,77794,20258,6029,14694,314718,1297784,4090,29378,681953,124562,9877579,1473484,3636147,0,156367,4986021,111264,4376541,-----,-----,-----
GISK_12F1095_0204_5252020_13.qgd,11048,106880,-----,21482,1880618,33004,-----,748,11139,107,-----,151050,99019,15526,-----,8875,2745,9025839,-----,-----,0,3948,429131,-----,814276,-----,-----,-----
HIGR_10F0836_0130_5252020_22.qgd,8581,1469815,49507,114748,5842670,479069,38713,30295,45604,20728,56353,488304,1131555,9576,29347,501775,64935,9187575,1248250,1844007,0,496822,3420355,100568,2120625,9908,904636,237
HIGR_12F1103_0139_5252020_21.qgd,4520,1099118,15420,75473,4792571,414350,27797,29408,16695,17557,54050,411589,767556,12723,15586,398895,33751,8733552,1012945,1481278,0,432871,2165760,85681,1479990,8309,687638,-----
HYSP_05F0291_0193_5252020_25.qgd,43913,539990,-----,181585,7977493,60488,-----,4946,65770,225,6838,353131,243821,75601,-----,384099,36262,8761606,3536,1887,0,6392,1177897,-----,3384861,-----,3406,15976
HYSP_05F0294_0205_5252020_24.qgd,17182,495024,-----,178136,8192710,87273,-----,8406,43607,15631,13568,373792,223807,107223,-----,380610,36099,9046801,4637,6497,0,4888,1485504,-----,4188014,-----,3247,7755
LAAN_14F1207_0194_5252020_14.qgd,25655,281354,-----,14646,4887563,226815,11826,50341,5676,170122,13093,333653,146374,894551,-----,745091,46577,8871887,4406513,156113,0,6187,218287,9154,853971,-----,19035,15445
MYMA_09F0778_0166_5252020_7.qgd,5343,410578,834,47400,5364927,139625,3153,13335,20342,17414,15249,336997,92883,853144,-----,153779,43113,9722875,113320,70529,0,6894,377242,9362,3656258,8458,5098,5166
MYMA_10F0841_0167_5252020_18.qgd,10756,432815,1414,74415,5809724,139407,2251,4082,22679,9270,5562,316245,89474,917784,-----,131760,34274,9756846,5747,7188,0,6524,426772,5103,4172154,5107,3578,7321
MYMA_14F1307_0175_5252020_27.qgd,5300,158123,1130,20276,2588731,56694,1211,1939,8471,2679,1468,158202,42812,338280,-----,56700,12473,9549899,5539,5264,0,3761,100044,2346,812204,3468,1093,-----
MYSM_12F1170_0195_5252020_10.qgd,15567,473945,950,54285,6050618,98690,1642,9852,16914,22620,25326,219827,85026,677234,-----,153461,30998,8459140,64128,155173,0,7605,1147869,2495,1523388,7310,3701,6306
PHAN_09F0710_0149_5252020_20.qgd,17184,429323,-----,80180,5304732,627923,5594,28394,24169,32650,22051,287326,155428,95595,-----,118416,6485,8209693,8803,12128,0,3995,790141,-----,2384583,-----,21497,40286
PHAN_13F1232_0157_5252020_19.qgd,44761,1127432,-----,253397,13258669,202547,4856,51317,88707,68336,65246,460109,231235,37970,-----,80247,45278,10193615,15098,24748,0,7585,7958769,-----,3762673,2692,3177,9114
CAAT_14F1346_0188_5282020_19.qgd,20225,496368,-----,85043,6760784,149433,-----,14944,44163,30217,10168,254719,212344,33137,-----,192961,6617,8350356,10934,13763,0,4210,3567541,-----,2151779,-----,-----,9368
DEAN_07F0570_0191_5282020_25.qgd,10920,4153502,-----,54870,3766210,88016,3167,72858,20595,5815,14977,408827,1446651,6092,28649,1083668,144202,8942746,1251061,2853802,0,203595,4327872,91243,3845968,5130,-----,1590
GISK_12F1080_0192_5282020_20.qgd,9771,144543,-----,38978,2697768,49464,-----,878,15538,747,-----,178948,133130,18132,-----,13009,1425,8687540,329,-----,0,3897,856484,-----,1052392,-----,-----,-----
HIGR_10F0837_0137_5282020_13.qgd,5939,1471456,34616,90388,5887204,565905,50979,37240,31782,37370,71896,455717,1052208,17278,18607,641172,69030,9629126,1078918,1505791,0,647340,3186339,100377,2041827,11811,853236,-----
HIGR_11F0984_0131_5282020_11.qgd,8325,2690260,27520,124645,8513949,706103,32060,72495,58658,17663,58474,640388,1887584,15552,25169,1235817,93506,9411865,1955634,2353160,0,791927,3588985,176902,3417397,12837,1407364,-----
HIGR_11F0985_0138_5282020_10.qgd,4923,1696682,7847,121564,4761512,375616,26261,33491,51582,8757,34681,352886,1149453,4015,18464,396515,27597,8593311,1177518,2031256,0,280377,2618348,108318,1698134,5801,520090,-----
HIGR_12F1102_0132_5282020_12.qgd,10598,1500005,29847,80935,6204441,442441,31346,26494,35251,31599,61409,508212,1269715,10223,23978,532086,60210,8508900,1375716,2055112,0,426810,3420997,141233,1983068,7106,672972,-----
LAAN_14F1208_0206_5282020_21.qgd,13667,350468,-----,16461,3792687,396067,13574,115443,1652,498111,9031,144918,98126,534699,-----,515899,31207,8649534,3116311,74591,0,4477,158891,9642,607521,-----,9702,44033
MYMA_10F0842_0173_5282020_27.qgd,14597,365988,992,52142,4358036,161280,3763,15120,17458,20832,14216,249299,69249,633733,-----,118424,26825,9010846,13149,12042,0,5428,172207,2070,1203056,6707,2561,6027
MYMA_11F1049_0168_5282020_7.qgd,7740,260138,868,43764,3730479,73933,1830,1436,12749,2293,-----,230497,59550,466790,-----,90652,26927,9348220,3717,8419,0,4870,151421,7470,2514406,7263,1814,-----
MYMA_11F1058_0174_5282020_18.qgd,8101,299054,974,47557,4391401,72179,1353,1254,17620,2723,-----,250345,77609,520853,-----,104997,24212,9062066,8114,8194,0,5331,232299,5490,1954393,7322,2615,-----
MYMA_14F1290_0169_5282020_16.qgd,7375,239453,1339,29786,3253497,55607,613,1363,10439,1454,-----,260423,44889,400261,-----,86651,9810,9798496,4026,2232,0,4837,67961,2871,764619,5402,1025,-----
MYSM_12F1194_0207_5282020_24.qgd,13757,382705,-----,49255,5579917,52691,1984,4749,12683,11546,6415,243685,106238,610297,-----,124796,30166,7293431,27873,53160,0,7481,1554458,755,3902099,5808,5586,826
PHAN_02F0097_0151_5282020_14.qgd,12204,778819,-----,108609,6332945,1345957,28985,231062,17274,540568,401256,432999,200703,123716,-----,158574,25880,6449861,227947,427998,0,7535,1651664,5762,4038667,1690,15008,129239
PHAN_08F0703_0155_5282020_15.qgd,18179,721817,-----,182312,9343506,111839,3664,5063,80523,3742,2101,301229,145058,27923,-----,183836,9882,8934174,19843,-----,0,5051,6092493,-----,3099673,-----,1732,-----
PHAN_09F0721_0156_5282020_8.qgd,25480,699364,-----,143812,9037400,586654,5622,20085,42286,23382,26080,483438,437573,113784,-----,141247,19161,8192157,33574,22912,0,4909,1000653,-----,5944046,-----,46952,207427
PHAN_13F1231_0150_5282020_9.qgd,22154,676219,-----,162549,8667081,300122,3333,23758,49436,30677,18690,306281,136423,51833,-----,68307,17549,6777951,24901,10901,0,5136,4028347,-----,2988833,-----,8026,38689
RHLA_11F1042_0210_5282020_23.qgd,7785,337184,-----,51339,5154316,124024,3119,2024,18628,4122,-----,198743,90082,857267,-----,183527,45187,8961703,7085,7194,0,5480,312931,5725,4235148,11960,3912,-----
TRAN_11F0982_0211_5282020_22.qgd,26358,858632,-----,168066,10781605,77954,-----,2769,62615,2818,-----,269717,147780,28077,-----,60140,10757,7764080,11121,-----,0,4570,5877542,-----,2686225,2396,1437,-----
CYJA_12F1097_0224_12162020_19.qgd,14279,1379753,11583,120564,6746813,65407,-----,53922,86209,5284,14007,851822,1100919,6970,6851,1219780,70803,11689345,2078759,1588212,0,175483,3564784,16828,2360372,106856,45585,-----
CYJA_14F1354_0213_12162020_7.qgd,15593,1528418,13450,108558,7239828,66535,-----,75579,76907,-----,4359,819583,980596,7183,7119,1072409,81743,12210237,2047456,2540517,0,150254,3371789,35334,3018866,75386,28236,-----
DEAN_07F0574_0215_12162020_9.qgd,28428,6405996,58835,129410,7376854,96338,11052,140499,55402,15369,28645,1079726,2634915,12272,58560,2148893,329760,12339659,2688258,4846732,0,495988,6185733,211259,6025318,10197,307,5692
DEAP_08F0689_0214_12162020_8.qgd,29642,4843252,69659,173720,9906758,184222,20495,206577,112440,106098,285601,1385799,2534667,40034,90030,1959366,208783,13242284,4363940,5633573,0,988926,7188685,538082,6164556,22541,7032,10589
GISK_12F1104_0216_12162020_10.qgd,19006,221690,3354,48022,3288314,2779,-----,1300,21531,-----,-----,630203,189473,29349,-----,12612,5375,11866461,3711,699,0,12427,876433,-----,1012691,-----,892,262
HYSP_05F0293_0217_12162020_11.qgd,42245,893416,-----,356166,10676787,75537,-----,5154,132198,6376,6585,817558,453650,232196,-----,747495,103851,11071008,11413,3546,0,14779,2324582,-----,5584816,-----,3810,2547
LAAN_14F1343_0218_12162020_12.qgd,33632,966073,-----,44857,6030033,91546,67743,267749,13848,960219,594023,500049,112769,603768,-----,650029,50283,11469069,3118786,253555,0,14303,372455,19194,3379167,-----,21097,47068
MYSM_12F1195_0219_12162020_13.qgd,62854,740201,-----,136562,8128997,88873,2798,8848,47754,32159,23850,694656,145417,959537,-----,208632,50396,11378186,19935,15943,0,16916,2414779,4124,4758779,17401,12418,30050
PADE_12F1180_0220_12162020_14.qgd,41973,3086853,-----,285445,5983668,45421,30342,204616,34422,229084,592888,848411,447525,330568,-----,52649,27456,10782436,79044,281631,0,27846,119291,33574,8034164,24692,19668,24408
POPL_15F1420_0221_12162020_15.qgd,15227,95114,-----,34247,7389322,38436,-----,1940,17185,1733,-----,672402,199470,150510,-----,541531,33198,11382062,47398,33343,0,16993,860625,76684,6669352,-----,16425,4238
RHLA_11F1043_0222_12162020_16.qgd,15903,380896,-----,63499,4029925,26944,-----,1442,25622,4120,-----,668396,97825,647264,-----,146197,35611,12350163,20103,11832,0,14547,263355,-----,2112125,12212,2639,803
TRAN_11F1023_0223_12162020_18.qgd,36892,763027,-----,116227,6441085,8639,-----,11157,41571,35143,38586,779256,114305,17976,-----,30251,11215,11846866,9180,10875,0,16475,3038447,-----,756083,-----,-----,6164
ADUT_15F1491_0225_12172020_7.qgd,15075,1605017,3760,62450,2747454,30959,-----,25586,16781,3111,-----,566717,294414,7326,-----,919651,7196,11235737,568215,804482,0,50333,544645,8224,964475,24914,-----,561
ASCR_14F1383_0251_12172020_22.qgd,19698,1067075,3450,113821,4833974,262007,-----,10074,20397,2635,-----,162936,86517,15089,-----,9897,2176,9380992,10416,-----,0,4460,3579436,-----,1404525,5043,-----,-----
ASMI_XXF0834_0249_12172020_21.qgd,57418,13024881,24599,437218,13006145,293002,17109,219440,195811,25204,58695,425052,11962420,74138,-----,3350629,330485,11448250,4001745,5784347,0,155277,5430340,494095,8957179,202146,4466,-----
CYOB_12F1101_0238_12172020_14.qgd,18160,255098,-----,242408,8708111,221180,7374,18181,56906,21037,26239,900468,450610,271702,24221,41763,142055,10128037,5028,47942,0,45430,986212,-----,2638028,3675,2157,-----
DEAN_12F1198_0253_12172020_23.qgd,8898,4753106,14889,95353,5903872,374196,4654,195316,32524,15087,18558,572304,1953258,17987,27469,1135553,103495,9989177,1649120,4606090,0,353586,3794350,95795,4676307,5404,-----,-----
DEAP_07F0545_0227_12172020_8.qgd,41149,4575828,8694,245432,9562898,302098,15953,180632,120854,195269,166372,1256635,2119828,66002,58565,2203689,298631,10682504,3566487,5276017,0,630377,6553926,441825,6046049,12406,-----,230360
DEAP_12F1092_0240_12172020_15.qgd,14635,1357492,22562,110209,5418255,1132432,88081,100771,54269,156675,587562,859471,820834,66156,27020,226847,39597,10395153,1406951,1972334,0,595351,3071343,119865,2612402,12005,954399,1767
GECO_12F1079_0229_12172020_9.qgd,40092,732954,-----,80141,5541619,451339,7362,27248,17622,35304,12122,608698,203920,128899,3441,192437,11466,10822269,35189,9481,0,10163,2318373,609,2016349,-----,3839,22592
GISK_12F1169_0255_12172020_24.qgd,16749,613244,1463,88116,6552924,73661,-----,2347,25014,1600,-----,175017,93238,6910,-----,19835,3754,9385154,6802,-----,0,2205,2518183,-----,482239,-----,-----,-----
GYAN_12F1206_0242_12172020_16.qgd,11071,209097,-----,65636,2598420,94727,991,2567,13990,2332,1917,263089,115260,12802,-----,35164,1993,8631316,10041,6609,0,5634,872235,-----,653060,-----,-----,4229
GYAN_14F1388_0257_12172020_25.qgd,9233,452799,-----,102662,4783953,229907,1883,3542,14717,2493,1822,156406,255345,30171,-----,67372,2645,9063651,10067,4264,0,3246,1719508,-----,1356890,-----,2419,4050
HYSP_05F0292_0231_12172020_10.qgd,55343,970969,-----,356114,12036964,187826,4883,15914,118855,45522,25655,1126503,428625,215153,-----,745160,69926,11683009,11553,7235,0,15456,2119361,-----,5584320,-----,3193,10875
HYSP_08F0700_0248_12172020_20.qgd,25499,797174,-----,220964,10573252,344428,3338,34716,79006,61322,64868,644044,252538,286921,-----,661391,22688,9740143,18595,12230,0,7876,1783127,3310,5601654,-----,4252,19069
LAAN_14F1209_0244_12172020_18.qgd,37670,708660,-----,40902,5519580,707610,34019,154316,13078,655474,286843,420040,124142,703914,-----,634639,18810,10688281,3743806,101247,0,10078,273901,13125,2074304,-----,30316,42538
PAPL_12F1081_0233_12172020_11.qgd,342889,235874,-----,65911,5455572,512527,4058,10164,26010,26387,15260,523941,334977,406126,-----,116382,2399,10632980,10563,8706,0,10296,866657,-----,2392830,-----,11724,22442
PASA_12F1185_0259_12172020_26.qgd,44935,677780,-----,119648,7115671,779901,-----,12656,34262,28466,17794,410204,324992,183823,1544,29079,21794,9971076,16041,14791,0,5930,3137991,2675,757625,3524,14477,31568
PIPL_11F1044_0246_12172020_19.qgd,20163,670994,-----,139226,9317426,529026,20598,78134,22333,279935,221641,562036,534164,1205429,2270,97023,29250,11057266,13562,19813,0,9728,1044601,4840,3909774,-----,5280,22536
RHLA_11F1048_0235_12172020_12.qgd,18751,489736,-----,75738,4754564,118008,-----,2852,-----,4483,-----,618638,182072,681583,-----,169983,40709,10628506,10587,6834,0,10160,399035,6351,2889807,12686,4037,6577
ASMI_XXF0832_0226_5132021_15.qgd,19415,7044729,8643,196968,7769210,275037,10555,177644,84483,23969,88053,315469,6585104,37485,-----,1773096,139174,9244895,2600874,4355673,0,74254,3466335,377764,6440627,141636,4366,-----
BACA_12F1116_0264_5132021_9.qgd,14341,920999,1470,86470,4782906,270245,5604,39251,46690,70018,75321,575881,169480,104994,-----,51336,10103,9302110,41047,62817,0,11001,690896,12501,3427458,4995,28351,248285
CORA_12F1201_0270_5132021_12.qgd,278405,492084,-----,55441,5081038,26488,-----,2507,20918,2247,7963,202699,141949,157744,-----,115410,65441,8952646,3092,-----,0,5177,1766195,-----,4393504,6099,6979,-----
DEAN_11F1052_0228_5132021_16.qgd,13528,5961203,30130,122087,10104508,934999,6168,218575,41119,16086,15920,1268451,4402997,8866,39290,2268203,204329,9052262,1366232,2897067,0,739452,3920794,160330,5465539,5817,-----,-----
DEAP_12F1144_0266_5132021_10.qgd,10254,3358221,3484,83589,7223361,872474,30077,395511,47429,420104,823488,586981,1916810,60723,51476,1040757,119812,10105749,2020491,2935594,0,427292,4382581,298239,6284067,13300,20751,21966
GISK_12F1159_0230_5132021_17.qgd,14648,109542,-----,26540,1671919,58708,-----,4104,8723,6109,9640,273893,101083,16650,-----,7364,4114,8088358,2974,3122,0,6677,391265,-----,857022,-----,764,-----
GISK_14F1293_0271_5132021_13.qgd,6527,67334,-----,22402,1251637,25449,-----,-----,8937,-----,-----,133701,98031,10145,-----,6376,-----,8858289,-----,-----,0,4179,381374,-----,624551,-----,-----,-----
HYSP_10F0854_0268_5132021_11.qgd,10646,400536,-----,79448,6562897,90623,-----,5652,29727,11650,6540,253648,191853,130561,-----,395594,12780,9217741,10140,4298,0,6019,1442448,-----,3015772,-----,4128,4776
TRAN_15F1500_0262_5132021_8.qgd,23523,588513,-----,90820,9415892,42739,-----,3105,38463,3434,-----,301327,87809,24195,-----,31084,10176,7564820,8751,2197,0,4864,6910833,2511,902947,2026,1015,9112
ASCR_14F1382_0263_5142021_25.qgd,15292,709413,-----,87945,4071870,247995,2534,9118,21246,1682,-----,148529,149752,22210,-----,17687,-----,9099378,8410,769,0,6631,3849701,-----,1536746,6350,-----,-----
ASMI_XXF0833_0237_5142021_33.qgd,31191,10453814,14918,245183,10386063,249168,11972,203833,121299,22081,40575,295276,9835586,38741,-----,3022287,295033,9044925,3991156,5312053,0,109345,5271889,439737,9056946,196976,5471,-----
CORA_12F1200_0254_5142021_18.qgd,299048,448500,570,55642,5488955,17031,-----,1175,20972,1727,-----,140175,110030,135194,-----,83619,25003,8082120,3174,-----,0,4016,2680999,-----,4248251,14458,7607,-----
CYJA_14F1349_0189_5142021_22.qgd,4138,976591,-----,60686,5975638,250332,1342,35330,49308,-----,-----,239408,1054784,3446,13106,900167,49630,8518828,1730037,1021280,0,172687,3930341,-----,2117231,93602,51234,-----
CYOB_12F1164_0265_5142021_13.qgd,10505,178320,958,140505,7471408,277963,7604,22336,27007,36705,40477,209743,356576,202635,18786,40290,134883,9171539,21537,80784,0,26414,985568,-----,2270228,2481,3925,8863
CYOB_12F1193_0250_5142021_16.qgd,6746,132682,-----,152893,7664090,183093,5822,12283,25627,16713,19851,155938,372929,205063,19107,36162,106722,8209494,6597,35654,0,23641,967215,372,2486306,2341,2251,5051
DEAN_12F1175_0267_5142021_14.qgd,5634,2177027,4379,35304,2329254,77950,-----,30779,12406,6128,9895,247936,826649,3689,33473,325567,31140,9173376,663705,1427957,0,140219,3129117,51598,2213419,2773,-----,-----
DEAN_12F1199_0241_5142021_17.qgd,8658,3366515,8201,51171,3329763,283926,6783,153972,21329,53982,79878,366106,1006664,18372,22780,639376,89057,8062696,1549336,4241745,0,193276,3466916,107370,4387090,4222,1998,-----
DEAP_08F0624_0190_5142021_8.qgd,9598,3094085,3171,65906,7223743,1316274,24037,234640,37934,306383,430032,487406,1867051,12943,50186,1471561,173243,11068116,3099609,4834723,0,462730,6188949,352997,6922126,11694,1450,23254
DEAP_09F0728_0269_5142021_9.qgd,11095,3534116,5978,77772,7487702,1282955,26436,233004,34018,300260,647538,753233,1807213,45342,35458,1195280,90272,9327380,1911773,2485073,0,529278,4692737,277419,5319503,16223,1807,49387
DEAP_14F1390_0252_5142021_27.qgd,3274,767073,14639,35608,2659514,725080,38466,71476,15922,76992,313110,270719,465348,21410,22116,120128,25394,7177400,678613,960259,0,237168,2044899,52235,1612942,5681,571000,-----
DEPU_15F1405_0239_5142021_29.qgd,352652,1424979,-----,131003,6438481,220412,-----,19194,30960,13628,8925,351577,376361,151034,-----,309280,12320,7602762,10772,3642,0,6268,1230313,-----,4322477,-----,2976,8334
GECO_12F1098_0256_5142021_11.qgd,14750,393638,-----,30309,3454736,272649,4037,17350,5133,27758,16674,177118,90718,74968,1004,102583,7261,8042450,36398,23318,0,4806,1682386,-----,1653843,-----,11734,12811
HYSP_14F1393_0243_5142021_28.qgd,9556,395379,-----,93782,6898705,32378,-----,2082,30805,2940,2240,279954,246164,95181,-----,347242,17021,7607955,9194,2771,0,7164,1109520,-----,3877691,-----,3041,-----
MYSM_14F1291_0232_5142021_19.qgd,14053,375229,5643,48307,6725482,34825,-----,1923,14962,6178,-----,317814,90825,516275,-----,151865,23923,6778246,6950,4143,0,7034,1972169,-----,5384621,7486,9157,-----
PADE_12F1179_0208_5142021_15.qgd,8521,2195618,-----,146399,4237896,295221,-----,24750,13643,17924,69537,187766,370723,230880,-----,16728,-----,10006917,9499,49893,0,8342,76417,-----,8955492,20565,10673,-----
PAOR_14F1318_0245_5142021_21.qgd,9743,58221,-----,14694,1363873,43981,-----,1738,8204,-----,-----,153673,69625,4849,-----,10891,-----,7252023,3014,-----,0,3706,256479,-----,856450,-----,-----,-----
PAOR_14F1387_0258_5142021_26.qgd,14097,118845,-----,40824,3026872,100078,-----,1548,15901,-----,-----,165998,192494,16863,-----,21003,-----,8276640,4074,-----,0,4103,674819,-----,2065986,2201,-----,-----
PIPL_11F1059_0260_5142021_10.qgd,41651,544402,-----,123349,8657250,433583,10720,42194,21126,147996,93993,360630,465492,1272467,-----,93567,26241,8629943,25913,32233,0,11404,1082614,-----,3797721,5726,27645,35523
POPL_15F1418_0234_5142021_30.qgd,9022,37400,1210,14014,3148271,29991,-----,1442,5623,-----,-----,303135,52581,53149,-----,153050,7111,7671590,6770,3704,0,6170,319473,9073,3367778,-----,5618,-----
POPL_15F1421_0209_5142021_31.qgd,6072,31638,-----,14234,6534959,257498,-----,1660,6659,-----,-----,205766,118495,115320,-----,386817,19459,8930516,15557,10602,0,3562,660835,57036,7674972,-----,18496,-----
SYAU_14F1357_0247_5142021_23.qgd,8528,1437213,-----,71781,4203653,751375,20598,132727,50565,333714,137473,439990,465746,84092,7317,532390,65481,8166969,1818732,2398066,0,36034,2005014,320102,3055140,10255,24419,320933
SYAU_14F1358_0261_5142021_24.qgd,9603,2630636,-----,177175,6289663,705580,25284,151998,115189,290193,137705,809865,747627,145164,10412,1207311,152579,9237015,3237284,4764052,0,54138,3676806,662514,4668935,16276,49612,275547
TRAN_12F1100_0236_5142021_12.qgd,19115,462319,3792,78612,7715125,59077,-----,1963,33339,2788,-----,461883,136027,17288,-----,42144,-----,8125129,8760,787,0,6896,4714508,-----,1602809,-----,-----,-----
ANTSEA_037_GECO.qgd,227813,973081,-----,54665,3792538,97958,1734,10552,11334,9638,20990,137071,241516,54172,9649,125233,10531,10217886,4172,2661,0,4322,615168,1728,1410082,-----,-----,-----
ANTSEA_038_GECO.qgd,141621,839736,-----,63204,3331010,96652,1389,9637,12674,9989,13143,140694,185375,58500,6225,105046,6688,10907570,4648,1067,0,3876,363388,-----,745583,-----,-----,-----
ANTSEA_039_GECO.qgd,405382,1597534,-----,99254,5303575,204498,3136,24252,15251,18304,71404,172228,348302,91365,32197,156437,21129,11195911,6196,4120,0,3688,828636,2817,2344630,-----,-----,-----
